 0
LINE
 8
UNIFILAR
 6
CONTINUOUS
 62
30
10
22.858292
20
7.722758
30
0
11
22.858292
21
7.722758
31
2.5
 0
LINE
 8
UNIFILAR
 6
CONTINUOUS
 62
30
10
22.858292
20
7.722758
30
0
11
22.858292
21
7.722758
31
2.5
 0
TEXT
 8
TEXTO_RAMAS
 6
CONTINUOUS
 62
30
10
22.843292
20
7.722758
30
1.25
11
22.843292
21
7.722758
31
1.25
 1
5 Ø3/4"
 7
ROMANS
 40
0.059995
 41
1
 50
90
 72
1
 73
0
 0
TEXT
 8
TEXTO_RAMAS
 6
CONTINUOUS
 62
30
10
22.873292
20
7.722758
30
1.25
11
22.873292
21
7.722758
31
1.25
 1
Acero
 7
ROMANS
 40
0.059995
 41
1
 50
90
 72
1
 73
3
 0
LINE
 8
UNIFILAR
 6
CONTINUOUS
 62
30
10
22.872292
20
7.772758
30
1.2
11
22.858292
21
7.722758
31
1.25
 0
LINE
 8
UNIFILAR
 6
CONTINUOUS
 62
30
10
22.844292
20
7.772758
30
1.2
11
22.858292
21
7.722758
31
1.25
 0
LINE
 8
UNIFILAR
 6
CONTINUOUS
 62
30
10
22.858555
20
11.16916
30
0
11
22.858292
21
11.17041
31
2.5
 0
LINE
 8
UNIFILAR
 6
CONTINUOUS
 62
30
10
22.858555
20
11.16916
30
0
11
22.858292
21
11.17041
31
2.5
 0
TEXT
 8
TEXTO_RAMAS
 6
CONTINUOUS
 62
30
10
22.873102
20
11.172876
30
1.25
11
22.873102
21
11.172876
31
1.25
 1
82 Ø3/4"
 7
ROMANS
 40
0.059995
 41
1
 50
281.890027
 72
1
 73
0
 0
TEXT
 8
TEXTO_RAMAS
 6
CONTINUOUS
 62
30
10
22.843746
20
11.166695
30
1.25
11
22.843746
21
11.166695
31
1.25
 1
Acero
 7
ROMANS
 40
0.059995
 41
1
 50
281.890027
 72
1
 73
3
 0
LINE
 8
UNIFILAR
 6
CONTINUOUS
 62
30
10
22.855026
20
11.117973
30
1.2
11
22.858424
21
11.169785
31
1.25
 0
LINE
 8
UNIFILAR
 6
CONTINUOUS
 62
30
10
22.882425
20
11.123742
30
1.2
11
22.858424
21
11.169785
31
1.25
 0
LINE
 8
UNIFILAR
 6
CONTINUOUS
 62
30
10
22.858292
20
7.722758
30
2.5
11
22.858292
21
7.722758
31
5.1
 0
LINE
 8
UNIFILAR
 6
CONTINUOUS
 62
30
10
22.858292
20
7.722758
30
2.5
11
22.858292
21
7.722758
31
5.1
 0
TEXT
 8
TEXTO_RAMAS
 6
CONTINUOUS
 62
30
10
22.843292
20
7.722758
30
3.8
11
22.843292
21
7.722758
31
3.8
 1
20 Ø3/4"
 7
ROMANS
 40
0.059995
 41
1
 50
90
 72
1
 73
0
 0
TEXT
 8
TEXTO_RAMAS
 6
CONTINUOUS
 62
30
10
22.873292
20
7.722758
30
3.8
11
22.873292
21
7.722758
31
3.8
 1
Acero
 7
ROMANS
 40
0.059995
 41
1
 50
90
 72
1
 73
3
 0
LINE
 8
UNIFILAR
 6
CONTINUOUS
 62
30
10
22.872292
20
7.772758
30
3.75
11
22.858292
21
7.722758
31
3.8
 0
LINE
 8
UNIFILAR
 6
CONTINUOUS
 62
30
10
22.844292
20
7.772758
30
3.75
11
22.858292
21
7.722758
31
3.8
 0
LINE
 8
UNIFILAR
 6
CONTINUOUS
 62
30
10
22.858292
20
11.17041
30
2.5
11
22.858292
21
11.17041
31
5.1
 0
LINE
 8
UNIFILAR
 6
CONTINUOUS
 62
30
10
22.858292
20
11.17041
30
2.5
11
22.858292
21
11.17041
31
5.1
 0
TEXT
 8
TEXTO_RAMAS
 6
CONTINUOUS
 62
30
10
22.843292
20
11.17041
30
3.8
11
22.843292
21
11.17041
31
3.8
 1
97 Ø3/4"
 7
ROMANS
 40
0.059995
 41
1
 50
90
 72
1
 73
0
 0
TEXT
 8
TEXTO_RAMAS
 6
CONTINUOUS
 62
30
10
22.873292
20
11.17041
30
3.8
11
22.873292
21
11.17041
31
3.8
 1
Acero
 7
ROMANS
 40
0.059995
 41
1
 50
90
 72
1
 73
3
 0
LINE
 8
UNIFILAR
 6
CONTINUOUS
 62
30
10
22.872292
20
11.22041
30
3.75
11
22.858292
21
11.17041
31
3.8
 0
LINE
 8
UNIFILAR
 6
CONTINUOUS
 62
30
10
22.844292
20
11.22041
30
3.75
11
22.858292
21
11.17041
31
3.8
 0
LINE
 8
UNIFILAR
 6
CONTINUOUS
 62
30
10
22.858292
20
11.17041
30
10.3
11
22.858292
21
11.17041
31
12.9
 0
LINE
 8
UNIFILAR
 6
CONTINUOUS
 62
30
10
22.858292
20
11.17041
30
10.3
11
22.858292
21
11.17041
31
12.9
 0
TEXT
 8
TEXTO_RAMAS
 6
CONTINUOUS
 62
30
10
22.843292
20
11.17041
30
11.6
11
22.843292
21
11.17041
31
11.6
 1
142 Ø3/4"
 7
ROMANS
 40
0.059995
 41
1
 50
90
 72
1
 73
0
 0
TEXT
 8
TEXTO_RAMAS
 6
CONTINUOUS
 62
30
10
22.873292
20
11.17041
30
11.6
11
22.873292
21
11.17041
31
11.6
 1
Acero
 7
ROMANS
 40
0.059995
 41
1
 50
90
 72
1
 73
3
 0
LINE
 8
UNIFILAR
 6
CONTINUOUS
 62
30
10
22.872292
20
11.22041
30
11.55
11
22.858292
21
11.17041
31
11.6
 0
LINE
 8
UNIFILAR
 6
CONTINUOUS
 62
30
10
22.844292
20
11.22041
30
11.55
11
22.858292
21
11.17041
31
11.6
 0
LINE
 8
UNIFILAR
 6
CONTINUOUS
 62
30
10
22.858292
20
7.722758
30
10.3
11
22.858292
21
7.722758
31
12.9
 0
LINE
 8
UNIFILAR
 6
CONTINUOUS
 62
30
10
22.858292
20
7.722758
30
10.3
11
22.858292
21
7.722758
31
12.9
 0
TEXT
 8
TEXTO_RAMAS
 6
CONTINUOUS
 62
30
10
22.843292
20
7.722758
30
11.6
11
22.843292
21
7.722758
31
11.6
 1
65 Ø3/4"
 7
ROMANS
 40
0.059995
 41
1
 50
90
 72
1
 73
0
 0
TEXT
 8
TEXTO_RAMAS
 6
CONTINUOUS
 62
30
10
22.873292
20
7.722758
30
11.6
11
22.873292
21
7.722758
31
11.6
 1
Acero
 7
ROMANS
 40
0.059995
 41
1
 50
90
 72
1
 73
3
 0
LINE
 8
UNIFILAR
 6
CONTINUOUS
 62
30
10
22.872292
20
7.772758
30
11.55
11
22.858292
21
7.722758
31
11.6
 0
LINE
 8
UNIFILAR
 6
CONTINUOUS
 62
30
10
22.844292
20
7.772758
30
11.55
11
22.858292
21
7.722758
31
11.6
 0
LINE
 8
UNIFILAR
 6
CONTINUOUS
 62
30
10
22.858292
20
11.17041
30
7.7
11
22.858292
21
11.17041
31
10.3
 0
LINE
 8
UNIFILAR
 6
CONTINUOUS
 62
30
10
22.858292
20
11.17041
30
7.7
11
22.858292
21
11.17041
31
10.3
 0
TEXT
 8
TEXTO_RAMAS
 6
CONTINUOUS
 62
30
10
22.843292
20
11.17041
30
9
11
22.843292
21
11.17041
31
9
 1
127 Ø3/4"
 7
ROMANS
 40
0.059995
 41
1
 50
90
 72
1
 73
0
 0
TEXT
 8
TEXTO_RAMAS
 6
CONTINUOUS
 62
30
10
22.873292
20
11.17041
30
9
11
22.873292
21
11.17041
31
9
 1
Acero
 7
ROMANS
 40
0.059995
 41
1
 50
90
 72
1
 73
3
 0
LINE
 8
UNIFILAR
 6
CONTINUOUS
 62
30
10
22.844292
20
11.12041
30
8.95
11
22.858292
21
11.17041
31
9
 0
LINE
 8
UNIFILAR
 6
CONTINUOUS
 62
30
10
22.872292
20
11.12041
30
8.95
11
22.858292
21
11.17041
31
9
 0
LINE
 8
UNIFILAR
 6
CONTINUOUS
 62
30
10
22.858292
20
7.722758
30
7.7
11
22.858292
21
7.722758
31
10.3
 0
LINE
 8
UNIFILAR
 6
CONTINUOUS
 62
30
10
22.858292
20
7.722758
30
7.7
11
22.858292
21
7.722758
31
10.3
 0
TEXT
 8
TEXTO_RAMAS
 6
CONTINUOUS
 62
30
10
22.843292
20
7.722758
30
9
11
22.843292
21
7.722758
31
9
 1
50 Ø3/4"
 7
ROMANS
 40
0.059995
 41
1
 50
90
 72
1
 73
0
 0
TEXT
 8
TEXTO_RAMAS
 6
CONTINUOUS
 62
30
10
22.873292
20
7.722758
30
9
11
22.873292
21
7.722758
31
9
 1
Acero
 7
ROMANS
 40
0.059995
 41
1
 50
90
 72
1
 73
3
 0
LINE
 8
UNIFILAR
 6
CONTINUOUS
 62
30
10
22.872292
20
7.772758
30
8.95
11
22.858292
21
7.722758
31
9
 0
LINE
 8
UNIFILAR
 6
CONTINUOUS
 62
30
10
22.844292
20
7.772758
30
8.95
11
22.858292
21
7.722758
31
9
 0
LINE
 8
UNIFILAR
 6
CONTINUOUS
 62
30
10
22.858292
20
11.17041
30
5.1
11
22.858292
21
11.17041
31
7.7
 0
LINE
 8
UNIFILAR
 6
CONTINUOUS
 62
30
10
22.858292
20
11.17041
30
5.1
11
22.858292
21
11.17041
31
7.7
 0
TEXT
 8
TEXTO_RAMAS
 6
CONTINUOUS
 62
30
10
22.843292
20
11.17041
30
6.4
11
22.843292
21
11.17041
31
6.4
 1
112 Ø3/4"
 7
ROMANS
 40
0.059995
 41
1
 50
90
 72
1
 73
0
 0
TEXT
 8
TEXTO_RAMAS
 6
CONTINUOUS
 62
30
10
22.873292
20
11.17041
30
6.4
11
22.873292
21
11.17041
31
6.4
 1
Acero
 7
ROMANS
 40
0.059995
 41
1
 50
90
 72
1
 73
3
 0
LINE
 8
UNIFILAR
 6
CONTINUOUS
 62
30
10
22.872292
20
11.22041
30
6.35
11
22.858292
21
11.17041
31
6.4
 0
LINE
 8
UNIFILAR
 6
CONTINUOUS
 62
30
10
22.844292
20
11.22041
30
6.35
11
22.858292
21
11.17041
31
6.4
 0
LINE
 8
UNIFILAR
 6
CONTINUOUS
 62
30
10
22.858292
20
7.722758
30
5.1
11
22.858292
21
7.722758
31
7.7
 0
LINE
 8
UNIFILAR
 6
CONTINUOUS
 62
30
10
22.858292
20
7.722758
30
5.1
11
22.858292
21
7.722758
31
7.7
 0
TEXT
 8
TEXTO_RAMAS
 6
CONTINUOUS
 62
30
10
22.843292
20
7.722758
30
6.4
11
22.843292
21
7.722758
31
6.4
 1
35 Ø3/4"
 7
ROMANS
 40
0.059995
 41
1
 50
90
 72
1
 73
0
 0
TEXT
 8
TEXTO_RAMAS
 6
CONTINUOUS
 62
30
10
22.873292
20
7.722758
30
6.4
11
22.873292
21
7.722758
31
6.4
 1
Acero
 7
ROMANS
 40
0.059995
 41
1
 50
90
 72
1
 73
3
 0
LINE
 8
UNIFILAR
 6
CONTINUOUS
 62
30
10
22.872292
20
7.772758
30
6.35
11
22.858292
21
7.722758
31
6.4
 0
LINE
 8
UNIFILAR
 6
CONTINUOUS
 62
30
10
22.844292
20
7.772758
30
6.35
11
22.858292
21
7.722758
31
6.4
 0
SECTION
 2
HEADER
 9
$ACADVER
 1
AC1004
 9
$EXTMIN
 10
16.305067
 20
1.477511
 9
$EXTMAX
 10
23.566179
 20
14.14541
 9
$LTSCALE
 40
0.5
 0
ENDSEC
 0
SECTION
 2
TABLES
 0
TABLE
 2
LTYPE
 70
2
 0
LTYPE
 2
CONTINUOUS
 70
64
 3
Solid line
 72
65
 73
0
 40
0.0
 0
LTYPE
 2
TRAZOS
 70
64
 3
TRAZOS__ __ __ __ __ __ __ __ __ __ __ __ __ _
 72
65
 73
4
 40
0.75
 49
0.5
 49
-0.25
 49
0.0
 49
0.0
 0
LTYPE
 2
PUNTOS
 70
64
 3
PUNTOS . . . . . . . . . . . . . . . . . . . .
 72
65
 73
2
 40
0.75
 49
0.0
 49
-0.75
 0
LTYPE
 2
TRAZO_PUNTO
 70
64
 3
TRAZOS_PUNTO__ . __ . __ . __ . __ . __ . __ . __
 72
65
 73
4
 40
1.0
 49
0.5
 49
-0.25
 49
0.0
 49
-0.25
 0
LTYPE
 2
TRAZO_PUNTO2
 70
64
 3
TRAZOS_PUNTO2__ . . __ . . __ . . __ . . __ . . __
 72
65
 73
6
 40
1.25
 49
0.5
 49
-0.25
 49
0.0
 49
-0.25
 49
0.0
 49
-0.25
 0
ENDTAB
 0
TABLE
 2
LAYER
 70
1
 0
LAYER
 2
0
 70
0
 62
7
 6
CONTINUOUS
 0
LAYER
 2
UNIFILAR
 70
0
 62
7
 6
CONTINUOUS
 0
LAYER
 2
TEXTO_NUDOS
 70
0
 62
7
 6
CONTINUOUS
 0
LAYER
 2
TEXTO_RAMAS
 70
0
 62
7
 6
CONTINUOUS
 0
LAYER
 2
SIMBOLOGIA_GRAFICA
 70
0
 62
7
 6
CONTINUOUS
 0
ENDTAB
 0
TABLE
 2
STYLE
 0
STYLE
 2
ROMANS
 70
0
 40
2.5
 41
1
 50
0
 71
0
 42
2.5
 3
Romans
 4

 0
ENDTAB
 0
ENDSEC
 0
SECTION
 2
BLOCKS
 0
BLOCK
 8
SIMBOLOGIA_GRAFICA
 6
CONTINUOUS
 62
30
 2
CONEXION_RED_GAS
 70
0
10
0
20
0
30
0
 3
CONEXION_RED_GAS
 1

 0
CIRCLE
 8
0
 6
CONTINUOUS
 62
0
10
0
20
0
30
0
 40
1.5
 0
LINE
 8
0
 6
CONTINUOUS
 62
0
10
-1.5
20
0
30
0
11
-3.5
21
0
31
0
 0
LINE
 8
0
 6
CONTINUOUS
 62
0
10
-1.5
20
0
30
0
11
-2.8
21
0.8
31
0
 0
LINE
 8
0
 6
CONTINUOUS
 62
0
10
-1.5
20
0
30
0
11
-2.8
21
-0.8
31
0
 0
ENDBLK
 0
BLOCK
 8
0
 6
CONTINUOUS
 62
0
 2
APARATO_GAS
 70
0
10
0
20
0
30
0
 3
APARATO_GAS
 1

 0
LINE
 8
0
 6
CONTINUOUS
 62
0
10
-1.125
20
1.125
30
0
11
1.125
21
1.125
31
0
 0
LINE
 8
0
 6
CONTINUOUS
 62
0
10
1.125
20
-1.125
30
0
11
-1.125
21
-1.125
31
0
 0
TEXT
 8
0
 6
CONTINUOUS
 62
0
10
0
20
-0.5
30
0
11
0
21
-0.5
31
0
 1
G
 7
ROMANS
 40
1
 41
1
 50
0
 72
1
 73
0
 0
LINE
 8
0
 6
CONTINUOUS
 62
0
10
-1.125
20
-1.125
30
0
11
-1.125
21
1.125
31
0
 0
LINE
 8
0
 6
CONTINUOUS
 62
0
10
1.125
20
1.125
30
0
11
1.125
21
-1.125
31
0
 0
ENDBLK
 0
BLOCK
 8
0
 6
CONTINUOUS
 62
0
 2
NUDO_DERIVACION_GAS
 70
0
10
0
20
0
30
0
 3
NUDO_DERIVACION_GAS
 1

 0
SOLID
 8
0
 6
CONTINUOUS
 62
0
10
0.75
20
0
30
0
11
0.746253
21
0.074875
31
0
13
0.737451
23
-0.136622
33
0
12
0.747407
22
-0.062317
32
0
 0
SOLID
 8
0
 6
CONTINUOUS
 62
0
10
0.746253
20
0.074875
30
0
11
0.73505
21
0.149002
31
0
13
0.720128
23
-0.209562
33
0
12
0.737451
22
-0.136622
32
0
 0
SOLID
 8
0
 6
CONTINUOUS
 62
0
10
0.73505
20
0.149002
30
0
11
0.716502
21
0.22164
31
0
13
0.695609
23
-0.280407
33
0
12
0.720128
22
-0.209562
32
0
 0
SOLID
 8
0
 6
CONTINUOUS
 62
0
10
0.716502
20
0.22164
30
0
11
0.690796
21
0.292064
31
0
13
0.66414
23
-0.348452
33
0
12
0.695609
22
-0.280407
32
0
 0
SOLID
 8
0
 6
CONTINUOUS
 62
0
10
0.690796
20
0.292064
30
0
11
0.658187
21
0.359569
31
0
13
0.626035
23
-0.413014
33
0
12
0.66414
22
-0.348452
32
0
 0
SOLID
 8
0
 6
CONTINUOUS
 62
0
10
0.658187
20
0.359569
30
0
11
0.619002
21
0.423482
31
0
13
0.581674
23
-0.47345
33
0
12
0.626035
22
-0.413014
32
0
 0
SOLID
 8
0
 6
CONTINUOUS
 62
0
10
0.619002
20
0.423482
30
0
11
0.573632
21
0.483163
31
0
13
0.531502
23
-0.529155
33
0
12
0.581674
22
-0.47345
32
0
 0
SOLID
 8
0
 6
CONTINUOUS
 62
0
10
0.573632
20
0.483163
30
0
11
0.52253
21
0.538017
31
0
13
0.47602
23
-0.579573
33
0
12
0.531502
22
-0.529155
32
0
 0
SOLID
 8
0
 6
CONTINUOUS
 62
0
10
0.52253
20
0.538017
30
0
11
0.466207
21
0.587495
31
0
13
0.415781
23
-0.624201
33
0
12
0.47602
22
-0.579573
32
0
 0
SOLID
 8
0
 6
CONTINUOUS
 62
0
10
0.466207
20
0.587495
30
0
11
0.405227
21
0.631103
31
0
13
0.351388
23
-0.662591
33
0
12
0.415781
22
-0.624201
32
0
 0
SOLID
 8
0
 6
CONTINUOUS
 62
0
10
0.405227
20
0.631103
30
0
11
0.340197
21
0.668406
31
0
13
0.283483
23
-0.694361
33
0
12
0.351388
22
-0.662591
32
0
 0
SOLID
 8
0
 6
CONTINUOUS
 62
0
10
0.340197
20
0.668406
30
0
11
0.271768
21
0.699029
31
0
13
0.212747
23
-0.719193
33
0
12
0.283483
22
-0.694361
32
0
 0
SOLID
 8
0
 6
CONTINUOUS
 62
0
10
0.271768
20
0.699029
30
0
11
0.200624
21
0.722669
31
0
13
0.139884
23
-0.736839
33
0
12
0.212747
22
-0.719193
32
0
 0
SOLID
 8
0
 6
CONTINUOUS
 62
0
10
0.200624
20
0.722669
30
0
11
0.127475
21
0.739087
31
0
13
0.065624
23
-0.747123
33
0
12
0.139884
22
-0.736839
32
0
 0
SOLID
 8
0
 6
CONTINUOUS
 62
0
10
0.127475
20
0.739087
30
0
11
0.053053
21
0.748121
31
0
13
-0.009291
23
-0.749942
33
0
12
0.065624
22
-0.747123
32
0
 0
SOLID
 8
0
 6
CONTINUOUS
 62
0
10
0.053053
20
0.748121
30
0
11
-0.0219
21
0.74968
31
0
13
-0.084114
23
-0.745268
33
0
12
-0.009291
22
-0.749942
32
0
 0
SOLID
 8
0
 6
CONTINUOUS
 62
0
10
-0.0219
20
0.74968
30
0
11
-0.096633
21
0.743749
31
0
13
-0.158097
23
-0.733148
33
0
12
-0.084114
22
-0.745268
32
0
 0
SOLID
 8
0
 6
CONTINUOUS
 62
0
10
-0.096633
20
0.743749
30
0
11
-0.170402
21
0.730386
31
0
13
-0.2305
23
-0.713702
33
0
12
-0.158097
22
-0.733148
32
0
 0
SOLID
 8
0
 6
CONTINUOUS
 62
0
10
-0.170402
20
0.730386
30
0
11
-0.242467
21
0.709725
31
0
13
-0.300599
23
-0.687124
33
0
12
-0.2305
22
-0.713702
32
0
 0
SOLID
 8
0
 6
CONTINUOUS
 62
0
10
-0.242467
20
0.709725
30
0
11
-0.31211
21
0.681973
31
0
13
-0.367696
23
-0.653682
33
0
12
-0.300599
22
-0.687124
32
0
 0
SOLID
 8
0
 6
CONTINUOUS
 62
0
10
-0.31211
20
0.681973
30
0
11
-0.378635
21
0.647407
31
0
13
-0.431118
23
-0.613708
33
0
12
-0.367696
22
-0.653682
32
0
 0
SOLID
 8
0
 6
CONTINUOUS
 62
0
10
-0.378635
20
0.647407
30
0
11
-0.441376
21
0.606372
31
0
13
-0.490233
23
-0.567602
33
0
12
-0.431118
22
-0.613708
32
0
 0
SOLID
 8
0
 6
CONTINUOUS
 62
0
10
-0.441376
20
0.606372
30
0
11
-0.499707
21
0.559279
31
0
13
-0.544449
23
-0.515825
33
0
12
-0.490233
22
-0.567602
32
0
 0
SOLID
 8
0
 6
CONTINUOUS
 62
0
10
-0.499707
20
0.559279
30
0
11
-0.553045
21
0.506597
31
0
13
-0.593226
23
-0.458893
33
0
12
-0.544449
22
-0.515825
32
0
 0
SOLID
 8
0
 6
CONTINUOUS
 62
0
10
-0.553045
20
0.506597
30
0
11
-0.600858
21
0.448854
31
0
13
-0.636075
23
-0.397377
33
0
12
-0.593226
22
-0.458893
32
0
 0
SOLID
 8
0
 6
CONTINUOUS
 62
0
10
-0.600858
20
0.448854
30
0
11
-0.642667
21
0.386626
31
0
13
-0.672569
23
-0.33189
33
0
12
-0.636075
22
-0.397377
32
0
 0
SOLID
 8
0
 6
CONTINUOUS
 62
0
10
-0.642667
20
0.386626
30
0
11
-0.678054
21
0.320535
31
0
13
-0.702343
23
-0.263087
33
0
12
-0.672569
22
-0.33189
32
0
 0
SOLID
 8
0
 6
CONTINUOUS
 62
0
10
-0.678054
20
0.320535
30
0
11
-0.706667
21
0.251241
31
0
13
-0.725099
23
-0.191656
33
0
12
-0.702343
22
-0.263087
32
0
 0
SOLID
 8
0
 6
CONTINUOUS
 62
0
10
-0.706667
20
0.251241
30
0
11
-0.728219
21
0.179437
31
0
13
-0.74061
23
-0.118309
33
0
12
-0.725099
22
-0.191656
32
0
 0
SOLID
 8
0
 6
CONTINUOUS
 62
0
10
-0.728219
20
0.179437
30
0
11
-0.742494
21
0.10584
31
0
13
-0.748721
23
-0.043781
33
0
12
-0.74061
22
-0.118309
32
0
 0
SOLID
 8
0
 6
CONTINUOUS
 62
0
10
-0.742494
20
0.10584
30
0
11
-0.749351
21
0.031185
31
0
13
-0.749351
23
0.031185
33
0
12
-0.748721
22
-0.043781
32
0
 0
ENDBLK
 0
BLOCK
 8
0
 6
CONTINUOUS
 62
0
 2
NUDO_PASO_GAS
 70
0
10
0
20
0
30
0
 3
NUDO_PASO_GAS
 1

 0
SOLID
 8
0
 6
CONTINUOUS
 62
0
10
0.75
20
0
30
0
11
0.746253
21
0.074875
31
0
13
0.737451
23
-0.136622
33
0
12
0.747407
22
-0.062317
32
0
 0
SOLID
 8
0
 6
CONTINUOUS
 62
0
10
0.746253
20
0.074875
30
0
11
0.73505
21
0.149002
31
0
13
0.720128
23
-0.209562
33
0
12
0.737451
22
-0.136622
32
0
 0
SOLID
 8
0
 6
CONTINUOUS
 62
0
10
0.73505
20
0.149002
30
0
11
0.716502
21
0.22164
31
0
13
0.695609
23
-0.280407
33
0
12
0.720128
22
-0.209562
32
0
 0
SOLID
 8
0
 6
CONTINUOUS
 62
0
10
0.716502
20
0.22164
30
0
11
0.690796
21
0.292064
31
0
13
0.66414
23
-0.348452
33
0
12
0.695609
22
-0.280407
32
0
 0
SOLID
 8
0
 6
CONTINUOUS
 62
0
10
0.690796
20
0.292064
30
0
11
0.658187
21
0.359569
31
0
13
0.626035
23
-0.413014
33
0
12
0.66414
22
-0.348452
32
0
 0
SOLID
 8
0
 6
CONTINUOUS
 62
0
10
0.658187
20
0.359569
30
0
11
0.619002
21
0.423482
31
0
13
0.581674
23
-0.47345
33
0
12
0.626035
22
-0.413014
32
0
 0
SOLID
 8
0
 6
CONTINUOUS
 62
0
10
0.619002
20
0.423482
30
0
11
0.573632
21
0.483163
31
0
13
0.531502
23
-0.529155
33
0
12
0.581674
22
-0.47345
32
0
 0
SOLID
 8
0
 6
CONTINUOUS
 62
0
10
0.573632
20
0.483163
30
0
11
0.52253
21
0.538017
31
0
13
0.47602
23
-0.579573
33
0
12
0.531502
22
-0.529155
32
0
 0
SOLID
 8
0
 6
CONTINUOUS
 62
0
10
0.52253
20
0.538017
30
0
11
0.466207
21
0.587495
31
0
13
0.415781
23
-0.624201
33
0
12
0.47602
22
-0.579573
32
0
 0
SOLID
 8
0
 6
CONTINUOUS
 62
0
10
0.466207
20
0.587495
30
0
11
0.405227
21
0.631103
31
0
13
0.351388
23
-0.662591
33
0
12
0.415781
22
-0.624201
32
0
 0
SOLID
 8
0
 6
CONTINUOUS
 62
0
10
0.405227
20
0.631103
30
0
11
0.340197
21
0.668406
31
0
13
0.283483
23
-0.694361
33
0
12
0.351388
22
-0.662591
32
0
 0
SOLID
 8
0
 6
CONTINUOUS
 62
0
10
0.340197
20
0.668406
30
0
11
0.271768
21
0.699029
31
0
13
0.212747
23
-0.719193
33
0
12
0.283483
22
-0.694361
32
0
 0
SOLID
 8
0
 6
CONTINUOUS
 62
0
10
0.271768
20
0.699029
30
0
11
0.200624
21
0.722669
31
0
13
0.139884
23
-0.736839
33
0
12
0.212747
22
-0.719193
32
0
 0
SOLID
 8
0
 6
CONTINUOUS
 62
0
10
0.200624
20
0.722669
30
0
11
0.127475
21
0.739087
31
0
13
0.065624
23
-0.747123
33
0
12
0.139884
22
-0.736839
32
0
 0
SOLID
 8
0
 6
CONTINUOUS
 62
0
10
0.127475
20
0.739087
30
0
11
0.053053
21
0.748121
31
0
13
-0.009291
23
-0.749942
33
0
12
0.065624
22
-0.747123
32
0
 0
SOLID
 8
0
 6
CONTINUOUS
 62
0
10
0.053053
20
0.748121
30
0
11
-0.0219
21
0.74968
31
0
13
-0.084114
23
-0.745268
33
0
12
-0.009291
22
-0.749942
32
0
 0
SOLID
 8
0
 6
CONTINUOUS
 62
0
10
-0.0219
20
0.74968
30
0
11
-0.096633
21
0.743749
31
0
13
-0.158097
23
-0.733148
33
0
12
-0.084114
22
-0.745268
32
0
 0
SOLID
 8
0
 6
CONTINUOUS
 62
0
10
-0.096633
20
0.743749
30
0
11
-0.170402
21
0.730386
31
0
13
-0.2305
23
-0.713702
33
0
12
-0.158097
22
-0.733148
32
0
 0
SOLID
 8
0
 6
CONTINUOUS
 62
0
10
-0.170402
20
0.730386
30
0
11
-0.242467
21
0.709725
31
0
13
-0.300599
23
-0.687124
33
0
12
-0.2305
22
-0.713702
32
0
 0
SOLID
 8
0
 6
CONTINUOUS
 62
0
10
-0.242467
20
0.709725
30
0
11
-0.31211
21
0.681973
31
0
13
-0.367696
23
-0.653682
33
0
12
-0.300599
22
-0.687124
32
0
 0
SOLID
 8
0
 6
CONTINUOUS
 62
0
10
-0.31211
20
0.681973
30
0
11
-0.378635
21
0.647407
31
0
13
-0.431118
23
-0.613708
33
0
12
-0.367696
22
-0.653682
32
0
 0
SOLID
 8
0
 6
CONTINUOUS
 62
0
10
-0.378635
20
0.647407
30
0
11
-0.441376
21
0.606372
31
0
13
-0.490233
23
-0.567602
33
0
12
-0.431118
22
-0.613708
32
0
 0
SOLID
 8
0
 6
CONTINUOUS
 62
0
10
-0.441376
20
0.606372
30
0
11
-0.499707
21
0.559279
31
0
13
-0.544449
23
-0.515825
33
0
12
-0.490233
22
-0.567602
32
0
 0
SOLID
 8
0
 6
CONTINUOUS
 62
0
10
-0.499707
20
0.559279
30
0
11
-0.553045
21
0.506597
31
0
13
-0.593226
23
-0.458893
33
0
12
-0.544449
22
-0.515825
32
0
 0
SOLID
 8
0
 6
CONTINUOUS
 62
0
10
-0.553045
20
0.506597
30
0
11
-0.600858
21
0.448854
31
0
13
-0.636075
23
-0.397377
33
0
12
-0.593226
22
-0.458893
32
0
 0
SOLID
 8
0
 6
CONTINUOUS
 62
0
10
-0.600858
20
0.448854
30
0
11
-0.642667
21
0.386626
31
0
13
-0.672569
23
-0.33189
33
0
12
-0.636075
22
-0.397377
32
0
 0
SOLID
 8
0
 6
CONTINUOUS
 62
0
10
-0.642667
20
0.386626
30
0
11
-0.678054
21
0.320535
31
0
13
-0.702343
23
-0.263087
33
0
12
-0.672569
22
-0.33189
32
0
 0
SOLID
 8
0
 6
CONTINUOUS
 62
0
10
-0.678054
20
0.320535
30
0
11
-0.706667
21
0.251241
31
0
13
-0.725099
23
-0.191656
33
0
12
-0.702343
22
-0.263087
32
0
 0
SOLID
 8
0
 6
CONTINUOUS
 62
0
10
-0.706667
20
0.251241
30
0
11
-0.728219
21
0.179437
31
0
13
-0.74061
23
-0.118309
33
0
12
-0.725099
22
-0.191656
32
0
 0
SOLID
 8
0
 6
CONTINUOUS
 62
0
10
-0.728219
20
0.179437
30
0
11
-0.742494
21
0.10584
31
0
13
-0.748721
23
-0.043781
33
0
12
-0.74061
22
-0.118309
32
0
 0
SOLID
 8
0
 6
CONTINUOUS
 62
0
10
-0.742494
20
0.10584
30
0
11
-0.749351
21
0.031185
31
0
13
-0.749351
23
0.031185
33
0
12
-0.748721
22
-0.043781
32
0
 0
ENDBLK
 0
BLOCK
 8
0
 6
CONTINUOUS
 62
0
 2
CONEXION_PLANTAS_GAS
 70
0
10
0
20
0
30
0
 3
CONEXION_PLANTAS_GAS
 1

 0
CIRCLE
 8
0
 6
CONTINUOUS
 62
0
10
-0.004736
20
-0.005671
30
0
 40
1.5
 0
SOLID
 8
0
 6
CONTINUOUS
 62
0
10
-1.069716
20
1.050651
30
0
11
-1.169852
21
0.939054
31
0
13
1.047775
23
-1.074419
33
0
12
-0.004736
22
-0.005671
32
0
 0
SOLID
 8
0
 6
CONTINUOUS
 62
0
10
-1.169852
20
0.939054
30
0
11
-1.258346
21
0.818016
31
0
13
1.0154
23
-1.105363
33
0
12
1.047775
22
-1.074419
32
0
 0
SOLID
 8
0
 6
CONTINUOUS
 62
0
10
-1.258346
20
0.818016
30
0
11
-1.334315
21
0.688749
31
0
13
0.900518
23
-1.201713
33
0
12
1.0154
22
-1.105363
32
0
 0
SOLID
 8
0
 6
CONTINUOUS
 62
0
10
-1.334315
20
0.688749
30
0
11
-1.396999
21
0.552544
31
0
13
0.77659
23
-1.286112
33
0
12
0.900518
22
-1.201713
32
0
 0
SOLID
 8
0
 6
CONTINUOUS
 62
0
10
-1.396999
20
0.552544
30
0
11
-1.445772
21
0.410761
31
0
13
0.644856
23
-1.357718
33
0
12
0.77659
22
-1.286112
32
0
 0
SOLID
 8
0
 6
CONTINUOUS
 62
0
10
-1.445772
20
0.410761
30
0
11
-1.480147
21
0.264817
31
0
13
0.506632
23
-1.415814
33
0
12
0.644856
22
-1.357718
32
0
 0
SOLID
 8
0
 6
CONTINUOUS
 62
0
10
-1.480147
20
0.264817
30
0
11
-1.499779
21
0.11617
31
0
13
0.363297
23
-1.459821
33
0
12
0.506632
22
-1.415814
32
0
 0
SOLID
 8
0
 6
CONTINUOUS
 62
0
10
-1.499779
20
0.11617
30
0
11
-1.504474
21
-0.033694
31
0
13
0.216286
23
-1.489298
33
0
12
0.363297
22
-1.459821
32
0
 0
SOLID
 8
0
 6
CONTINUOUS
 62
0
10
-1.504474
20
-0.033694
30
0
11
-1.494184
21
-0.183278
31
0
13
0.067066
23
-1.503952
33
0
12
0.216286
22
-1.489298
32
0
 0
SOLID
 8
0
 6
CONTINUOUS
 62
0
10
-1.494184
20
-0.183278
30
0
11
-1.469012
21
-0.331087
31
0
13
-0.082871
23
-1.503635
33
0
12
0.067066
22
-1.503952
32
0
 0
SOLID
 8
0
 6
CONTINUOUS
 62
0
10
-1.469012
20
-0.331087
30
0
11
-1.429209
21
-0.475645
31
0
13
-0.232027
23
-1.488351
33
0
12
-0.082871
22
-1.503635
32
0
 0
SOLID
 8
0
 6
CONTINUOUS
 62
0
10
-1.429209
20
-0.475645
30
0
11
-1.375174
21
-0.615507
31
0
13
-0.378913
23
-1.458252
33
0
12
-0.232027
22
-1.488351
32
0
 0
SOLID
 8
0
 6
CONTINUOUS
 62
0
10
-1.375174
20
-0.615507
30
0
11
-1.307445
21
-0.749276
31
0
13
-0.52206
23
-1.41364
33
0
12
-0.378913
22
-1.458252
32
0
 0
SOLID
 8
0
 6
CONTINUOUS
 62
0
10
-1.307445
20
-0.749276
30
0
11
-1.226701
21
-0.875615
31
0
13
-0.660037
23
-1.35496
33
0
12
-0.52206
22
-1.41364
32
0
 0
SOLID
 8
0
 6
CONTINUOUS
 62
0
10
-1.226701
20
-0.875615
30
0
11
-1.133746
21
-0.993262
31
0
13
-0.791468
23
-1.282798
33
0
12
-0.660037
22
-1.35496
32
0
 0
SOLID
 8
0
 6
CONTINUOUS
 62
0
10
-1.133746
20
-0.993262
30
0
11
-1.029511
21
-1.101041
31
0
13
-0.915037
23
-1.197876
33
0
12
-0.791468
22
-1.282798
32
0
 0
ENDBLK
 0
BLOCK
 8
0
 6
CONTINUOUS
 62
0
 2
LLAVE_PASO_GAS
 70
0
10
0
20
0
30
0
 3
LLAVE_PASO_GAS
 1

 0
LINE
 8
0
 6
CONTINUOUS
 62
0
10
-1.5
20
1.125
30
0
11
1.5
21
-1.125
31
0
 0
LINE
 8
0
 6
CONTINUOUS
 62
0
10
1.5
20
1.125
30
0
11
-1.5
21
-1.125
31
0
 0
LINE
 8
0
 6
CONTINUOUS
 62
0
10
-1.5
20
-1.125
30
0
11
-1.5
21
1.125
31
0
 0
LINE
 8
0
 6
CONTINUOUS
 62
0
10
1.5
20
-1.125
30
0
11
1.5
21
1.125
31
0
 0
ENDBLK
 0
BLOCK
 8
0
 6
CONTINUOUS
 62
0
 2
VALVULA_REG_PRESION_GAS
 70
0
10
0
20
0
30
0
 3
VALVULA_REG_PRESION_GAS
 1

 0
LINE
 8
0
 6
CONTINUOUS
 62
0
10
-1.50002
20
1.125
30
0
11
1.49998
21
0
31
0
 0
LINE
 8
0
 6
CONTINUOUS
 62
0
10
-1.50002
20
-1.125
30
0
11
1.49998
21
0
31
0
 0
LINE
 8
0
 6
CONTINUOUS
 62
0
10
1.49998
20
1.125
30
0
11
-1.50002
21
1.125
31
0
 0
LINE
 8
0
 6
CONTINUOUS
 62
0
10
-1.50002
20
-1.125
30
0
11
1.49998
21
-1.125
31
0
 0
LINE
 8
0
 6
CONTINUOUS
 62
0
10
-1.50002
20
1.125
30
0
11
-1.50002
21
-1.125
31
0
 0
LINE
 8
0
 6
CONTINUOUS
 62
0
10
1.49998
20
-1.125
30
0
11
1.49998
21
1.125
31
0
 0
ENDBLK
 0
BLOCK
 8
0
 6
CONTINUOUS
 62
0
 2
DEPOSITO_PRESION_GAS
 70
0
10
0
20
0
30
0
 3
DEPOSITO_PRESION_GAS
 1

 0
LINE
 8
0
 6
CONTINUOUS
 62
0
10
-10.105408
20
-6.875
30
0
11
-30.282558
21
-6.875
31
0
 0
LINE
 8
0
 6
CONTINUOUS
 62
0
10
-30.282558
20
6.875
30
0
11
-10.105408
21
6.875
31
0
 0
LINE
 8
0
 6
CONTINUOUS
 62
0
10
-30.282558
20
-6.875
30
0
11
-30.282558
21
6.875
31
0
 0
ARC
 8
0
 6
CONTINUOUS
 62
0
10
-17.858229
20
0
30
0
 40
14.199634
 50
151.042053
 51
208.957947
 0
LINE
 8
0
 6
CONTINUOUS
 62
0
10
-10.105408
20
6.875
30
0
11
-10.105408
21
-6.875
31
0
 0
ARC
 8
0
 6
CONTINUOUS
 62
0
10
-22.529737
20
0
30
0
 40
14.199634
 50
331.042053
 51
28.957939
 0
LINE
 8
0
 6
CONTINUOUS
 62
0
10
-4.605
20
1.125
30
0
11
-7.605
21
-1.125
31
0
 0
LINE
 8
0
 6
CONTINUOUS
 62
0
10
-7.605
20
1.125
30
0
11
-4.605
21
-1.125
31
0
 0
LINE
 8
0
 6
CONTINUOUS
 62
0
10
-7.605
20
-1.125
30
0
11
-7.605
21
1.125
31
0
 0
LINE
 8
0
 6
CONTINUOUS
 62
0
10
-8.330104
20
0
30
0
11
-7.605
21
0
31
0
 0
LINE
 8
0
 6
CONTINUOUS
 62
0
10
-3.864444
20
1.125
30
0
11
-0.864444
21
0
31
0
 0
LINE
 8
0
 6
CONTINUOUS
 62
0
10
-3.864444
20
-1.125
30
0
11
-0.864444
21
-1.125
31
0
 0
LINE
 8
0
 6
CONTINUOUS
 62
0
10
-3.864444
20
-1.125
30
0
11
-0.864444
21
0
31
0
 0
LINE
 8
0
 6
CONTINUOUS
 62
0
10
-0.864444
20
1.125
30
0
11
-3.864444
21
1.125
31
0
 0
LINE
 8
0
 6
CONTINUOUS
 62
0
10
-4.605
20
0
30
0
11
-3.864422
21
0
31
0
 0
LINE
 8
0
 6
CONTINUOUS
 62
0
10
-4.605
20
-1.125
30
0
11
-4.605
21
1.125
31
0
 0
LINE
 8
0
 6
CONTINUOUS
 62
0
10
-3.864444
20
1.125
30
0
11
-3.864444
21
-1.125
31
0
 0
LINE
 8
0
 6
CONTINUOUS
 62
0
10
-0.864444
20
-1.125
30
0
11
-0.864444
21
1.125
31
0
 0
LINE
 8
0
 6
CONTINUOUS
 62
0
10
-0.864443
20
0
30
0
11
-0.22583
21
0
31
0
 0
CIRCLE
 8
0
 6
CONTINUOUS
 62
0
10
0
20
0
30
0
 40
0.225838
 0
ENDBLK
 0
BLOCK
 8
0
 6
CONTINUOUS
 62
0
 2
ESTACION_REG_GAS
 70
0
10
0
20
0
30
0
 3
ESTACION_REG_GAS
 1

 0
LINE
 8
0
 6
CONTINUOUS
 62
0
10
1.125
20
-1.125
30
0
11
-1.125
21
-1.125
31
0
 0
LINE
 8
0
 6
CONTINUOUS
 62
0
10
-1.125
20
1.125
30
0
11
1.125
21
1.125
31
0
 0
TEXT
 8
0
 6
CONTINUOUS
 62
0
10
0
20
-0.25
30
0
11
0
21
-0.25
31
0
 1
ER
 7
ROMANS
 40
0.5
 41
1
 50
0
 72
1
 73
0
 0
LINE
 8
0
 6
CONTINUOUS
 62
0
10
-1.125
20
-1.125
30
0
11
-1.125
21
1.125
31
0
 0
LINE
 8
0
 6
CONTINUOUS
 62
0
10
1.125
20
1.125
30
0
11
1.125
21
-1.125
31
0
 0
ENDBLK
 0
BLOCK
 8
0
 6
CONTINUOUS
 62
0
 2
ESTACION_REG_M_GAS
 70
0
10
0
20
0
30
0
 3
ESTACION_REG_M_GAS
 1

 0
LINE
 8
0
 6
CONTINUOUS
 62
0
10
-1.125
20
1.125
30
0
11
1.125
21
1.125
31
0
 0
LINE
 8
0
 6
CONTINUOUS
 62
0
10
1.125
20
-1.125
30
0
11
-1.125
21
-1.125
31
0
 0
TEXT
 8
0
 6
CONTINUOUS
 62
0
10
0
20
-0.25
30
0
11
0
21
-0.25
31
0
 1
ERM
 7
ROMANS
 40
0.5
 41
1
 50
0
 72
1
 73
0
 0
LINE
 8
0
 6
CONTINUOUS
 62
0
10
-1.125
20
-1.125
30
0
11
-1.125
21
1.125
31
0
 0
LINE
 8
0
 6
CONTINUOUS
 62
0
10
1.125
20
1.125
30
0
11
1.125
21
-1.125
31
0
 0
ENDBLK
 0
BLOCK
 8
0
 6
CONTINUOUS
 62
0
 2
LIMITADOR_PRESION_GAS
 70
0
10
0
20
0
30
0
 3
LIMITADOR_PRESION_GAS
 1

 0
LINE
 8
0
 6
CONTINUOUS
 62
0
10
1.125
20
1.125
30
0
11
-1.125
21
-1.125
31
0
 0
LINE
 8
0
 6
CONTINUOUS
 62
0
10
-1.125
20
1.125
30
0
11
1.125
21
1.125
31
0
 0
LINE
 8
0
 6
CONTINUOUS
 62
0
10
1.125
20
-1.125
30
0
11
-1.125
21
-1.125
31
0
 0
LINE
 8
0
 6
CONTINUOUS
 62
0
10
-1.125
20
-1.125
30
0
11
-1.125
21
1.125
31
0
 0
LINE
 8
0
 6
CONTINUOUS
 62
0
10
1.125
20
1.125
30
0
11
1.125
21
-1.125
31
0
 0
ENDBLK
 0
BLOCK
 8
0
 6
CONTINUOUS
 62
0
 2
CONTADOR_GAS
 70
0
10
0
20
0
30
0
 3
CONTADOR_GAS
 1

 0
LINE
 8
0
 6
CONTINUOUS
 62
0
10
-0.775
20
0.775
30
0
11
0.775
21
0.775
31
0
 0
LINE
 8
0
 6
CONTINUOUS
 62
0
10
0.775
20
0.367113
30
0
11
-0.775
21
0.367113
31
0
 0
LINE
 8
0
 6
CONTINUOUS
 62
0
10
1.125
20
-1.125
30
0
11
-1.125
21
-1.125
31
0
 0
LINE
 8
0
 6
CONTINUOUS
 62
0
10
-1.125
20
1.125
30
0
11
1.125
21
1.125
31
0
 0
LINE
 8
0
 6
CONTINUOUS
 62
0
10
-0.775
20
0.367113
30
0
11
-0.775
21
0.775
31
0
 0
LINE
 8
0
 6
CONTINUOUS
 62
0
10
-1.125
20
-1.125
30
0
11
-1.125
21
1.125
31
0
 0
LINE
 8
0
 6
CONTINUOUS
 62
0
10
0.775
20
0.775
30
0
11
0.775
21
0.367113
31
0
 0
LINE
 8
0
 6
CONTINUOUS
 62
0
10
1.125
20
1.125
30
0
11
1.125
21
-1.125
31
0
 0
ENDBLK
 0
BLOCK
 8
0
 6
CONTINUOUS
 62
0
 2
VALVULA_SEG_E_GAS
 70
0
10
0
20
0
30
0
 3
VALVULA_SEG_E_GAS
 1

 0
CIRCLE
 8
0
 6
CONTINUOUS
 62
0
10
-0.897241
20
2.320868
30
0
 40
0.222714
 0
LINE
 8
0
 6
CONTINUOUS
 62
0
10
-1.50002
20
2.320868
30
0
11
-1.119955
21
2.320868
31
0
 0
LINE
 8
0
 6
CONTINUOUS
 62
0
10
-1.50002
20
1.125
30
0
11
-1.50002
21
2.320868
31
0
 0
ENDBLK
 0
BLOCK
 8
0
 6
CONTINUOUS
 62
0
 2
VALVULA_SEG_C_GAS
 70
0
10
0
20
0
30
0
 3
VALVULA_SEG_C_GAS
 1

 0
LINE
 8
0
 6
CONTINUOUS
 62
0
10
-0.00002
20
0
30
0
11
-0.00002
21
2.320868
31
0
 0
CIRCLE
 8
0
 6
CONTINUOUS
 62
0
10
0.602759
20
2.320868
30
0
 40
0.222714
 0
LINE
 8
0
 6
CONTINUOUS
 62
0
10
-0.00002
20
2.320868
30
0
11
0.380045
21
2.320868
31
0
 0
ENDBLK
 0
BLOCK
 8
0
 6
CONTINUOUS
 62
0
 2
MAX_IZQ_GAS
 70
0
10
0
20
0
30
0
 3
MAX_IZQ_GAS
 1

 0
TEXT
 8
0
 6
CONTINUOUS
 62
0
10
-1.3
20
1.35
30
0
11
-1.3
21
1.35
31
0
 1
MAX
 7
ROMANS
 40
0.6
 41
1
 50
0
 72
1
 73
0
 0
ENDBLK
 0
BLOCK
 8
0
 6
CONTINUOUS
 62
0
 2
MAX_DER_GAS
 70
0
10
0
20
0
30
0
 3
MAX_DER_GAS
 1

 0
TEXT
 8
0
 6
CONTINUOUS
 62
0
10
-0.5
20
1.35
30
0
11
-0.5
21
1.35
31
0
 1
MAX
 7
ROMANS
 40
0.6
 41
1
 50
0
 72
1
 73
0
 0
ENDBLK
 0
BLOCK
 8
0
 6
CONTINUOUS
 62
0
 2
MIN_IZQ_GAS
 70
0
10
0
20
0
30
0
 3
MIN_IZQ_GAS
 1

 0
TEXT
 8
0
 6
CONTINUOUS
 62
0
10
-1.3
20
-1.95
30
0
11
-1.3
21
-1.95
31
0
 1
MIN
 7
ROMANS
 40
0.6
 41
1
 50
0
 72
1
 73
0
 0
ENDBLK
 0
BLOCK
 8
0
 6
CONTINUOUS
 62
0
 2
MIN_DER_GAS
 70
0
10
0
20
0
30
0
 3
MIN_DER_GAS
 1

 0
TEXT
 8
0
 6
CONTINUOUS
 62
0
10
-0.25
20
-1.95
30
0
11
-0.25
21
-1.95
31
0
 1
MIN
 7
ROMANS
 40
0.6
 41
1
 50
0
 72
1
 73
0
 0
ENDBLK
 0
BLOCK
 8
0
 6
CONTINUOUS
 62
0
 2
MAX_IZQ_CEN_GAS
 70
0
10
0
20
0
30
0
 3
MAX_IZQ_CEN_GAS
 1

 0
TEXT
 8
0
 6
CONTINUOUS
 62
0
10
-2
20
1.35
30
0
11
-2
21
1.35
31
0
 1
MAX
 7
ROMANS
 40
0.6
 41
1
 50
0
 72
1
 73
0
 0
ENDBLK
 0
BLOCK
 8
0
 6
CONTINUOUS
 62
0
 2
MAX_DER_CEN_GAS
 70
0
10
0
20
0
30
0
 3
MAX_DER_CEN_GAS
 1

 0
TEXT
 8
0
 6
CONTINUOUS
 62
0
10
0.2
20
1.35
30
0
11
0.2
21
1.35
31
0
 1
MAX
 7
ROMANS
 40
0.6
 41
1
 50
0
 72
1
 73
0
 0
ENDBLK
 0
BLOCK
 8
0
 6
CONTINUOUS
 62
0
 2
MIN_IZQ_CEN_GAS
 70
0
10
0
20
0
30
0
 3
MIN_IZQ_CEN_GAS
 1

 0
TEXT
 8
0
 6
CONTINUOUS
 62
0
10
-1.75
20
-1.95
30
0
11
-1.75
21
-1.95
31
0
 1
MIN
 7
ROMANS
 40
0.6
 41
1
 50
0
 72
1
 73
0
 0
ENDBLK
 0
BLOCK
 8
0
 6
CONTINUOUS
 62
0
 2
MIN_DER_CEN_GAS
 70
0
10
0
20
0
30
0
 3
MIN_DER_CEN_GAS
 1

 0
TEXT
 8
0
 6
CONTINUOUS
 62
0
10
0.25
20
-1.95
30
0
11
0.25
21
-1.95
31
0
 1
MIN
 7
ROMANS
 40
0.6
 41
1
 50
0
 72
1
 73
0
 0
ENDBLK
 0
BLOCK
 8
0
 6
CONTINUOUS
 62
0
 2
MANOMETRO_GAS
 70
0
10
0
20
0
30
0
 3
MANOMETRO_GAS
 1

 0
TEXT
 8
0
 6
CONTINUOUS
 62
0
10
0
20
0.159268
30
0
11
0
21
0.159268
31
0
 1
bar
 7
ROMANS
 40
0.05
 41
1
 50
0
 72
1
 73
0
 0
CIRCLE
 8
0
 6
CONTINUOUS
 62
0
10
0
20
0.177977
30
0
 40
0.084238
 0
LINE
 8
0
 6
CONTINUOUS
 62
0
10
0
20
0.093739
30
0
11
0
21
0.0262
31
0
 0
SOLID
 8
0
 6
CONTINUOUS
 62
0
10
0.026239
20
0
30
0
11
0.026108
21
0.00262
31
0
13
0.0258
23
-0.00478
33
0
12
0.026149
22
-0.00218
32
0
 0
SOLID
 8
0
 6
CONTINUOUS
 62
0
10
0.026108
20
0.00262
30
0
11
0.025716
21
0.005213
31
0
13
0.025194
23
-0.007332
33
0
12
0.0258
22
-0.00478
32
0
 0
SOLID
 8
0
 6
CONTINUOUS
 62
0
10
0.025716
20
0.005213
30
0
11
0.025067
21
0.007754
31
0
13
0.024336
23
-0.00981
33
0
12
0.025194
22
-0.007332
32
0
 0
SOLID
 8
0
 6
CONTINUOUS
 62
0
10
0.025067
20
0.007754
30
0
11
0.024168
21
0.010218
31
0
13
0.023235
23
-0.012191
33
0
12
0.024336
22
-0.00981
32
0
 0
SOLID
 8
0
 6
CONTINUOUS
 62
0
10
0.024168
20
0.010218
30
0
11
0.023027
21
0.01258
31
0
13
0.021902
23
-0.01445
33
0
12
0.023235
22
-0.012191
32
0
 0
SOLID
 8
0
 6
CONTINUOUS
 62
0
10
0.023027
20
0.01258
30
0
11
0.021656
21
0.014816
31
0
13
0.02035
23
-0.016564
33
0
12
0.021902
22
-0.01445
32
0
 0
SOLID
 8
0
 6
CONTINUOUS
 62
0
10
0.021656
20
0.014816
30
0
11
0.020069
21
0.016904
31
0
13
0.018595
23
-0.018513
33
0
12
0.02035
22
-0.016564
32
0
 0
SOLID
 8
0
 6
CONTINUOUS
 62
0
10
0.020069
20
0.016904
30
0
11
0.018281
21
0.018823
31
0
13
0.016654
23
-0.020277
33
0
12
0.018595
22
-0.018513
32
0
 0
SOLID
 8
0
 6
CONTINUOUS
 62
0
10
0.018281
20
0.018823
30
0
11
0.016311
21
0.020554
31
0
13
0.014546
23
-0.021838
33
0
12
0.016654
22
-0.020277
32
0
 0
SOLID
 8
0
 6
CONTINUOUS
 62
0
10
0.016311
20
0.020554
30
0
11
0.014177
21
0.02208
31
0
13
0.012294
23
-0.023181
33
0
12
0.014546
22
-0.021838
32
0
 0
SOLID
 8
0
 6
CONTINUOUS
 62
0
10
0.014177
20
0.02208
30
0
11
0.011902
21
0.023385
31
0
13
0.009918
23
-0.024293
33
0
12
0.012294
22
-0.023181
32
0
 0
SOLID
 8
0
 6
CONTINUOUS
 62
0
10
0.011902
20
0.023385
30
0
11
0.009508
21
0.024456
31
0
13
0.007443
23
-0.025162
33
0
12
0.009918
22
-0.024293
32
0
 0
SOLID
 8
0
 6
CONTINUOUS
 62
0
10
0.009508
20
0.024456
30
0
11
0.007019
21
0.025283
31
0
13
0.004894
23
-0.025779
33
0
12
0.007443
22
-0.025162
32
0
 0
SOLID
 8
0
 6
CONTINUOUS
 62
0
10
0.007019
20
0.025283
30
0
11
0.00446
21
0.025858
31
0
13
0.002296
23
-0.026139
33
0
12
0.004894
22
-0.025779
32
0
 0
SOLID
 8
0
 6
CONTINUOUS
 62
0
10
0.00446
20
0.025858
30
0
11
0.001856
21
0.026174
31
0
13
-0.000325
23
-0.026237
33
0
12
0.002296
22
-0.026139
32
0
 0
SOLID
 8
0
 6
CONTINUOUS
 62
0
10
0.001856
20
0.026174
30
0
11
-0.000766
21
0.026228
31
0
13
-0.002943
23
-0.026074
33
0
12
-0.000325
22
-0.026237
32
0
 0
SOLID
 8
0
 6
CONTINUOUS
 62
0
10
-0.000766
20
0.026228
30
0
11
-0.003381
21
0.026021
31
0
13
-0.005531
23
-0.02565
33
0
12
-0.002943
22
-0.026074
32
0
 0
SOLID
 8
0
 6
CONTINUOUS
 62
0
10
-0.003381
20
0.026021
30
0
11
-0.005962
21
0.025553
31
0
13
-0.008064
23
-0.024969
33
0
12
-0.005531
22
-0.02565
32
0
 0
SOLID
 8
0
 6
CONTINUOUS
 62
0
10
-0.005962
20
0.025553
30
0
11
-0.008483
21
0.02483
31
0
13
-0.010517
23
-0.02404
33
0
12
-0.008064
22
-0.024969
32
0
 0
SOLID
 8
0
 6
CONTINUOUS
 62
0
10
-0.008483
20
0.02483
30
0
11
-0.010919
21
0.023859
31
0
13
-0.012864
23
-0.02287
33
0
12
-0.010517
22
-0.02404
32
0
 0
SOLID
 8
0
 6
CONTINUOUS
 62
0
10
-0.010919
20
0.023859
30
0
11
-0.013247
21
0.02265
31
0
13
-0.015083
23
-0.021471
33
0
12
-0.012864
22
-0.02287
32
0
 0
SOLID
 8
0
 6
CONTINUOUS
 62
0
10
-0.013247
20
0.02265
30
0
11
-0.015442
21
0.021214
31
0
13
-0.017151
23
-0.019858
33
0
12
-0.015083
22
-0.021471
32
0
 0
SOLID
 8
0
 6
CONTINUOUS
 62
0
10
-0.015442
20
0.021214
30
0
11
-0.017483
21
0.019567
31
0
13
-0.019048
23
-0.018047
33
0
12
-0.017151
22
-0.019858
32
0
 0
SOLID
 8
0
 6
CONTINUOUS
 62
0
10
-0.017483
20
0.019567
30
0
11
-0.019349
21
0.017724
31
0
13
-0.020754
23
-0.016055
33
0
12
-0.019048
22
-0.018047
32
0
 0
SOLID
 8
0
 6
CONTINUOUS
 62
0
10
-0.019349
20
0.017724
30
0
11
-0.021021
21
0.015704
31
0
13
-0.022254
23
-0.013903
33
0
12
-0.020754
22
-0.016055
32
0
 0
SOLID
 8
0
 6
CONTINUOUS
 62
0
10
-0.021021
20
0.015704
30
0
11
-0.022484
21
0.013526
31
0
13
-0.02353
23
-0.011611
33
0
12
-0.022254
22
-0.013903
32
0
 0
SOLID
 8
0
 6
CONTINUOUS
 62
0
10
-0.022484
20
0.013526
30
0
11
-0.023722
21
0.011214
31
0
13
-0.024572
23
-0.009204
33
0
12
-0.02353
22
-0.011611
32
0
 0
SOLID
 8
0
 6
CONTINUOUS
 62
0
10
-0.023722
20
0.011214
30
0
11
-0.024723
21
0.00879
31
0
13
-0.025368
23
-0.006705
33
0
12
-0.024572
22
-0.009204
32
0
 0
SOLID
 8
0
 6
CONTINUOUS
 62
0
10
-0.024723
20
0.00879
30
0
11
-0.025477
21
0.006278
31
0
13
-0.025911
23
-0.004139
33
0
12
-0.025368
22
-0.006705
32
0
 0
SOLID
 8
0
 6
CONTINUOUS
 62
0
10
-0.025477
20
0.006278
30
0
11
-0.025977
21
0.003703
31
0
13
-0.026195
23
-0.001532
33
0
12
-0.025911
22
-0.004139
32
0
 0
SOLID
 8
0
 6
CONTINUOUS
 62
0
10
-0.025977
20
0.003703
30
0
11
-0.026217
21
0.001091
31
0
13
-0.026217
23
0.001091
33
0
12
-0.026195
22
-0.001532
32
0
 0
ENDBLK
 0
BLOCK
 8
0
 6
CONTINUOUS
 62
0
 2
VALVULA_ALIVIO_GAS
 70
0
10
0
20
0
30
0
 3
VALVULA_ALIVIO_GAS
 1

 0
SOLID
 8
0
 6
CONTINUOUS
 62
0
10
0.026239
20
0
30
0
11
0.026108
21
0.00262
31
0
13
0.0258
23
-0.00478
33
0
12
0.026149
22
-0.00218
32
0
 0
SOLID
 8
0
 6
CONTINUOUS
 62
0
10
0.026108
20
0.00262
30
0
11
0.025716
21
0.005213
31
0
13
0.025194
23
-0.007332
33
0
12
0.0258
22
-0.00478
32
0
 0
SOLID
 8
0
 6
CONTINUOUS
 62
0
10
0.025716
20
0.005213
30
0
11
0.025067
21
0.007754
31
0
13
0.024336
23
-0.00981
33
0
12
0.025194
22
-0.007332
32
0
 0
SOLID
 8
0
 6
CONTINUOUS
 62
0
10
0.025067
20
0.007754
30
0
11
0.024168
21
0.010218
31
0
13
0.023235
23
-0.012191
33
0
12
0.024336
22
-0.00981
32
0
 0
SOLID
 8
0
 6
CONTINUOUS
 62
0
10
0.024168
20
0.010218
30
0
11
0.023027
21
0.01258
31
0
13
0.021902
23
-0.01445
33
0
12
0.023235
22
-0.012191
32
0
 0
SOLID
 8
0
 6
CONTINUOUS
 62
0
10
0.023027
20
0.01258
30
0
11
0.021656
21
0.014816
31
0
13
0.02035
23
-0.016564
33
0
12
0.021902
22
-0.01445
32
0
 0
SOLID
 8
0
 6
CONTINUOUS
 62
0
10
0.021656
20
0.014816
30
0
11
0.020069
21
0.016904
31
0
13
0.018595
23
-0.018513
33
0
12
0.02035
22
-0.016564
32
0
 0
SOLID
 8
0
 6
CONTINUOUS
 62
0
10
0.020069
20
0.016904
30
0
11
0.018281
21
0.018823
31
0
13
0.016654
23
-0.020277
33
0
12
0.018595
22
-0.018513
32
0
 0
SOLID
 8
0
 6
CONTINUOUS
 62
0
10
0.018281
20
0.018823
30
0
11
0.016311
21
0.020554
31
0
13
0.014546
23
-0.021838
33
0
12
0.016654
22
-0.020277
32
0
 0
SOLID
 8
0
 6
CONTINUOUS
 62
0
10
0.016311
20
0.020554
30
0
11
0.014177
21
0.02208
31
0
13
0.012294
23
-0.023181
33
0
12
0.014546
22
-0.021838
32
0
 0
SOLID
 8
0
 6
CONTINUOUS
 62
0
10
0.014177
20
0.02208
30
0
11
0.011902
21
0.023385
31
0
13
0.009918
23
-0.024293
33
0
12
0.012294
22
-0.023181
32
0
 0
SOLID
 8
0
 6
CONTINUOUS
 62
0
10
0.011902
20
0.023385
30
0
11
0.009508
21
0.024456
31
0
13
0.007443
23
-0.025162
33
0
12
0.009918
22
-0.024293
32
0
 0
SOLID
 8
0
 6
CONTINUOUS
 62
0
10
0.009508
20
0.024456
30
0
11
0.007019
21
0.025283
31
0
13
0.004894
23
-0.025779
33
0
12
0.007443
22
-0.025162
32
0
 0
SOLID
 8
0
 6
CONTINUOUS
 62
0
10
0.007019
20
0.025283
30
0
11
0.00446
21
0.025858
31
0
13
0.002296
23
-0.026139
33
0
12
0.004894
22
-0.025779
32
0
 0
SOLID
 8
0
 6
CONTINUOUS
 62
0
10
0.00446
20
0.025858
30
0
11
0.001856
21
0.026174
31
0
13
-0.000325
23
-0.026237
33
0
12
0.002296
22
-0.026139
32
0
 0
SOLID
 8
0
 6
CONTINUOUS
 62
0
10
0.001856
20
0.026174
30
0
11
-0.000766
21
0.026228
31
0
13
-0.002943
23
-0.026074
33
0
12
-0.000325
22
-0.026237
32
0
 0
SOLID
 8
0
 6
CONTINUOUS
 62
0
10
-0.000766
20
0.026228
30
0
11
-0.003381
21
0.026021
31
0
13
-0.005531
23
-0.02565
33
0
12
-0.002943
22
-0.026074
32
0
 0
SOLID
 8
0
 6
CONTINUOUS
 62
0
10
-0.003381
20
0.026021
30
0
11
-0.005962
21
0.025553
31
0
13
-0.008064
23
-0.024969
33
0
12
-0.005531
22
-0.02565
32
0
 0
SOLID
 8
0
 6
CONTINUOUS
 62
0
10
-0.005962
20
0.025553
30
0
11
-0.008483
21
0.02483
31
0
13
-0.010517
23
-0.02404
33
0
12
-0.008064
22
-0.024969
32
0
 0
SOLID
 8
0
 6
CONTINUOUS
 62
0
10
-0.008483
20
0.02483
30
0
11
-0.010919
21
0.023859
31
0
13
-0.012864
23
-0.02287
33
0
12
-0.010517
22
-0.02404
32
0
 0
SOLID
 8
0
 6
CONTINUOUS
 62
0
10
-0.010919
20
0.023859
30
0
11
-0.013247
21
0.02265
31
0
13
-0.015083
23
-0.021471
33
0
12
-0.012864
22
-0.02287
32
0
 0
SOLID
 8
0
 6
CONTINUOUS
 62
0
10
-0.013247
20
0.02265
30
0
11
-0.015442
21
0.021214
31
0
13
-0.017151
23
-0.019858
33
0
12
-0.015083
22
-0.021471
32
0
 0
SOLID
 8
0
 6
CONTINUOUS
 62
0
10
-0.015442
20
0.021214
30
0
11
-0.017483
21
0.019567
31
0
13
-0.019048
23
-0.018047
33
0
12
-0.017151
22
-0.019858
32
0
 0
SOLID
 8
0
 6
CONTINUOUS
 62
0
10
-0.017483
20
0.019567
30
0
11
-0.019349
21
0.017724
31
0
13
-0.020754
23
-0.016055
33
0
12
-0.019048
22
-0.018047
32
0
 0
SOLID
 8
0
 6
CONTINUOUS
 62
0
10
-0.019349
20
0.017724
30
0
11
-0.021021
21
0.015704
31
0
13
-0.022254
23
-0.013903
33
0
12
-0.020754
22
-0.016055
32
0
 0
SOLID
 8
0
 6
CONTINUOUS
 62
0
10
-0.021021
20
0.015704
30
0
11
-0.022484
21
0.013526
31
0
13
-0.02353
23
-0.011611
33
0
12
-0.022254
22
-0.013903
32
0
 0
SOLID
 8
0
 6
CONTINUOUS
 62
0
10
-0.022484
20
0.013526
30
0
11
-0.023722
21
0.011214
31
0
13
-0.024572
23
-0.009204
33
0
12
-0.02353
22
-0.011611
32
0
 0
SOLID
 8
0
 6
CONTINUOUS
 62
0
10
-0.023722
20
0.011214
30
0
11
-0.024723
21
0.00879
31
0
13
-0.025368
23
-0.006705
33
0
12
-0.024572
22
-0.009204
32
0
 0
SOLID
 8
0
 6
CONTINUOUS
 62
0
10
-0.024723
20
0.00879
30
0
11
-0.025477
21
0.006278
31
0
13
-0.025911
23
-0.004139
33
0
12
-0.025368
22
-0.006705
32
0
 0
SOLID
 8
0
 6
CONTINUOUS
 62
0
10
-0.025477
20
0.006278
30
0
11
-0.025977
21
0.003703
31
0
13
-0.026195
23
-0.001532
33
0
12
-0.025911
22
-0.004139
32
0
 0
SOLID
 8
0
 6
CONTINUOUS
 62
0
10
-0.025977
20
0.003703
30
0
11
-0.026217
21
0.001091
31
0
13
-0.026217
23
0.001091
33
0
12
-0.026195
22
-0.001532
32
0
 0
LINE
 8
0
 6
CONTINUOUS
 62
0
10
0
20
0.093739
30
0
11
0
21
0.026185
31
0
 0
LINE
 8
0
 6
CONTINUOUS
 62
0
10
-0.123849
20
0.150034
30
0
11
-0.056295
21
0.150034
31
0
 0
LINE
 8
0
 6
CONTINUOUS
 62
0
10
-0
20
0.150034
30
0
11
0.029045
21
0.150034
31
0
 0
LINE
 8
0
 6
CONTINUOUS
 62
0
10
0.029045
20
0.179079
30
0
11
0.029045
21
0.150034
31
0
 0
LINE
 8
0
 6
CONTINUOUS
 62
0
10
0.058089
20
0.208124
30
0
11
0.058089
21
0.179079
31
0
 0
LINE
 8
0
 6
CONTINUOUS
 62
0
10
0.029045
20
0.179079
30
0
11
0.058089
21
0.179079
31
0
 0
LINE
 8
0
 6
CONTINUOUS
 62
0
10
0.058089
20
0.208124
30
0
11
0.087134
21
0.208124
31
0
 0
LINE
 8
0
 6
CONTINUOUS
 62
0
10
-0.123849
20
0.150034
30
0
11
-0.123849
21
0.026185
31
0
 0
LINE
 8
0
 6
CONTINUOUS
 62
0
10
-0.123849
20
0.056003
30
0
11
-0.098473
21
0.098118
31
0
 0
LINE
 8
0
 6
CONTINUOUS
 62
0
10
-0.056295
20
0.185626
30
0
11
-0.056295
21
0.113401
31
0
 0
LINE
 8
0
 6
CONTINUOUS
 62
0
10
-0
20
0.150034
30
0
11
-0.056295
21
0.113401
31
0
 0
LINE
 8
0
 6
CONTINUOUS
 62
0
10
-0
20
0.150034
30
0
11
-0.056295
21
0.185626
31
0
 0
LINE
 8
0
 6
CONTINUOUS
 62
0
10
-0
20
0.150034
30
0
11
-0.035592
21
0.093739
31
0
 0
LINE
 8
0
 6
CONTINUOUS
 62
0
10
-0.035592
20
0.093739
30
0
11
0.036633
21
0.093739
31
0
 0
LINE
 8
0
 6
CONTINUOUS
 62
0
10
-0
20
0.150034
30
0
11
0.036633
21
0.093739
31
0
 0
LINE
 8
0
 6
CONTINUOUS
 62
0
10
-0.123849
20
0.056003
30
0
11
-0.149225
21
0.098118
31
0
 0
ENDBLK
 0
BLOCK
 8
0
 6
CONTINUOUS
 62
0
 2
FILTRO_GAS
 70
0
10
0
20
0
30
0
 3
FILTRO_GAS
 1

 0
LINE
 8
0
 6
CONTINUOUS
 62
0
10
0.050264
20
-0.07506
30
0
11
0.029755
21
-0.102406
31
0
 0
LINE
 8
0
 6
CONTINUOUS
 62
0
10
0.070773
20
-0.047714
30
0
11
0.050264
21
-0.07506
31
0
 0
LINE
 8
0
 6
CONTINUOUS
 62
0
10
-0.050264
20
0
30
0
11
0.050264
21
-0.07506
31
0
 0
ENDBLK
 0
BLOCK
 8
0
 6
CONTINUOUS
 62
0
 2
TOMA_PRESION_GAS
 70
0
10
0
20
0
30
0
 3
TOMA_PRESION_GAS
 1

 0
LINE
 8
0
 6
CONTINUOUS
 62
0
10
-0.046683
20
0.093739
30
0
11
-0.046683
21
0.17616
31
0
 0
LINE
 8
0
 6
CONTINUOUS
 62
0
10
0.046683
20
0.093739
30
0
11
-0.046683
21
0.093739
31
0
 0
LINE
 8
0
 6
CONTINUOUS
 62
0
10
0.046683
20
0.17616
30
0
11
0.046683
21
0.093739
31
0
 0
LINE
 8
0
 6
CONTINUOUS
 62
0
10
-0.046683
20
0.17616
30
0
11
0.046683
21
0.17616
31
0
 0
LINE
 8
0
 6
CONTINUOUS
 62
0
10
0
20
0.093739
30
0
11
0
21
0.0262
31
0
 0
SOLID
 8
0
 6
CONTINUOUS
 62
0
10
0.026239
20
0
30
0
11
0.026108
21
0.00262
31
0
13
0.0258
23
-0.00478
33
0
12
0.026149
22
-0.00218
32
0
 0
SOLID
 8
0
 6
CONTINUOUS
 62
0
10
0.026108
20
0.00262
30
0
11
0.025716
21
0.005213
31
0
13
0.025194
23
-0.007332
33
0
12
0.0258
22
-0.00478
32
0
 0
SOLID
 8
0
 6
CONTINUOUS
 62
0
10
0.025716
20
0.005213
30
0
11
0.025067
21
0.007754
31
0
13
0.024336
23
-0.00981
33
0
12
0.025194
22
-0.007332
32
0
 0
SOLID
 8
0
 6
CONTINUOUS
 62
0
10
0.025067
20
0.007754
30
0
11
0.024168
21
0.010218
31
0
13
0.023235
23
-0.012191
33
0
12
0.024336
22
-0.00981
32
0
 0
SOLID
 8
0
 6
CONTINUOUS
 62
0
10
0.024168
20
0.010218
30
0
11
0.023027
21
0.01258
31
0
13
0.021902
23
-0.01445
33
0
12
0.023235
22
-0.012191
32
0
 0
SOLID
 8
0
 6
CONTINUOUS
 62
0
10
0.023027
20
0.01258
30
0
11
0.021656
21
0.014816
31
0
13
0.02035
23
-0.016564
33
0
12
0.021902
22
-0.01445
32
0
 0
SOLID
 8
0
 6
CONTINUOUS
 62
0
10
0.021656
20
0.014816
30
0
11
0.020069
21
0.016904
31
0
13
0.018595
23
-0.018513
33
0
12
0.02035
22
-0.016564
32
0
 0
SOLID
 8
0
 6
CONTINUOUS
 62
0
10
0.020069
20
0.016904
30
0
11
0.018281
21
0.018823
31
0
13
0.016654
23
-0.020277
33
0
12
0.018595
22
-0.018513
32
0
 0
SOLID
 8
0
 6
CONTINUOUS
 62
0
10
0.018281
20
0.018823
30
0
11
0.016311
21
0.020554
31
0
13
0.014546
23
-0.021838
33
0
12
0.016654
22
-0.020277
32
0
 0
SOLID
 8
0
 6
CONTINUOUS
 62
0
10
0.016311
20
0.020554
30
0
11
0.014177
21
0.02208
31
0
13
0.012294
23
-0.023181
33
0
12
0.014546
22
-0.021838
32
0
 0
SOLID
 8
0
 6
CONTINUOUS
 62
0
10
0.014177
20
0.02208
30
0
11
0.011902
21
0.023385
31
0
13
0.009918
23
-0.024293
33
0
12
0.012294
22
-0.023181
32
0
 0
SOLID
 8
0
 6
CONTINUOUS
 62
0
10
0.011902
20
0.023385
30
0
11
0.009508
21
0.024456
31
0
13
0.007443
23
-0.025162
33
0
12
0.009918
22
-0.024293
32
0
 0
SOLID
 8
0
 6
CONTINUOUS
 62
0
10
0.009508
20
0.024456
30
0
11
0.007019
21
0.025283
31
0
13
0.004894
23
-0.025779
33
0
12
0.007443
22
-0.025162
32
0
 0
SOLID
 8
0
 6
CONTINUOUS
 62
0
10
0.007019
20
0.025283
30
0
11
0.00446
21
0.025858
31
0
13
0.002296
23
-0.026139
33
0
12
0.004894
22
-0.025779
32
0
 0
SOLID
 8
0
 6
CONTINUOUS
 62
0
10
0.00446
20
0.025858
30
0
11
0.001856
21
0.026174
31
0
13
-0.000325
23
-0.026237
33
0
12
0.002296
22
-0.026139
32
0
 0
SOLID
 8
0
 6
CONTINUOUS
 62
0
10
0.001856
20
0.026174
30
0
11
-0.000766
21
0.026228
31
0
13
-0.002943
23
-0.026074
33
0
12
-0.000325
22
-0.026237
32
0
 0
SOLID
 8
0
 6
CONTINUOUS
 62
0
10
-0.000766
20
0.026228
30
0
11
-0.003381
21
0.026021
31
0
13
-0.005531
23
-0.02565
33
0
12
-0.002943
22
-0.026074
32
0
 0
SOLID
 8
0
 6
CONTINUOUS
 62
0
10
-0.003381
20
0.026021
30
0
11
-0.005962
21
0.025553
31
0
13
-0.008064
23
-0.024969
33
0
12
-0.005531
22
-0.02565
32
0
 0
SOLID
 8
0
 6
CONTINUOUS
 62
0
10
-0.005962
20
0.025553
30
0
11
-0.008483
21
0.02483
31
0
13
-0.010517
23
-0.02404
33
0
12
-0.008064
22
-0.024969
32
0
 0
SOLID
 8
0
 6
CONTINUOUS
 62
0
10
-0.008483
20
0.02483
30
0
11
-0.010919
21
0.023859
31
0
13
-0.012864
23
-0.02287
33
0
12
-0.010517
22
-0.02404
32
0
 0
SOLID
 8
0
 6
CONTINUOUS
 62
0
10
-0.010919
20
0.023859
30
0
11
-0.013247
21
0.02265
31
0
13
-0.015083
23
-0.021471
33
0
12
-0.012864
22
-0.02287
32
0
 0
SOLID
 8
0
 6
CONTINUOUS
 62
0
10
-0.013247
20
0.02265
30
0
11
-0.015442
21
0.021214
31
0
13
-0.017151
23
-0.019858
33
0
12
-0.015083
22
-0.021471
32
0
 0
SOLID
 8
0
 6
CONTINUOUS
 62
0
10
-0.015442
20
0.021214
30
0
11
-0.017483
21
0.019567
31
0
13
-0.019048
23
-0.018047
33
0
12
-0.017151
22
-0.019858
32
0
 0
SOLID
 8
0
 6
CONTINUOUS
 62
0
10
-0.017483
20
0.019567
30
0
11
-0.019349
21
0.017724
31
0
13
-0.020754
23
-0.016055
33
0
12
-0.019048
22
-0.018047
32
0
 0
SOLID
 8
0
 6
CONTINUOUS
 62
0
10
-0.019349
20
0.017724
30
0
11
-0.021021
21
0.015704
31
0
13
-0.022254
23
-0.013903
33
0
12
-0.020754
22
-0.016055
32
0
 0
SOLID
 8
0
 6
CONTINUOUS
 62
0
10
-0.021021
20
0.015704
30
0
11
-0.022484
21
0.013526
31
0
13
-0.02353
23
-0.011611
33
0
12
-0.022254
22
-0.013903
32
0
 0
SOLID
 8
0
 6
CONTINUOUS
 62
0
10
-0.022484
20
0.013526
30
0
11
-0.023722
21
0.011214
31
0
13
-0.024572
23
-0.009204
33
0
12
-0.02353
22
-0.011611
32
0
 0
SOLID
 8
0
 6
CONTINUOUS
 62
0
10
-0.023722
20
0.011214
30
0
11
-0.024723
21
0.00879
31
0
13
-0.025368
23
-0.006705
33
0
12
-0.024572
22
-0.009204
32
0
 0
SOLID
 8
0
 6
CONTINUOUS
 62
0
10
-0.024723
20
0.00879
30
0
11
-0.025477
21
0.006278
31
0
13
-0.025911
23
-0.004139
33
0
12
-0.025368
22
-0.006705
32
0
 0
SOLID
 8
0
 6
CONTINUOUS
 62
0
10
-0.025477
20
0.006278
30
0
11
-0.025977
21
0.003703
31
0
13
-0.026195
23
-0.001532
33
0
12
-0.025911
22
-0.004139
32
0
 0
SOLID
 8
0
 6
CONTINUOUS
 62
0
10
-0.025977
20
0.003703
30
0
11
-0.026217
21
0.001091
31
0
13
-0.026217
23
0.001091
33
0
12
-0.026195
22
-0.001532
32
0
 0
ENDBLK
 0
ENDSEC
 0
SECTION
 2
ENTITIES
 0
INSERT
 8
UNIFILAR
 6
CONTINUOUS
 62
30
 2
CONEXION_PLANTAS_GAS
10
22.858292
20
7.722758
30
0
41
0.035
42
0.035
43
1
 50
0
 0
TEXT
 8
TEXTO_NUDOS
 6
CONTINUOUS
 62
30
10
22.765792
20
7.722758
30
0
11
22.765792
21
7.722758
31
0
 1
5
 7
ROMANS
 40
0.06
 41
1
 50
0
 72
2
 73
2
 0
INSERT
 8
UNIFILAR
 6
CONTINUOUS
 62
30
 2
CONEXION_PLANTAS_GAS
10
22.858555
20
11.16916
30
0
41
0.035
42
0.035
43
1
 50
0
 0
TEXT
 8
TEXTO_NUDOS
 6
CONTINUOUS
 62
30
10
22.766055
20
11.16916
30
0
11
22.766055
21
11.16916
31
0
 1
82
 7
ROMANS
 40
0.06
 41
1
 50
0
 72
2
 73
2
 0
INSERT
 8
UNIFILAR
 6
CONTINUOUS
 62
30
 2
CONEXION_RED_GAS
10
23.394929
20
1.652511
30
0
41
0.05
42
0.05
43
1
 50
90
 0
TEXT
 8
TEXTO_NUDOS
 6
CONTINUOUS
 62
30
10
23.279929
20
1.652511
30
0
11
23.279929
21
1.652511
31
0
 1
1
 7
ROMANS
 40
0.06
 41
1
 50
0
 72
2
 73
2
 0
INSERT
 8
UNIFILAR
 6
CONTINUOUS
 62
30
 2
NUDO_DERIVACION_GAS
10
23.394929
20
7.722758
30
0
41
0.035
42
0.035
43
1
 50
0
 0
TEXT
 8
TEXTO_NUDOS
 6
CONTINUOUS
 62
30
10
23.461179
20
7.722758
30
0
11
23.461179
21
7.722758
31
0
 1
4
 7
ROMANS
 40
0.06
 41
1
 50
0
 72
0
 73
2
 0
INSERT
 8
UNIFILAR
 6
CONTINUOUS
 62
30
 2
NUDO_DERIVACION_GAS
10
23.419339
20
11.168721
30
0
41
0.035
42
0.035
43
1
 50
0
 0
TEXT
 8
TEXTO_NUDOS
 6
CONTINUOUS
 62
30
10
23.419339
20
11.234971
30
0
11
23.419339
21
11.234971
31
0
 1
81
 7
ROMANS
 40
0.06
 41
1
 50
0
 72
1
 73
0
 0
INSERT
 8
UNIFILAR
 6
CONTINUOUS
 62
30
 2
NUDO_DERIVACION_GAS
10
23.394929
20
2.092511
30
0
41
0.035
42
0.035
43
1
 50
0
 0
TEXT
 8
TEXTO_NUDOS
 6
CONTINUOUS
 62
30
10
23.328679
20
2.092511
30
0
11
23.328679
21
2.092511
31
0
 1
2
 7
ROMANS
 40
0.06
 41
1
 50
0
 72
2
 73
2
 0
INSERT
 8
UNIFILAR
 6
CONTINUOUS
 62
30
 2
NUDO_DERIVACION_GAS
10
23.394929
20
2.39252
30
0
41
0.035
42
0.035
43
1
 50
0
 0
TEXT
 8
TEXTO_NUDOS
 6
CONTINUOUS
 62
30
10
23.328679
20
2.39252
30
0
11
23.328679
21
2.39252
31
0
 1
3
 7
ROMANS
 40
0.06
 41
1
 50
0
 72
2
 73
2
 0
INSERT
 8
UNIFILAR
 6
CONTINUOUS
 62
30
 2
LLAVE_PASO_GAS
10
23.138947
20
11.168941
30
0
41
0.0375
42
0.0375
43
1
 50
179.955093
 0
LINE
 8
UNIFILAR
 6
CONTINUOUS
 62
30
10
23.393089
20
11.168741
30
0
11
23.195197
21
11.168897
31
0
 0
LINE
 8
UNIFILAR
 6
CONTINUOUS
 62
30
10
23.082697
20
11.168985
30
0
11
22.911055
21
11.169119
31
0
 0
TEXT
 8
TEXTO_RAMAS
 6
CONTINUOUS
 62
30
10
23.139003
20
11.240191
30
0
11
23.139003
21
11.240191
31
0
 1
Ø1"
 7
ROMANS
 40
0.06
 41
1
 50
359.955093
 72
1
 73
0
 0
TEXT
 8
TEXTO_RAMAS
 6
CONTINUOUS
 62
30
10
23.138891
20
11.097691
30
0
11
23.138891
21
11.097691
31
0
 1

 7
ROMANS
 40
0.06
 41
1
 50
359.955093
 72
1
 73
3
 0
INSERT
 8
UNIFILAR
 6
CONTINUOUS
 62
30
 2
LLAVE_PASO_GAS
10
23.126611
20
7.722758
30
0
41
0.0375
42
0.0375
43
1
 50
180
 0
LINE
 8
UNIFILAR
 6
CONTINUOUS
 62
30
10
23.368679
20
7.722758
30
0
11
23.182861
21
7.722758
31
0
 0
LINE
 8
UNIFILAR
 6
CONTINUOUS
 62
30
10
23.070361
20
7.722758
30
0
11
22.910792
21
7.722758
31
0
 0
TEXT
 8
TEXTO_RAMAS
 6
CONTINUOUS
 62
30
10
23.126611
20
7.794008
30
0
11
23.126611
21
7.794008
31
0
 1
Ø1"
 7
ROMANS
 40
0.06
 41
1
 50
0
 72
1
 73
0
 0
TEXT
 8
TEXTO_RAMAS
 6
CONTINUOUS
 62
30
10
23.126611
20
7.651508
30
0
11
23.126611
21
7.651508
31
0
 1

 7
ROMANS
 40
0.06
 41
1
 50
0
 72
1
 73
3
 0
LINE
 8
UNIFILAR
 6
CONTINUOUS
 62
30
10
23.394929
20
1.727511
30
0
11
23.394929
21
2.066261
31
0
 0
TEXT
 8
TEXTO_RAMAS
 6
CONTINUOUS
 62
30
10
23.379929
20
1.872511
30
0
11
23.379929
21
1.872511
31
0
 1
1 Ø1"
 7
ROMANS
 40
0.06
 41
1
 50
90
 72
1
 73
0
 0
TEXT
 8
TEXTO_RAMAS
 6
CONTINUOUS
 62
30
10
23.409929
20
1.872511
30
0
11
23.409929
21
1.872511
31
0
 1
Acero
 7
ROMANS
 40
0.06
 41
1
 50
90
 72
1
 73
3
 0
LINE
 8
UNIFILAR
 6
CONTINUOUS
 62
30
10
23.380929
20
1.822511
30
0
11
23.394929
21
1.872511
31
0
 0
LINE
 8
UNIFILAR
 6
CONTINUOUS
 62
30
10
23.408929
20
1.822511
30
0
11
23.394929
21
1.872511
31
0
 0
INSERT
 8
UNIFILAR
 6
CONTINUOUS
 62
30
 2
LLAVE_PASO_GAS
10
23.394929
20
2.242515
30
0
41
0.0375
42
0.0375
43
1
 50
90
 0
LINE
 8
UNIFILAR
 6
CONTINUOUS
 62
30
10
23.394929
20
2.118761
30
0
11
23.394929
21
2.186265
31
0
 0
LINE
 8
UNIFILAR
 6
CONTINUOUS
 62
30
10
23.394929
20
2.298765
30
0
11
23.394929
21
2.36627
31
0
 0
TEXT
 8
TEXTO_RAMAS
 6
CONTINUOUS
 62
30
10
23.323679
20
2.242515
30
0
11
23.323679
21
2.242515
31
0
 1
Ø1"
 7
ROMANS
 40
0.06
 41
1
 50
90
 72
1
 73
0
 0
TEXT
 8
TEXTO_RAMAS
 6
CONTINUOUS
 62
30
10
23.466179
20
2.242515
30
0
11
23.466179
21
2.242515
31
0
 1

 7
ROMANS
 40
0.06
 41
1
 50
90
 72
1
 73
3
 0
LINE
 8
UNIFILAR
 6
CONTINUOUS
 62
30
10
23.394929
20
2.41877
30
0
11
23.394929
21
7.696508
31
0
 0
TEXT
 8
TEXTO_RAMAS
 6
CONTINUOUS
 62
30
10
23.379929
20
5.057639
30
0
11
23.379929
21
5.057639
31
0
 1
3 Ø26x28
 7
ROMANS
 40
0.06
 41
1
 50
90
 72
1
 73
0
 0
TEXT
 8
TEXTO_RAMAS
 6
CONTINUOUS
 62
30
10
23.409929
20
5.057639
30
0
11
23.409929
21
5.057639
31
0
 1
Cobre
 7
ROMANS
 40
0.06
 41
1
 50
90
 72
1
 73
3
 0
LINE
 8
UNIFILAR
 6
CONTINUOUS
 62
30
10
23.380929
20
5.007639
30
0
11
23.394929
21
5.057639
31
0
 0
LINE
 8
UNIFILAR
 6
CONTINUOUS
 62
30
10
23.408929
20
5.007639
30
0
11
23.394929
21
5.057639
31
0
 0
LINE
 8
UNIFILAR
 6
CONTINUOUS
 62
30
10
23.395115
20
7.749007
30
0
11
23.419153
21
11.142471
31
0
 0
TEXT
 8
TEXTO_RAMAS
 6
CONTINUOUS
 62
30
10
23.392135
20
9.445846
30
0
11
23.392135
21
9.445846
31
0
 1
80 Ø26x28
 7
ROMANS
 40
0.06
 41
1
 50
89.594148
 72
1
 73
0
 0
TEXT
 8
TEXTO_RAMAS
 6
CONTINUOUS
 62
30
10
23.422134
20
9.445633
30
0
11
23.422134
21
9.445633
31
0
 1
Cobre
 7
ROMANS
 40
0.06
 41
1
 50
89.594148
 72
1
 73
3
 0
LINE
 8
UNIFILAR
 6
CONTINUOUS
 62
30
10
23.39278
20
9.39584
30
0
11
23.407134
21
9.445739
31
0
 0
LINE
 8
UNIFILAR
 6
CONTINUOUS
 62
30
10
23.42078
20
9.395641
30
0
11
23.407134
21
9.445739
31
0
 0
INSERT
 8
UNIFILAR
 6
CONTINUOUS
 62
30
 2
CONEXION_PLANTAS_GAS
10
22.858292
20
7.722758
30
2.5
41
0.035
42
0.035
43
1
 50
0
 0
TEXT
 8
TEXTO_NUDOS
 6
CONTINUOUS
 62
30
10
22.858292
20
7.815258
30
2.5
11
22.858292
21
7.815258
31
2.5
 1
6
 7
ROMANS
 40
0.06
 41
1
 50
0
 72
1
 73
0
 0
INSERT
 8
UNIFILAR
 6
CONTINUOUS
 62
30
 2
NUDO_DERIVACION_GAS
10
22.6943
20
7.722758
30
2.5
41
0.035
42
0.035
43
1
 50
0
 0
TEXT
 8
TEXTO_NUDOS
 6
CONTINUOUS
 62
30
10
22.76055
20
7.722758
30
2.5
11
22.76055
21
7.722758
31
2.5
 1
7
 7
ROMANS
 40
0.06
 41
1
 50
0
 72
0
 73
2
 0
INSERT
 8
UNIFILAR
 6
CONTINUOUS
 62
30
 2
NUDO_DERIVACION_GAS
10
22.454727
20
7.722758
30
2.5
41
0.035
42
0.035
43
1
 50
0
 0
TEXT
 8
TEXTO_NUDOS
 6
CONTINUOUS
 62
30
10
22.454727
20
7.789008
30
2.5
11
22.454727
21
7.789008
31
2.5
 1
8
 7
ROMANS
 40
0.06
 41
1
 50
0
 72
1
 73
0
 0
INSERT
 8
UNIFILAR
 6
CONTINUOUS
 62
30
 2
NUDO_DERIVACION_GAS
10
22.177285
20
7.722758
30
2.5
41
0.035
42
0.035
43
1
 50
0
 0
TEXT
 8
TEXTO_NUDOS
 6
CONTINUOUS
 62
30
10
22.177285
20
7.789008
30
2.5
11
22.177285
21
7.789008
31
2.5
 1
9
 7
ROMANS
 40
0.06
 41
1
 50
0
 72
1
 73
0
 0
INSERT
 8
UNIFILAR
 6
CONTINUOUS
 62
30
 2
APARATO_GAS
10
21.154054
20
7.392758
30
2.5
41
0.08
42
0.08
43
1
 50
0
 0
TEXT
 8
TEXTO_NUDOS
 6
CONTINUOUS
 62
30
10
21.154054
20
7.522758
30
2.5
11
21.154054
21
7.522758
31
2.5
 1
13
 7
ROMANS
 40
0.06
 41
1
 50
0
 72
1
 73
0
 0
INSERT
 8
UNIFILAR
 6
CONTINUOUS
 62
30
 2
NUDO_PASO_GAS
10
20.909068
20
7.570693
30
2.5
41
0.02
42
0.02
43
1
 50
0
 0
TEXT
 8
TEXTO_NUDOS
 6
CONTINUOUS
 62
30
10
20.909068
20
7.625693
30
2.5
11
20.909068
21
7.625693
31
2.5
 1

 7
ROMANS
 40
0.06
 41
1
 50
0
 72
1
 73
0
 0
INSERT
 8
UNIFILAR
 6
CONTINUOUS
 62
30
 2
NUDO_DERIVACION_GAS
10
19.518292
20
7.574029
30
2.5
41
0.035
42
0.035
43
1
 50
0
 0
TEXT
 8
TEXTO_NUDOS
 6
CONTINUOUS
 62
30
10
19.518292
20
7.640279
30
2.5
11
19.518292
21
7.640279
31
2.5
 1
15
 7
ROMANS
 40
0.06
 41
1
 50
0
 72
1
 73
0
 0
INSERT
 8
UNIFILAR
 6
CONTINUOUS
 62
30
 2
NUDO_PASO_GAS
10
18.968292
20
7.573876
30
2.5
41
0.02
42
0.02
43
1
 50
0
 0
TEXT
 8
TEXTO_NUDOS
 6
CONTINUOUS
 62
30
10
18.968292
20
7.628876
30
2.5
11
18.968292
21
7.628876
31
2.5
 1

 7
ROMANS
 40
0.06
 41
1
 50
0
 72
1
 73
0
 0
INSERT
 8
UNIFILAR
 6
CONTINUOUS
 62
30
 2
NUDO_PASO_GAS
10
18.968292
20
4.902758
30
2.5
41
0.02
42
0.02
43
1
 50
0
 0
TEXT
 8
TEXTO_NUDOS
 6
CONTINUOUS
 62
30
10
19.023292
20
4.902758
30
2.5
11
19.023292
21
4.902758
31
2.5
 1

 7
ROMANS
 40
0.06
 41
1
 50
0
 72
0
 73
2
 0
INSERT
 8
UNIFILAR
 6
CONTINUOUS
 62
30
 2
NUDO_PASO_GAS
10
17.008292
20
4.902758
30
2.5
41
0.02
42
0.02
43
1
 50
0
 0
TEXT
 8
TEXTO_NUDOS
 6
CONTINUOUS
 62
30
10
16.953292
20
4.902758
30
2.5
11
16.953292
21
4.902758
31
2.5
 1

 7
ROMANS
 40
0.06
 41
1
 50
0
 72
2
 73
2
 0
INSERT
 8
UNIFILAR
 6
CONTINUOUS
 62
30
 2
NUDO_PASO_GAS
10
17.008292
20
6.102758
30
2.5
41
0.02
42
0.02
43
1
 50
0
 0
TEXT
 8
TEXTO_NUDOS
 6
CONTINUOUS
 62
30
10
17.008292
20
6.157758
30
2.5
11
17.008292
21
6.157758
31
2.5
 1

 7
ROMANS
 40
0.06
 41
1
 50
0
 72
1
 73
0
 0
INSERT
 8
UNIFILAR
 6
CONTINUOUS
 62
30
 2
NUDO_DERIVACION_GAS
10
16.677331
20
6.302392
30
2.5
41
0.035
42
0.035
43
1
 50
0
 0
TEXT
 8
TEXTO_NUDOS
 6
CONTINUOUS
 62
30
10
16.677331
20
6.368642
30
2.5
11
16.677331
21
6.368642
31
2.5
 1
16
 7
ROMANS
 40
0.06
 41
1
 50
0
 72
1
 73
0
 0
INSERT
 8
UNIFILAR
 6
CONTINUOUS
 62
30
 2
APARATO_GAS
10
16.936092
20
6.737663
30
2.5
41
0.08
42
0.08
43
1
 50
0
 0
TEXT
 8
TEXTO_NUDOS
 6
CONTINUOUS
 62
30
10
16.936092
20
6.867663
30
2.5
11
16.936092
21
6.867663
31
2.5
 1
17
 7
ROMANS
 40
0.06
 41
1
 50
0
 72
1
 73
0
 0
INSERT
 8
UNIFILAR
 6
CONTINUOUS
 62
30
 2
APARATO_GAS
10
19.516917
20
7.098894
30
2.5
41
0.08
42
0.08
43
1
 50
0
 0
TEXT
 8
TEXTO_NUDOS
 6
CONTINUOUS
 62
30
10
19.386917
20
7.098894
30
2.5
11
19.386917
21
7.098894
31
2.5
 1
20
 7
ROMANS
 40
0.06
 41
1
 50
0
 72
2
 73
2
 0
INSERT
 8
UNIFILAR
 6
CONTINUOUS
 62
30
 2
TOMA_PRESION_GAS
10
20.909052
20
7.392758
30
2.5
41
1
42
1
43
1
 50
180
 0
TEXT
 8
TEXTO_NUDOS
 6
CONTINUOUS
 62
30
10
20.842852
20
7.392758
30
2.5
11
20.842852
21
7.392758
31
2.5
 1
14
 7
ROMANS
 40
0.06
 41
1
 50
0
 72
2
 73
2
 0
INSERT
 8
UNIFILAR
 6
CONTINUOUS
 62
30
 2
NUDO_DERIVACION_GAS
10
21.897315
20
7.722758
30
2.5
41
0.035
42
0.035
43
1
 50
0
 0
TEXT
 8
TEXTO_NUDOS
 6
CONTINUOUS
 62
30
10
21.897315
20
7.789008
30
2.5
11
21.897315
21
7.789008
31
2.5
 1
10
 7
ROMANS
 40
0.06
 41
1
 50
0
 72
1
 73
0
 0
INSERT
 8
UNIFILAR
 6
CONTINUOUS
 62
30
 2
NUDO_DERIVACION_GAS
10
21.589769
20
7.722758
30
2.5
41
0.035
42
0.035
43
1
 50
0
 0
TEXT
 8
TEXTO_NUDOS
 6
CONTINUOUS
 62
30
10
21.589769
20
7.789008
30
2.5
11
21.589769
21
7.789008
31
2.5
 1
11
 7
ROMANS
 40
0.06
 41
1
 50
0
 72
1
 73
0
 0
INSERT
 8
UNIFILAR
 6
CONTINUOUS
 62
30
 2
NUDO_DERIVACION_GAS
10
21.589769
20
7.392072
30
2.5
41
0.035
42
0.035
43
1
 50
0
 0
TEXT
 8
TEXTO_NUDOS
 6
CONTINUOUS
 62
30
10
21.656019
20
7.392072
30
2.5
11
21.656019
21
7.392072
31
2.5
 1
12
 7
ROMANS
 40
0.06
 41
1
 50
0
 72
0
 73
2
 0
INSERT
 8
UNIFILAR
 6
CONTINUOUS
 62
30
 2
NUDO_DERIVACION_GAS
10
16.395311
20
6.473754
30
2.5
41
0.035
42
0.035
43
1
 50
0
 0
TEXT
 8
TEXTO_NUDOS
 6
CONTINUOUS
 62
30
10
16.395311
20
6.540004
30
2.5
11
16.395311
21
6.540004
31
2.5
 1
18
 7
ROMANS
 40
0.06
 41
1
 50
0
 72
1
 73
0
 0
INSERT
 8
UNIFILAR
 6
CONTINUOUS
 62
30
 2
APARATO_GAS
10
16.659137
20
6.900203
30
2.5
41
0.08
42
0.08
43
1
 50
0
 0
TEXT
 8
TEXTO_NUDOS
 6
CONTINUOUS
 62
30
10
16.659137
20
7.030203
30
2.5
11
16.659137
21
7.030203
31
2.5
 1
19
 7
ROMANS
 40
0.06
 41
1
 50
0
 72
1
 73
0
 0
INSERT
 8
UNIFILAR
 6
CONTINUOUS
 62
30
 2
CONEXION_PLANTAS_GAS
10
22.858292
20
11.17041
30
2.5
41
0.035
42
0.035
43
1
 50
0
 0
TEXT
 8
TEXTO_NUDOS
 6
CONTINUOUS
 62
30
10
22.858292
20
11.26291
30
2.5
11
22.858292
21
11.26291
31
2.5
 1
83
 7
ROMANS
 40
0.06
 41
1
 50
0
 72
1
 73
0
 0
INSERT
 8
UNIFILAR
 6
CONTINUOUS
 62
30
 2
NUDO_DERIVACION_GAS
10
22.694384
20
11.165165
30
2.5
41
0.035
42
0.035
43
1
 50
0
 0
TEXT
 8
TEXTO_NUDOS
 6
CONTINUOUS
 62
30
10
22.694384
20
11.231415
30
2.5
11
22.694384
21
11.231415
31
2.5
 1
84
 7
ROMANS
 40
0.06
 41
1
 50
0
 72
1
 73
0
 0
INSERT
 8
UNIFILAR
 6
CONTINUOUS
 62
30
 2
NUDO_DERIVACION_GAS
10
22.454768
20
11.165955
30
2.5
41
0.035
42
0.035
43
1
 50
0
 0
TEXT
 8
TEXTO_NUDOS
 6
CONTINUOUS
 62
30
10
22.454768
20
11.232205
30
2.5
11
22.454768
21
11.232205
31
2.5
 1
85
 7
ROMANS
 40
0.06
 41
1
 50
0
 72
1
 73
0
 0
INSERT
 8
UNIFILAR
 6
CONTINUOUS
 62
30
 2
NUDO_DERIVACION_GAS
10
22.177364
20
11.163775
30
2.5
41
0.035
42
0.035
43
1
 50
0
 0
TEXT
 8
TEXTO_NUDOS
 6
CONTINUOUS
 62
30
10
22.177364
20
11.230025
30
2.5
11
22.177364
21
11.230025
31
2.5
 1
86
 7
ROMANS
 40
0.06
 41
1
 50
0
 72
1
 73
0
 0
INSERT
 8
UNIFILAR
 6
CONTINUOUS
 62
30
 2
APARATO_GAS
10
21.154054
20
11.50041
30
2.5
41
0.08
42
0.08
43
1
 50
0
 0
TEXT
 8
TEXTO_NUDOS
 6
CONTINUOUS
 62
30
10
21.154054
20
11.63041
30
2.5
11
21.154054
21
11.63041
31
2.5
 1
90
 7
ROMANS
 40
0.06
 41
1
 50
0
 72
1
 73
0
 0
INSERT
 8
UNIFILAR
 6
CONTINUOUS
 62
30
 2
NUDO_PASO_GAS
10
20.909068
20
11.322475
30
2.5
41
0.02
42
0.02
43
1
 50
0
 0
TEXT
 8
TEXTO_NUDOS
 6
CONTINUOUS
 62
30
10
20.964068
20
11.322475
30
2.5
11
20.964068
21
11.322475
31
2.5
 1

 7
ROMANS
 40
0.06
 41
1
 50
0
 72
0
 73
2
 0
INSERT
 8
UNIFILAR
 6
CONTINUOUS
 62
30
 2
NUDO_DERIVACION_GAS
10
19.518292
20
11.319138
30
2.5
41
0.035
42
0.035
43
1
 50
0
 0
TEXT
 8
TEXTO_NUDOS
 6
CONTINUOUS
 62
30
10
19.518292
20
11.252888
30
2.5
11
19.518292
21
11.252888
31
2.5
 1
92
 7
ROMANS
 40
0.06
 41
1
 50
0
 72
1
 73
3
 0
INSERT
 8
UNIFILAR
 6
CONTINUOUS
 62
30
 2
NUDO_PASO_GAS
10
18.968292
20
11.319291
30
2.5
41
0.02
42
0.02
43
1
 50
0
 0
TEXT
 8
TEXTO_NUDOS
 6
CONTINUOUS
 62
30
10
18.913292
20
11.319291
30
2.5
11
18.913292
21
11.319291
31
2.5
 1

 7
ROMANS
 40
0.06
 41
1
 50
0
 72
2
 73
2
 0
INSERT
 8
UNIFILAR
 6
CONTINUOUS
 62
30
 2
NUDO_PASO_GAS
10
18.968292
20
13.99041
30
2.5
41
0.02
42
0.02
43
1
 50
0
 0
TEXT
 8
TEXTO_NUDOS
 6
CONTINUOUS
 62
30
10
18.968292
20
14.04541
30
2.5
11
18.968292
21
14.04541
31
2.5
 1

 7
ROMANS
 40
0.06
 41
1
 50
0
 72
1
 73
0
 0
INSERT
 8
UNIFILAR
 6
CONTINUOUS
 62
30
 2
NUDO_PASO_GAS
10
17.008292
20
13.99041
30
2.5
41
0.02
42
0.02
43
1
 50
0
 0
TEXT
 8
TEXTO_NUDOS
 6
CONTINUOUS
 62
30
10
17.008292
20
14.04541
30
2.5
11
17.008292
21
14.04541
31
2.5
 1

 7
ROMANS
 40
0.06
 41
1
 50
0
 72
1
 73
0
 0
INSERT
 8
UNIFILAR
 6
CONTINUOUS
 62
30
 2
NUDO_PASO_GAS
10
17.008292
20
12.79041
30
2.5
41
0.02
42
0.02
43
1
 50
0
 0
TEXT
 8
TEXTO_NUDOS
 6
CONTINUOUS
 62
30
10
16.953292
20
12.79041
30
2.5
11
16.953292
21
12.79041
31
2.5
 1

 7
ROMANS
 40
0.06
 41
1
 50
0
 72
2
 73
2
 0
INSERT
 8
UNIFILAR
 6
CONTINUOUS
 62
30
 2
NUDO_DERIVACION_GAS
10
16.677331
20
12.590776
30
2.5
41
0.035
42
0.035
43
1
 50
0
 0
TEXT
 8
TEXTO_NUDOS
 6
CONTINUOUS
 62
30
10
16.677331
20
12.657026
30
2.5
11
16.677331
21
12.657026
31
2.5
 1
93
 7
ROMANS
 40
0.06
 41
1
 50
0
 72
1
 73
0
 0
INSERT
 8
UNIFILAR
 6
CONTINUOUS
 62
30
 2
APARATO_GAS
10
16.936092
20
12.155505
30
2.5
41
0.08
42
0.08
43
1
 50
0
 0
TEXT
 8
TEXTO_NUDOS
 6
CONTINUOUS
 62
30
10
16.936092
20
12.285505
30
2.5
11
16.936092
21
12.285505
31
2.5
 1
94
 7
ROMANS
 40
0.06
 41
1
 50
0
 72
1
 73
0
 0
INSERT
 8
UNIFILAR
 6
CONTINUOUS
 62
30
 2
APARATO_GAS
10
19.516917
20
11.794273
30
2.5
41
0.08
42
0.08
43
1
 50
0
 0
TEXT
 8
TEXTO_NUDOS
 6
CONTINUOUS
 62
30
10
19.516917
20
11.924273
30
2.5
11
19.516917
21
11.924273
31
2.5
 1
97
 7
ROMANS
 40
0.06
 41
1
 50
0
 72
1
 73
0
 0
INSERT
 8
UNIFILAR
 6
CONTINUOUS
 62
30
 2
TOMA_PRESION_GAS
10
20.909052
20
11.50041
30
2.5
41
1
42
1
43
1
 50
0
 0
TEXT
 8
TEXTO_NUDOS
 6
CONTINUOUS
 62
30
10
20.842852
20
11.50041
30
2.5
11
20.842852
21
11.50041
31
2.5
 1
91
 7
ROMANS
 40
0.06
 41
1
 50
0
 72
2
 73
2
 0
INSERT
 8
UNIFILAR
 6
CONTINUOUS
 62
30
 2
NUDO_DERIVACION_GAS
10
21.897491
20
11.160479
30
2.5
41
0.035
42
0.035
43
1
 50
0
 0
TEXT
 8
TEXTO_NUDOS
 6
CONTINUOUS
 62
30
10
21.897491
20
11.226729
30
2.5
11
21.897491
21
11.226729
31
2.5
 1
87
 7
ROMANS
 40
0.06
 41
1
 50
0
 72
1
 73
0
 0
INSERT
 8
UNIFILAR
 6
CONTINUOUS
 62
30
 2
NUDO_DERIVACION_GAS
10
21.589863
20
11.162803
30
2.5
41
0.035
42
0.035
43
1
 50
0
 0
TEXT
 8
TEXTO_NUDOS
 6
CONTINUOUS
 62
30
10
21.523613
20
11.162803
30
2.5
11
21.523613
21
11.162803
31
2.5
 1
88
 7
ROMANS
 40
0.06
 41
1
 50
0
 72
2
 73
2
 0
INSERT
 8
UNIFILAR
 6
CONTINUOUS
 62
30
 2
NUDO_DERIVACION_GAS
10
21.591968
20
11.501088
30
2.5
41
0.035
42
0.035
43
1
 50
0
 0
TEXT
 8
TEXTO_NUDOS
 6
CONTINUOUS
 62
30
10
21.591968
20
11.567338
30
2.5
11
21.591968
21
11.567338
31
2.5
 1
89
 7
ROMANS
 40
0.06
 41
1
 50
0
 72
1
 73
0
 0
INSERT
 8
UNIFILAR
 6
CONTINUOUS
 62
30
 2
NUDO_DERIVACION_GAS
10
16.395311
20
12.419414
30
2.5
41
0.035
42
0.035
43
1
 50
0
 0
TEXT
 8
TEXTO_NUDOS
 6
CONTINUOUS
 62
30
10
16.395311
20
12.485664
30
2.5
11
16.395311
21
12.485664
31
2.5
 1
95
 7
ROMANS
 40
0.06
 41
1
 50
0
 72
1
 73
0
 0
INSERT
 8
UNIFILAR
 6
CONTINUOUS
 62
30
 2
APARATO_GAS
10
16.659137
20
11.992965
30
2.5
41
0.08
42
0.08
43
1
 50
0
 0
TEXT
 8
TEXTO_NUDOS
 6
CONTINUOUS
 62
30
10
16.659137
20
12.122965
30
2.5
11
16.659137
21
12.122965
31
2.5
 1
96
 7
ROMANS
 40
0.06
 41
1
 50
0
 72
1
 73
0
 0
LINE
 8
UNIFILAR
 6
CONTINUOUS
 62
30
10
22.805792
20
7.722758
30
2.5
11
22.72055
21
7.722758
31
2.5
 0
TEXT
 8
TEXTO_RAMAS
 6
CONTINUOUS
 62
30
10
22.776296
20
7.737758
30
2.5
11
22.776296
21
7.737758
31
2.5
 1
6 Ø20x22
 7
ROMANS
 40
0.06
 41
1
 50
0
 72
1
 73
0
 0
TEXT
 8
TEXTO_RAMAS
 6
CONTINUOUS
 62
30
10
22.776296
20
7.707758
30
2.5
11
22.776296
21
7.707758
31
2.5
 1
Cobre
 7
ROMANS
 40
0.06
 41
1
 50
0
 72
1
 73
3
 0
LINE
 8
UNIFILAR
 6
CONTINUOUS
 62
30
10
22.826296
20
7.708758
30
2.5
11
22.776296
21
7.722758
31
2.5
 0
LINE
 8
UNIFILAR
 6
CONTINUOUS
 62
30
10
22.826296
20
7.736758
30
2.5
11
22.776296
21
7.722758
31
2.5
 0
INSERT
 8
UNIFILAR
 6
CONTINUOUS
 62
30
 2
LLAVE_PASO_GAS
10
22.574514
20
7.722758
30
2.5
41
0.0375
42
0.0375
43
1
 50
180
 0
LINE
 8
UNIFILAR
 6
CONTINUOUS
 62
30
10
22.66805
20
7.722758
30
2.5
11
22.630764
21
7.722758
31
2.5
 0
LINE
 8
UNIFILAR
 6
CONTINUOUS
 62
30
10
22.518264
20
7.722758
30
2.5
11
22.480977
21
7.722758
31
2.5
 0
TEXT
 8
TEXTO_RAMAS
 6
CONTINUOUS
 62
30
10
22.574514
20
7.794008
30
2.5
11
22.574514
21
7.794008
31
2.5
 1
Ø3/4"
 7
ROMANS
 40
0.06
 41
1
 50
0
 72
1
 73
0
 0
TEXT
 8
TEXTO_RAMAS
 6
CONTINUOUS
 62
30
10
22.574514
20
7.651508
30
2.5
11
22.574514
21
7.651508
31
2.5
 1

 7
ROMANS
 40
0.06
 41
1
 50
0
 72
1
 73
3
 0
INSERT
 8
UNIFILAR
 6
CONTINUOUS
 62
30
 2
VALVULA_REG_PRESION_GAS
10
22.316006
20
7.722758
30
2.5
41
0.0375
42
0.0375
43
1
 50
180
 0
LINE
 8
UNIFILAR
 6
CONTINUOUS
 62
30
10
22.428477
20
7.722758
30
2.5
11
22.372256
21
7.722758
31
2.5
 0
LINE
 8
UNIFILAR
 6
CONTINUOUS
 62
30
10
22.259756
20
7.722758
30
2.5
11
22.203535
21
7.722758
31
2.5
 0
TEXT
 8
TEXTO_RAMAS
 6
CONTINUOUS
 62
30
10
22.316006
20
7.779945
30
2.5
11
22.316006
21
7.779945
31
2.5
 1

 7
ROMANS
 40
0.06
 41
1
 50
0
 72
1
 73
0
 0
TEXT
 8
TEXTO_RAMAS
 6
CONTINUOUS
 62
30
10
22.316006
20
7.66557
30
2.5
11
22.316006
21
7.66557
31
2.5
 1

 7
ROMANS
 40
0.06
 41
1
 50
0
 72
1
 73
3
 0
LINE
 8
UNIFILAR
 6
CONTINUOUS
 62
30
10
20.894068
20
7.570729
30
2.5
11
19.544542
21
7.573966
31
2.5
 0
LINE
 8
UNIFILAR
 6
CONTINUOUS
 62
30
10
20.909054
20
7.418958
30
2.5
11
20.909067
21
7.555693
31
2.5
 0
TEXT
 8
TEXTO_RAMAS
 6
CONTINUOUS
 62
30
10
20.213716
20
7.587361
30
2.5
11
20.213716
21
7.587361
31
2.5
 1
14 Ø20x2
 7
ROMANS
 40
0.06
 41
1
 50
359.862541
 72
1
 73
0
 0
TEXT
 8
TEXTO_RAMAS
 6
CONTINUOUS
 62
30
10
20.213644
20
7.557361
30
2.5
11
20.213644
21
7.557361
31
2.5
 1
P/Al/PEX
 7
ROMANS
 40
0.06
 41
1
 50
359.862541
 72
1
 73
3
 0
LINE
 8
UNIFILAR
 6
CONTINUOUS
 62
30
10
20.263647
20
7.558241
30
2.5
11
20.21368
21
7.572361
31
2.5
 0
LINE
 8
UNIFILAR
 6
CONTINUOUS
 62
30
10
20.263714
20
7.586241
30
2.5
11
20.21368
21
7.572361
31
2.5
 0
LINE
 8
UNIFILAR
 6
CONTINUOUS
 62
30
10
19.492042
20
7.574022
30
2.5
11
18.983292
21
7.57388
31
2.5
 0
LINE
 8
UNIFILAR
 6
CONTINUOUS
 62
30
10
18.968292
20
7.558876
30
2.5
11
18.968292
21
4.917758
31
2.5
 0
LINE
 8
UNIFILAR
 6
CONTINUOUS
 62
30
10
18.953292
20
4.902758
30
2.5
11
17.023292
21
4.902758
31
2.5
 0
LINE
 8
UNIFILAR
 6
CONTINUOUS
 62
30
10
17.008292
20
4.917758
30
2.5
11
17.008292
21
6.087758
31
2.5
 0
LINE
 8
UNIFILAR
 6
CONTINUOUS
 62
30
10
16.995448
20
6.110505
30
2.5
11
16.699808
21
6.288833
31
2.5
 0
TEXT
 8
TEXTO_RAMAS
 6
CONTINUOUS
 62
30
10
17.988292
20
4.917758
30
2.5
11
17.988292
21
4.917758
31
2.5
 1
15 Ø20x2
 7
ROMANS
 40
0.06
 41
1
 50
0
 72
1
 73
0
 0
TEXT
 8
TEXTO_RAMAS
 6
CONTINUOUS
 62
30
10
17.988292
20
4.887758
30
2.5
11
17.988292
21
4.887758
31
2.5
 1
P/Al/PEX
 7
ROMANS
 40
0.06
 41
1
 50
0
 72
1
 73
3
 0
LINE
 8
UNIFILAR
 6
CONTINUOUS
 62
30
10
18.038292
20
4.888758
30
2.5
11
17.988292
21
4.902758
31
2.5
 0
LINE
 8
UNIFILAR
 6
CONTINUOUS
 62
30
10
18.038292
20
4.916758
30
2.5
11
17.988292
21
4.902758
31
2.5
 0
INSERT
 8
UNIFILAR
 6
CONTINUOUS
 62
30
 2
LLAVE_PASO_GAS
10
16.806712
20
6.520027
30
2.5
41
0.0375
42
0.0375
43
1
 50
59.269241
 0
LINE
 8
UNIFILAR
 6
CONTINUOUS
 62
30
10
16.690745
20
6.324956
30
2.5
11
16.777968
21
6.471676
31
2.5
 0
LINE
 8
UNIFILAR
 6
CONTINUOUS
 62
30
10
16.835456
20
6.568379
30
2.5
11
16.882589
21
6.647663
31
2.5
 0
TEXT
 8
TEXTO_RAMAS
 6
CONTINUOUS
 62
30
10
16.745467
20
6.556436
30
2.5
11
16.745467
21
6.556436
31
2.5
 1
Ø1/2"
 7
ROMANS
 40
0.06
 41
1
 50
59.269241
 72
1
 73
0
 0
TEXT
 8
TEXTO_RAMAS
 6
CONTINUOUS
 62
30
10
16.867957
20
6.483618
30
2.5
11
16.867957
21
6.483618
31
2.5
 1

 7
ROMANS
 40
0.06
 41
1
 50
59.269241
 72
1
 73
3
 0
INSERT
 8
UNIFILAR
 6
CONTINUOUS
 62
30
 2
LLAVE_PASO_GAS
10
19.517605
20
7.336462
30
2.5
41
0.0375
42
0.0375
43
1
 50
269.834212
 0
LINE
 8
UNIFILAR
 6
CONTINUOUS
 62
30
10
19.518216
20
7.547779
30
2.5
11
19.517768
21
7.392712
31
2.5
 0
LINE
 8
UNIFILAR
 6
CONTINUOUS
 62
30
10
19.517442
20
7.280212
30
2.5
11
19.517178
21
7.188894
31
2.5
 0
TEXT
 8
TEXTO_RAMAS
 6
CONTINUOUS
 62
30
10
19.446355
20
7.336668
30
2.5
11
19.446355
21
7.336668
31
2.5
 1
Ø1/2"
 7
ROMANS
 40
0.06
 41
1
 50
89.834212
 72
1
 73
0
 0
TEXT
 8
TEXTO_RAMAS
 6
CONTINUOUS
 62
30
10
19.588855
20
7.336256
30
2.5
11
19.588855
21
7.336256
31
2.5
 1

 7
ROMANS
 40
0.06
 41
1
 50
89.834212
 72
1
 73
3
 0
LINE
 8
UNIFILAR
 6
CONTINUOUS
 62
30
10
21.064054
20
7.392758
30
2.5
11
20.935252
21
7.392758
31
2.5
 0
TEXT
 8
TEXTO_RAMAS
 6
CONTINUOUS
 62
30
10
21.031553
20
7.407758
30
2.5
11
21.031553
21
7.407758
31
2.5
 1
13 Ø20x2
 7
ROMANS
 40
0.06
 41
1
 50
0
 72
1
 73
0
 0
TEXT
 8
TEXTO_RAMAS
 6
CONTINUOUS
 62
30
10
21.031553
20
7.377758
30
2.5
11
21.031553
21
7.377758
31
2.5
 1
P/Al/PEX
 7
ROMANS
 40
0.06
 41
1
 50
0
 72
1
 73
3
 0
LINE
 8
UNIFILAR
 6
CONTINUOUS
 62
30
10
21.081553
20
7.378758
30
2.5
11
21.031553
21
7.392758
31
2.5
 0
LINE
 8
UNIFILAR
 6
CONTINUOUS
 62
30
10
21.081553
20
7.406758
30
2.5
11
21.031553
21
7.392758
31
2.5
 0
INSERT
 8
UNIFILAR
 6
CONTINUOUS
 62
30
 2
CONTADOR_GAS
10
22.0373
20
7.722758
30
2.5
41
0.0565
42
0.0565
43
1
 50
180
 0
LINE
 8
UNIFILAR
 6
CONTINUOUS
 62
30
10
22.151035
20
7.722758
30
2.5
11
22.100862
21
7.722758
31
2.5
 0
LINE
 8
UNIFILAR
 6
CONTINUOUS
 62
30
10
21.973737
20
7.722758
30
2.5
11
21.923565
21
7.722758
31
2.5
 0
TEXT
 8
TEXTO_RAMAS
 6
CONTINUOUS
 62
30
10
22.0373
20
7.80132
30
2.5
11
22.0373
21
7.80132
31
2.5
 1

 7
ROMANS
 40
0.06
 41
1
 50
0
 72
1
 73
0
 0
TEXT
 8
TEXTO_RAMAS
 6
CONTINUOUS
 62
30
10
22.0373
20
7.644195
30
2.5
11
22.0373
21
7.644195
31
2.5
 1

 7
ROMANS
 40
0.06
 41
1
 50
0
 72
1
 73
3
 0
INSERT
 8
UNIFILAR
 6
CONTINUOUS
 62
30
 2
LLAVE_PASO_GAS
10
21.743542
20
7.722758
30
2.5
41
0.0375
42
0.0375
43
1
 50
180
 0
LINE
 8
UNIFILAR
 6
CONTINUOUS
 62
30
10
21.871065
20
7.722758
30
2.5
11
21.799792
21
7.722758
31
2.5
 0
LINE
 8
UNIFILAR
 6
CONTINUOUS
 62
30
10
21.687292
20
7.722758
30
2.5
11
21.616019
21
7.722758
31
2.5
 0
TEXT
 8
TEXTO_RAMAS
 6
CONTINUOUS
 62
30
10
21.743542
20
7.794008
30
2.5
11
21.743542
21
7.794008
31
2.5
 1
Ø3/4"
 7
ROMANS
 40
0.06
 41
1
 50
0
 72
1
 73
0
 0
TEXT
 8
TEXTO_RAMAS
 6
CONTINUOUS
 62
30
10
21.743542
20
7.651508
30
2.5
11
21.743542
21
7.651508
31
2.5
 1

 7
ROMANS
 40
0.06
 41
1
 50
0
 72
1
 73
3
 0
LINE
 8
UNIFILAR
 6
CONTINUOUS
 62
30
10
21.589769
20
7.696508
30
2.5
11
21.589769
21
7.418322
31
2.5
 0
TEXT
 8
TEXTO_RAMAS
 6
CONTINUOUS
 62
30
10
21.574769
20
7.557415
30
2.5
11
21.574769
21
7.557415
31
2.5
 1
11 Ø20x22
 7
ROMANS
 40
0.06
 41
1
 50
90
 72
1
 73
0
 0
TEXT
 8
TEXTO_RAMAS
 6
CONTINUOUS
 62
30
10
21.604769
20
7.557415
30
2.5
11
21.604769
21
7.557415
31
2.5
 1
Cobre
 7
ROMANS
 40
0.06
 41
1
 50
90
 72
1
 73
3
 0
LINE
 8
UNIFILAR
 6
CONTINUOUS
 62
30
10
21.603769
20
7.607415
30
2.5
11
21.589769
21
7.557415
31
2.5
 0
LINE
 8
UNIFILAR
 6
CONTINUOUS
 62
30
10
21.575769
20
7.607415
30
2.5
11
21.589769
21
7.557415
31
2.5
 0
INSERT
 8
UNIFILAR
 6
CONTINUOUS
 62
30
 2
LLAVE_PASO_GAS
10
21.371911
20
7.392415
30
2.5
41
0.0375
42
0.0375
43
1
 50
179.909882
 0
LINE
 8
UNIFILAR
 6
CONTINUOUS
 62
30
10
21.563519
20
7.392114
30
2.5
11
21.428161
21
7.392327
31
2.5
 0
LINE
 8
UNIFILAR
 6
CONTINUOUS
 62
30
10
21.315661
20
7.392504
30
2.5
11
21.244054
21
7.392616
31
2.5
 0
TEXT
 8
TEXTO_RAMAS
 6
CONTINUOUS
 62
30
10
21.372023
20
7.463665
30
2.5
11
21.372023
21
7.463665
31
2.5
 1
Ø3/4"
 7
ROMANS
 40
0.06
 41
1
 50
359.909882
 72
1
 73
0
 0
TEXT
 8
TEXTO_RAMAS
 6
CONTINUOUS
 62
30
10
21.371799
20
7.321165
30
2.5
11
21.371799
21
7.321165
31
2.5
 1

 7
ROMANS
 40
0.06
 41
1
 50
359.909882
 72
1
 73
3
 0
LINE
 8
UNIFILAR
 6
CONTINUOUS
 62
30
10
16.654898
20
6.316023
30
2.5
11
16.417745
21
6.460123
31
2.5
 0
TEXT
 8
TEXTO_RAMAS
 6
CONTINUOUS
 62
30
10
16.54411
20
6.400892
30
2.5
11
16.54411
21
6.400892
31
2.5
 1
17 Ø16x2
 7
ROMANS
 40
0.06
 41
1
 50
328.716093
 72
1
 73
0
 0
TEXT
 8
TEXTO_RAMAS
 6
CONTINUOUS
 62
30
10
16.528532
20
6.375254
30
2.5
11
16.528532
21
6.375254
31
2.5
 1
P/Al/PEX
 7
ROMANS
 40
0.06
 41
1
 50
328.716093
 72
1
 73
3
 0
LINE
 8
UNIFILAR
 6
CONTINUOUS
 62
30
10
16.571782
20
6.350144
30
2.5
11
16.536321
21
6.388073
31
2.5
 0
LINE
 8
UNIFILAR
 6
CONTINUOUS
 62
30
10
16.586321
20
6.374073
30
2.5
11
16.536321
21
6.388073
31
2.5
 0
INSERT
 8
UNIFILAR
 6
CONTINUOUS
 62
30
 2
LLAVE_PASO_GAS
10
16.527224
20
6.686978
30
2.5
41
0.0375
42
0.0375
43
1
 50
58.256744
 0
LINE
 8
UNIFILAR
 6
CONTINUOUS
 62
30
10
16.409122
20
6.496077
30
2.5
11
16.49763
21
6.639143
31
2.5
 0
LINE
 8
UNIFILAR
 6
CONTINUOUS
 62
30
10
16.556818
20
6.734814
30
2.5
11
16.603458
21
6.810203
31
2.5
 0
TEXT
 8
TEXTO_RAMAS
 6
CONTINUOUS
 62
30
10
16.466632
20
6.724464
30
2.5
11
16.466632
21
6.724464
31
2.5
 1
Ø3/8"
 7
ROMANS
 40
0.06
 41
1
 50
58.256744
 72
1
 73
0
 0
TEXT
 8
TEXTO_RAMAS
 6
CONTINUOUS
 62
30
10
16.587816
20
6.649493
30
2.5
11
16.587816
21
6.649493
31
2.5
 1

 7
ROMANS
 40
0.06
 41
1
 50
58.256744
 72
1
 73
3
 0
LINE
 8
UNIFILAR
 6
CONTINUOUS
 62
30
10
22.805819
20
11.168731
30
2.5
11
22.720621
21
11.166004
31
2.5
 0
TEXT
 8
TEXTO_RAMAS
 6
CONTINUOUS
 62
30
10
22.775859
20
11.18278
30
2.5
11
22.775859
21
11.18278
31
2.5
 1
83 Ø20x22
 7
ROMANS
 40
0.06
 41
1
 50
1.832804
 72
1
 73
0
 0
TEXT
 8
TEXTO_RAMAS
 6
CONTINUOUS
 62
30
10
22.776818
20
11.152795
30
2.5
11
22.776818
21
11.152795
31
2.5
 1
Cobre
 7
ROMANS
 40
0.06
 41
1
 50
1.832804
 72
1
 73
3
 0
LINE
 8
UNIFILAR
 6
CONTINUOUS
 62
30
10
22.82676
20
11.155394
30
2.5
11
22.776338
21
11.167787
31
2.5
 0
LINE
 8
UNIFILAR
 6
CONTINUOUS
 62
30
10
22.825865
20
11.183379
30
2.5
11
22.776338
21
11.167787
31
2.5
 0
INSERT
 8
UNIFILAR
 6
CONTINUOUS
 62
30
 2
LLAVE_PASO_GAS
10
22.574576
20
11.16556
30
2.5
41
0.0375
42
0.0375
43
1
 50
179.811089
 0
LINE
 8
UNIFILAR
 6
CONTINUOUS
 62
30
10
22.668134
20
11.165251
30
2.5
11
22.630826
21
11.165374
31
2.5
 0
LINE
 8
UNIFILAR
 6
CONTINUOUS
 62
30
10
22.518327
20
11.165745
30
2.5
11
22.481018
21
11.165868
31
2.5
 0
TEXT
 8
TEXTO_RAMAS
 6
CONTINUOUS
 62
30
10
22.574811
20
11.236809
30
2.5
11
22.574811
21
11.236809
31
2.5
 1
Ø3/4"
 7
ROMANS
 40
0.06
 41
1
 50
359.811089
 72
1
 73
0
 0
TEXT
 8
TEXTO_RAMAS
 6
CONTINUOUS
 62
30
10
22.574341
20
11.09431
30
2.5
11
22.574341
21
11.09431
31
2.5
 1

 7
ROMANS
 40
0.06
 41
1
 50
359.811089
 72
1
 73
3
 0
INSERT
 8
UNIFILAR
 6
CONTINUOUS
 62
30
 2
VALVULA_REG_PRESION_GAS
10
22.316066
20
11.164865
30
2.5
41
0.0375
42
0.0375
43
1
 50
180.45019
 0
LINE
 8
UNIFILAR
 6
CONTINUOUS
 62
30
10
22.428519
20
11.165749
30
2.5
11
22.372314
21
11.165307
31
2.5
 0
LINE
 8
UNIFILAR
 6
CONTINUOUS
 62
30
10
22.259818
20
11.164423
30
2.5
11
22.203613
21
11.163981
31
2.5
 0
TEXT
 8
TEXTO_RAMAS
 6
CONTINUOUS
 62
30
10
22.315617
20
11.222051
30
2.5
11
22.315617
21
11.222051
31
2.5
 1

 7
ROMANS
 40
0.06
 41
1
 50
0.45019
 72
1
 73
0
 0
TEXT
 8
TEXTO_RAMAS
 6
CONTINUOUS
 62
30
10
22.316516
20
11.107679
30
2.5
11
22.316516
21
11.107679
31
2.5
 1

 7
ROMANS
 40
0.06
 41
1
 50
0.45019
 72
1
 73
3
 0
LINE
 8
UNIFILAR
 6
CONTINUOUS
 62
30
10
20.894068
20
11.322439
30
2.5
11
19.544542
21
11.319201
31
2.5
 0
LINE
 8
UNIFILAR
 6
CONTINUOUS
 62
30
10
20.909054
20
11.47421
30
2.5
11
20.909067
21
11.337475
31
2.5
 0
TEXT
 8
TEXTO_RAMAS
 6
CONTINUOUS
 62
30
10
20.213644
20
11.335806
30
2.5
11
20.213644
21
11.335806
31
2.5
 1
91 Ø20x2
 7
ROMANS
 40
0.06
 41
1
 50
0.137459
 72
1
 73
0
 0
TEXT
 8
TEXTO_RAMAS
 6
CONTINUOUS
 62
30
10
20.213716
20
11.305806
30
2.5
11
20.213716
21
11.305806
31
2.5
 1
P/Al/PEX
 7
ROMANS
 40
0.06
 41
1
 50
0.137459
 72
1
 73
3
 0
LINE
 8
UNIFILAR
 6
CONTINUOUS
 62
30
10
20.263714
20
11.306926
30
2.5
11
20.21368
21
11.320806
31
2.5
 0
LINE
 8
UNIFILAR
 6
CONTINUOUS
 62
30
10
20.263647
20
11.334926
30
2.5
11
20.21368
21
11.320806
31
2.5
 0
LINE
 8
UNIFILAR
 6
CONTINUOUS
 62
30
10
19.492042
20
11.319145
30
2.5
11
18.983292
21
11.319287
31
2.5
 0
LINE
 8
UNIFILAR
 6
CONTINUOUS
 62
30
10
18.968292
20
11.334291
30
2.5
11
18.968292
21
13.97541
31
2.5
 0
LINE
 8
UNIFILAR
 6
CONTINUOUS
 62
30
10
18.953292
20
13.99041
30
2.5
11
17.023292
21
13.99041
31
2.5
 0
LINE
 8
UNIFILAR
 6
CONTINUOUS
 62
30
10
17.008292
20
13.97541
30
2.5
11
17.008292
21
12.80541
31
2.5
 0
LINE
 8
UNIFILAR
 6
CONTINUOUS
 62
30
10
16.995448
20
12.782662
30
2.5
11
16.699808
21
12.604334
31
2.5
 0
TEXT
 8
TEXTO_RAMAS
 6
CONTINUOUS
 62
30
10
17.988292
20
14.00541
30
2.5
11
17.988292
21
14.00541
31
2.5
 1
92 Ø20x2
 7
ROMANS
 40
0.06
 41
1
 50
0
 72
1
 73
0
 0
TEXT
 8
TEXTO_RAMAS
 6
CONTINUOUS
 62
30
10
17.988292
20
13.97541
30
2.5
11
17.988292
21
13.97541
31
2.5
 1
P/Al/PEX
 7
ROMANS
 40
0.06
 41
1
 50
0
 72
1
 73
3
 0
LINE
 8
UNIFILAR
 6
CONTINUOUS
 62
30
10
18.038292
20
13.97641
30
2.5
11
17.988292
21
13.99041
31
2.5
 0
LINE
 8
UNIFILAR
 6
CONTINUOUS
 62
30
10
18.038292
20
14.00441
30
2.5
11
17.988292
21
13.99041
31
2.5
 0
INSERT
 8
UNIFILAR
 6
CONTINUOUS
 62
30
 2
LLAVE_PASO_GAS
10
16.806712
20
12.37314
30
2.5
41
0.0375
42
0.0375
43
1
 50
300.730759
 0
LINE
 8
UNIFILAR
 6
CONTINUOUS
 62
30
10
16.690745
20
12.568212
30
2.5
11
16.777968
21
12.421491
31
2.5
 0
LINE
 8
UNIFILAR
 6
CONTINUOUS
 62
30
10
16.835456
20
12.324789
30
2.5
11
16.882589
21
12.245505
31
2.5
 0
TEXT
 8
TEXTO_RAMAS
 6
CONTINUOUS
 62
30
10
16.867957
20
12.409549
30
2.5
11
16.867957
21
12.409549
31
2.5
 1
Ø1/2"
 7
ROMANS
 40
0.06
 41
1
 50
300.730759
 72
1
 73
0
 0
TEXT
 8
TEXTO_RAMAS
 6
CONTINUOUS
 62
30
10
16.745467
20
12.336731
30
2.5
11
16.745467
21
12.336731
31
2.5
 1

 7
ROMANS
 40
0.06
 41
1
 50
300.730759
 72
1
 73
3
 0
INSERT
 8
UNIFILAR
 6
CONTINUOUS
 62
30
 2
LLAVE_PASO_GAS
10
19.517605
20
11.556706
30
2.5
41
0.0375
42
0.0375
43
1
 50
90.165788
 0
LINE
 8
UNIFILAR
 6
CONTINUOUS
 62
30
10
19.518216
20
11.345388
30
2.5
11
19.517768
21
11.500456
31
2.5
 0
LINE
 8
UNIFILAR
 6
CONTINUOUS
 62
30
10
19.517442
20
11.612955
30
2.5
11
19.517178
21
11.704273
31
2.5
 0
TEXT
 8
TEXTO_RAMAS
 6
CONTINUOUS
 62
30
10
19.588855
20
11.556912
30
2.5
11
19.588855
21
11.556912
31
2.5
 1
Ø1/2"
 7
ROMANS
 40
0.06
 41
1
 50
270.165788
 72
1
 73
0
 0
TEXT
 8
TEXTO_RAMAS
 6
CONTINUOUS
 62
30
10
19.446355
20
11.5565
30
2.5
11
19.446355
21
11.5565
31
2.5
 1

 7
ROMANS
 40
0.06
 41
1
 50
270.165788
 72
1
 73
3
 0
LINE
 8
UNIFILAR
 6
CONTINUOUS
 62
30
10
21.064054
20
11.50041
30
2.5
11
20.935252
21
11.50041
31
2.5
 0
TEXT
 8
TEXTO_RAMAS
 6
CONTINUOUS
 62
30
10
21.031553
20
11.51541
30
2.5
11
21.031553
21
11.51541
31
2.5
 1
90 Ø20x2
 7
ROMANS
 40
0.06
 41
1
 50
0
 72
1
 73
0
 0
TEXT
 8
TEXTO_RAMAS
 6
CONTINUOUS
 62
30
10
21.031553
20
11.48541
30
2.5
11
21.031553
21
11.48541
31
2.5
 1
P/Al/PEX
 7
ROMANS
 40
0.06
 41
1
 50
0
 72
1
 73
3
 0
LINE
 8
UNIFILAR
 6
CONTINUOUS
 62
30
10
21.081553
20
11.48641
30
2.5
11
21.031553
21
11.50041
31
2.5
 0
LINE
 8
UNIFILAR
 6
CONTINUOUS
 62
30
10
21.081553
20
11.51441
30
2.5
11
21.031553
21
11.50041
31
2.5
 0
INSERT
 8
UNIFILAR
 6
CONTINUOUS
 62
30
 2
CONTADOR_GAS
10
22.037427
20
11.162127
30
2.5
41
0.0565
42
0.0565
43
1
 50
180.674776
 0
LINE
 8
UNIFILAR
 6
CONTINUOUS
 62
30
10
22.151116
20
11.163466
30
2.5
11
22.100986
21
11.162876
31
2.5
 0
LINE
 8
UNIFILAR
 6
CONTINUOUS
 62
30
10
21.973869
20
11.161378
30
2.5
11
21.923739
21
11.160788
31
2.5
 0
TEXT
 8
TEXTO_RAMAS
 6
CONTINUOUS
 62
30
10
22.036502
20
11.240684
30
2.5
11
22.036502
21
11.240684
31
2.5
 1

 7
ROMANS
 40
0.06
 41
1
 50
0.674776
 72
1
 73
0
 0
TEXT
 8
TEXTO_RAMAS
 6
CONTINUOUS
 62
30
10
22.038353
20
11.08357
30
2.5
11
22.038353
21
11.08357
31
2.5
 1

 7
ROMANS
 40
0.06
 41
1
 50
0.674776
 72
1
 73
3
 0
INSERT
 8
UNIFILAR
 6
CONTINUOUS
 62
30
 2
LLAVE_PASO_GAS
10
21.743677
20
11.161641
30
2.5
41
0.0375
42
0.0375
43
1
 50
179.567205
 0
LINE
 8
UNIFILAR
 6
CONTINUOUS
 62
30
10
21.871242
20
11.160677
30
2.5
11
21.799925
21
11.161216
31
2.5
 0
LINE
 8
UNIFILAR
 6
CONTINUOUS
 62
30
10
21.687428
20
11.162066
30
2.5
11
21.616112
21
11.162604
31
2.5
 0
TEXT
 8
TEXTO_RAMAS
 6
CONTINUOUS
 62
30
10
21.744215
20
11.232889
30
2.5
11
21.744215
21
11.232889
31
2.5
 1
Ø3/4"
 7
ROMANS
 40
0.06
 41
1
 50
359.567205
 72
1
 73
0
 0
TEXT
 8
TEXTO_RAMAS
 6
CONTINUOUS
 62
30
10
21.743139
20
11.090393
30
2.5
11
21.743139
21
11.090393
31
2.5
 1

 7
ROMANS
 40
0.06
 41
1
 50
359.567205
 72
1
 73
3
 0
LINE
 8
UNIFILAR
 6
CONTINUOUS
 62
30
10
21.590026
20
11.189052
30
2.5
11
21.591804
21
11.474838
31
2.5
 0
TEXT
 8
TEXTO_RAMAS
 6
CONTINUOUS
 62
30
10
21.575915
20
11.332038
30
2.5
11
21.575915
21
11.332038
31
2.5
 1
88 Ø20x22
 7
ROMANS
 40
0.06
 41
1
 50
89.643509
 72
1
 73
0
 0
TEXT
 8
TEXTO_RAMAS
 6
CONTINUOUS
 62
30
10
21.605915
20
11.331852
30
2.5
11
21.605915
21
11.331852
31
2.5
 1
Cobre
 7
ROMANS
 40
0.06
 41
1
 50
89.643509
 72
1
 73
3
 0
LINE
 8
UNIFILAR
 6
CONTINUOUS
 62
30
10
21.576604
20
11.282033
30
2.5
11
21.590915
21
11.331945
31
2.5
 0
LINE
 8
UNIFILAR
 6
CONTINUOUS
 62
30
10
21.604604
20
11.281859
30
2.5
11
21.590915
21
11.331945
31
2.5
 0
INSERT
 8
UNIFILAR
 6
CONTINUOUS
 62
30
 2
LLAVE_PASO_GAS
10
21.373011
20
11.500749
30
2.5
41
0.0375
42
0.0375
43
1
 50
180.088708
 0
LINE
 8
UNIFILAR
 6
CONTINUOUS
 62
30
10
21.565718
20
11.501047
30
2.5
11
21.429261
21
11.500836
31
2.5
 0
LINE
 8
UNIFILAR
 6
CONTINUOUS
 62
30
10
21.316761
20
11.500662
30
2.5
11
21.244054
21
11.500549
31
2.5
 0
TEXT
 8
TEXTO_RAMAS
 6
CONTINUOUS
 62
30
10
21.3729
20
11.571999
30
2.5
11
21.3729
21
11.571999
31
2.5
 1
Ø3/4"
 7
ROMANS
 40
0.06
 41
1
 50
0.088708
 72
1
 73
0
 0
TEXT
 8
TEXTO_RAMAS
 6
CONTINUOUS
 62
30
10
21.373121
20
11.429499
30
2.5
11
21.373121
21
11.429499
31
2.5
 1

 7
ROMANS
 40
0.06
 41
1
 50
0.088708
 72
1
 73
3
 0
LINE
 8
UNIFILAR
 6
CONTINUOUS
 62
30
10
16.654898
20
12.577145
30
2.5
11
16.417745
21
12.433045
31
2.5
 0
TEXT
 8
TEXTO_RAMAS
 6
CONTINUOUS
 62
30
10
16.528532
20
12.517914
30
2.5
11
16.528532
21
12.517914
31
2.5
 1
94 Ø16x2
 7
ROMANS
 40
0.06
 41
1
 50
31.283907
 72
1
 73
0
 0
TEXT
 8
TEXTO_RAMAS
 6
CONTINUOUS
 62
30
10
16.54411
20
12.492276
30
2.5
11
16.54411
21
12.492276
31
2.5
 1
P/Al/PEX
 7
ROMANS
 40
0.06
 41
1
 50
31.283907
 72
1
 73
3
 0
LINE
 8
UNIFILAR
 6
CONTINUOUS
 62
30
10
16.586321
20
12.519094
30
2.5
11
16.536321
21
12.505095
31
2.5
 0
LINE
 8
UNIFILAR
 6
CONTINUOUS
 62
30
10
16.571782
20
12.543023
30
2.5
11
16.536321
21
12.505095
31
2.5
 0
INSERT
 8
UNIFILAR
 6
CONTINUOUS
 62
30
 2
LLAVE_PASO_GAS
10
16.527224
20
12.206189
30
2.5
41
0.0375
42
0.0375
43
1
 50
301.743256
 0
LINE
 8
UNIFILAR
 6
CONTINUOUS
 62
30
10
16.409122
20
12.39709
30
2.5
11
16.49763
21
12.254025
31
2.5
 0
LINE
 8
UNIFILAR
 6
CONTINUOUS
 62
30
10
16.556818
20
12.158353
30
2.5
11
16.603458
21
12.082965
31
2.5
 0
TEXT
 8
TEXTO_RAMAS
 6
CONTINUOUS
 62
30
10
16.587816
20
12.243675
30
2.5
11
16.587816
21
12.243675
31
2.5
 1
Ø3/8"
 7
ROMANS
 40
0.06
 41
1
 50
301.743256
 72
1
 73
0
 0
TEXT
 8
TEXTO_RAMAS
 6
CONTINUOUS
 62
30
10
16.466632
20
12.168704
30
2.5
11
16.466632
21
12.168704
31
2.5
 1

 7
ROMANS
 40
0.06
 41
1
 50
301.743256
 72
1
 73
3
 0
INSERT
 8
UNIFILAR
 6
CONTINUOUS
 62
30
 2
CONEXION_PLANTAS_GAS
10
22.858292
20
7.722758
30
5.1
41
0.035
42
0.035
43
1
 50
0
 0
TEXT
 8
TEXTO_NUDOS
 6
CONTINUOUS
 62
30
10
22.858292
20
7.815258
30
5.1
11
22.858292
21
7.815258
31
5.1
 1
21
 7
ROMANS
 40
0.06
 41
1
 50
0
 72
1
 73
0
 0
INSERT
 8
UNIFILAR
 6
CONTINUOUS
 62
30
 2
NUDO_DERIVACION_GAS
10
22.694384
20
7.728003
30
5.1
41
0.035
42
0.035
43
1
 50
0
 0
TEXT
 8
TEXTO_NUDOS
 6
CONTINUOUS
 62
30
10
22.694384
20
7.794253
30
5.1
11
22.694384
21
7.794253
31
5.1
 1
22
 7
ROMANS
 40
0.06
 41
1
 50
0
 72
1
 73
0
 0
INSERT
 8
UNIFILAR
 6
CONTINUOUS
 62
30
 2
NUDO_DERIVACION_GAS
10
22.454767
20
7.728003
30
5.1
41
0.035
42
0.035
43
1
 50
0
 0
TEXT
 8
TEXTO_NUDOS
 6
CONTINUOUS
 62
30
10
22.454767
20
7.794253
30
5.1
11
22.454767
21
7.794253
31
5.1
 1
23
 7
ROMANS
 40
0.06
 41
1
 50
0
 72
1
 73
0
 0
INSERT
 8
UNIFILAR
 6
CONTINUOUS
 62
30
 2
NUDO_DERIVACION_GAS
10
22.17736
20
7.728003
30
5.1
41
0.035
42
0.035
43
1
 50
0
 0
TEXT
 8
TEXTO_NUDOS
 6
CONTINUOUS
 62
30
10
22.17736
20
7.794253
30
5.1
11
22.17736
21
7.794253
31
5.1
 1
24
 7
ROMANS
 40
0.06
 41
1
 50
0
 72
1
 73
0
 0
INSERT
 8
UNIFILAR
 6
CONTINUOUS
 62
30
 2
APARATO_GAS
10
21.154054
20
7.392758
30
5.1
41
0.08
42
0.08
43
1
 50
0
 0
TEXT
 8
TEXTO_NUDOS
 6
CONTINUOUS
 62
30
10
21.154054
20
7.522758
30
5.1
11
21.154054
21
7.522758
31
5.1
 1
28
 7
ROMANS
 40
0.06
 41
1
 50
0
 72
1
 73
0
 0
INSERT
 8
UNIFILAR
 6
CONTINUOUS
 62
30
 2
NUDO_PASO_GAS
10
20.909068
20
7.570693
30
5.1
41
0.02
42
0.02
43
1
 50
0
 0
TEXT
 8
TEXTO_NUDOS
 6
CONTINUOUS
 62
30
10
20.909068
20
7.625693
30
5.1
11
20.909068
21
7.625693
31
5.1
 1

 7
ROMANS
 40
0.06
 41
1
 50
0
 72
1
 73
0
 0
INSERT
 8
UNIFILAR
 6
CONTINUOUS
 62
30
 2
NUDO_DERIVACION_GAS
10
19.518292
20
7.574029
30
5.1
41
0.035
42
0.035
43
1
 50
0
 0
TEXT
 8
TEXTO_NUDOS
 6
CONTINUOUS
 62
30
10
19.518292
20
7.640279
30
5.1
11
19.518292
21
7.640279
31
5.1
 1
30
 7
ROMANS
 40
0.06
 41
1
 50
0
 72
1
 73
0
 0
INSERT
 8
UNIFILAR
 6
CONTINUOUS
 62
30
 2
NUDO_PASO_GAS
10
18.968292
20
7.573876
30
5.1
41
0.02
42
0.02
43
1
 50
0
 0
TEXT
 8
TEXTO_NUDOS
 6
CONTINUOUS
 62
30
10
18.968292
20
7.628876
30
5.1
11
18.968292
21
7.628876
31
5.1
 1

 7
ROMANS
 40
0.06
 41
1
 50
0
 72
1
 73
0
 0
INSERT
 8
UNIFILAR
 6
CONTINUOUS
 62
30
 2
NUDO_PASO_GAS
10
18.968292
20
4.902758
30
5.1
41
0.02
42
0.02
43
1
 50
0
 0
TEXT
 8
TEXTO_NUDOS
 6
CONTINUOUS
 62
30
10
19.023292
20
4.902758
30
5.1
11
19.023292
21
4.902758
31
5.1
 1

 7
ROMANS
 40
0.06
 41
1
 50
0
 72
0
 73
2
 0
INSERT
 8
UNIFILAR
 6
CONTINUOUS
 62
30
 2
NUDO_PASO_GAS
10
17.008292
20
4.902758
30
5.1
41
0.02
42
0.02
43
1
 50
0
 0
TEXT
 8
TEXTO_NUDOS
 6
CONTINUOUS
 62
30
10
16.953292
20
4.902758
30
5.1
11
16.953292
21
4.902758
31
5.1
 1

 7
ROMANS
 40
0.06
 41
1
 50
0
 72
2
 73
2
 0
INSERT
 8
UNIFILAR
 6
CONTINUOUS
 62
30
 2
NUDO_PASO_GAS
10
17.008292
20
6.102758
30
5.1
41
0.02
42
0.02
43
1
 50
0
 0
TEXT
 8
TEXTO_NUDOS
 6
CONTINUOUS
 62
30
10
17.008292
20
6.157758
30
5.1
11
17.008292
21
6.157758
31
5.1
 1

 7
ROMANS
 40
0.06
 41
1
 50
0
 72
1
 73
0
 0
INSERT
 8
UNIFILAR
 6
CONTINUOUS
 62
30
 2
NUDO_DERIVACION_GAS
10
16.677331
20
6.302392
30
5.1
41
0.035
42
0.035
43
1
 50
0
 0
TEXT
 8
TEXTO_NUDOS
 6
CONTINUOUS
 62
30
10
16.677331
20
6.368642
30
5.1
11
16.677331
21
6.368642
31
5.1
 1
31
 7
ROMANS
 40
0.06
 41
1
 50
0
 72
1
 73
0
 0
INSERT
 8
UNIFILAR
 6
CONTINUOUS
 62
30
 2
APARATO_GAS
10
16.936092
20
6.737663
30
5.1
41
0.08
42
0.08
43
1
 50
0
 0
TEXT
 8
TEXTO_NUDOS
 6
CONTINUOUS
 62
30
10
16.936092
20
6.867663
30
5.1
11
16.936092
21
6.867663
31
5.1
 1
32
 7
ROMANS
 40
0.06
 41
1
 50
0
 72
1
 73
0
 0
INSERT
 8
UNIFILAR
 6
CONTINUOUS
 62
30
 2
APARATO_GAS
10
19.516917
20
7.098894
30
5.1
41
0.08
42
0.08
43
1
 50
0
 0
TEXT
 8
TEXTO_NUDOS
 6
CONTINUOUS
 62
30
10
19.386917
20
7.098894
30
5.1
11
19.386917
21
7.098894
31
5.1
 1
35
 7
ROMANS
 40
0.06
 41
1
 50
0
 72
2
 73
2
 0
INSERT
 8
UNIFILAR
 6
CONTINUOUS
 62
30
 2
TOMA_PRESION_GAS
10
20.909052
20
7.392758
30
5.1
41
1
42
1
43
1
 50
180
 0
TEXT
 8
TEXTO_NUDOS
 6
CONTINUOUS
 62
30
10
20.842852
20
7.392758
30
5.1
11
20.842852
21
7.392758
31
5.1
 1
29
 7
ROMANS
 40
0.06
 41
1
 50
0
 72
2
 73
2
 0
INSERT
 8
UNIFILAR
 6
CONTINUOUS
 62
30
 2
NUDO_DERIVACION_GAS
10
21.897452
20
7.728003
30
5.1
41
0.035
42
0.035
43
1
 50
0
 0
TEXT
 8
TEXTO_NUDOS
 6
CONTINUOUS
 62
30
10
21.897452
20
7.794253
30
5.1
11
21.897452
21
7.794253
31
5.1
 1
25
 7
ROMANS
 40
0.06
 41
1
 50
0
 72
1
 73
0
 0
INSERT
 8
UNIFILAR
 6
CONTINUOUS
 62
30
 2
NUDO_DERIVACION_GAS
10
21.589854
20
7.728003
30
5.1
41
0.035
42
0.035
43
1
 50
0
 0
TEXT
 8
TEXTO_NUDOS
 6
CONTINUOUS
 62
30
10
21.589854
20
7.794253
30
5.1
11
21.589854
21
7.794253
31
5.1
 1
26
 7
ROMANS
 40
0.06
 41
1
 50
0
 72
1
 73
0
 0
INSERT
 8
UNIFILAR
 6
CONTINUOUS
 62
30
 2
NUDO_DERIVACION_GAS
10
21.589854
20
7.392073
30
5.1
41
0.035
42
0.035
43
1
 50
0
 0
TEXT
 8
TEXTO_NUDOS
 6
CONTINUOUS
 62
30
10
21.656104
20
7.392073
30
5.1
11
21.656104
21
7.392073
31
5.1
 1
27
 7
ROMANS
 40
0.06
 41
1
 50
0
 72
0
 73
2
 0
INSERT
 8
UNIFILAR
 6
CONTINUOUS
 62
30
 2
NUDO_DERIVACION_GAS
10
16.395311
20
6.473754
30
5.1
41
0.035
42
0.035
43
1
 50
0
 0
TEXT
 8
TEXTO_NUDOS
 6
CONTINUOUS
 62
30
10
16.395311
20
6.540004
30
5.1
11
16.395311
21
6.540004
31
5.1
 1
33
 7
ROMANS
 40
0.06
 41
1
 50
0
 72
1
 73
0
 0
INSERT
 8
UNIFILAR
 6
CONTINUOUS
 62
30
 2
APARATO_GAS
10
16.659137
20
6.900203
30
5.1
41
0.08
42
0.08
43
1
 50
0
 0
TEXT
 8
TEXTO_NUDOS
 6
CONTINUOUS
 62
30
10
16.659137
20
7.030203
30
5.1
11
16.659137
21
7.030203
31
5.1
 1
34
 7
ROMANS
 40
0.06
 41
1
 50
0
 72
1
 73
0
 0
INSERT
 8
UNIFILAR
 6
CONTINUOUS
 62
30
 2
CONEXION_PLANTAS_GAS
10
22.858292
20
11.17041
30
5.1
41
0.035
42
0.035
43
1
 50
0
 0
TEXT
 8
TEXTO_NUDOS
 6
CONTINUOUS
 62
30
10
22.858292
20
11.26291
30
5.1
11
22.858292
21
11.26291
31
5.1
 1
98
 7
ROMANS
 40
0.06
 41
1
 50
0
 72
1
 73
0
 0
INSERT
 8
UNIFILAR
 6
CONTINUOUS
 62
30
 2
NUDO_DERIVACION_GAS
10
22.694384
20
11.165165
30
5.1
41
0.035
42
0.035
43
1
 50
0
 0
TEXT
 8
TEXTO_NUDOS
 6
CONTINUOUS
 62
30
10
22.694384
20
11.231415
30
5.1
11
22.694384
21
11.231415
31
5.1
 1
99
 7
ROMANS
 40
0.06
 41
1
 50
0
 72
1
 73
0
 0
INSERT
 8
UNIFILAR
 6
CONTINUOUS
 62
30
 2
NUDO_DERIVACION_GAS
10
22.454768
20
11.165955
30
5.1
41
0.035
42
0.035
43
1
 50
0
 0
TEXT
 8
TEXTO_NUDOS
 6
CONTINUOUS
 62
30
10
22.454768
20
11.232205
30
5.1
11
22.454768
21
11.232205
31
5.1
 1
100
 7
ROMANS
 40
0.06
 41
1
 50
0
 72
1
 73
0
 0
INSERT
 8
UNIFILAR
 6
CONTINUOUS
 62
30
 2
NUDO_DERIVACION_GAS
10
22.177364
20
11.163775
30
5.1
41
0.035
42
0.035
43
1
 50
0
 0
TEXT
 8
TEXTO_NUDOS
 6
CONTINUOUS
 62
30
10
22.177364
20
11.230025
30
5.1
11
22.177364
21
11.230025
31
5.1
 1
101
 7
ROMANS
 40
0.06
 41
1
 50
0
 72
1
 73
0
 0
INSERT
 8
UNIFILAR
 6
CONTINUOUS
 62
30
 2
APARATO_GAS
10
21.154054
20
11.50041
30
5.1
41
0.08
42
0.08
43
1
 50
0
 0
TEXT
 8
TEXTO_NUDOS
 6
CONTINUOUS
 62
30
10
21.154054
20
11.63041
30
5.1
11
21.154054
21
11.63041
31
5.1
 1
105
 7
ROMANS
 40
0.06
 41
1
 50
0
 72
1
 73
0
 0
INSERT
 8
UNIFILAR
 6
CONTINUOUS
 62
30
 2
NUDO_PASO_GAS
10
20.909068
20
11.322475
30
5.1
41
0.02
42
0.02
43
1
 50
0
 0
TEXT
 8
TEXTO_NUDOS
 6
CONTINUOUS
 62
30
10
20.964068
20
11.322475
30
5.1
11
20.964068
21
11.322475
31
5.1
 1

 7
ROMANS
 40
0.06
 41
1
 50
0
 72
0
 73
2
 0
INSERT
 8
UNIFILAR
 6
CONTINUOUS
 62
30
 2
NUDO_DERIVACION_GAS
10
19.518292
20
11.319138
30
5.1
41
0.035
42
0.035
43
1
 50
0
 0
TEXT
 8
TEXTO_NUDOS
 6
CONTINUOUS
 62
30
10
19.518292
20
11.252888
30
5.1
11
19.518292
21
11.252888
31
5.1
 1
107
 7
ROMANS
 40
0.06
 41
1
 50
0
 72
1
 73
3
 0
INSERT
 8
UNIFILAR
 6
CONTINUOUS
 62
30
 2
NUDO_PASO_GAS
10
18.968292
20
11.319291
30
5.1
41
0.02
42
0.02
43
1
 50
0
 0
TEXT
 8
TEXTO_NUDOS
 6
CONTINUOUS
 62
30
10
18.913292
20
11.319291
30
5.1
11
18.913292
21
11.319291
31
5.1
 1

 7
ROMANS
 40
0.06
 41
1
 50
0
 72
2
 73
2
 0
INSERT
 8
UNIFILAR
 6
CONTINUOUS
 62
30
 2
NUDO_PASO_GAS
10
18.968292
20
13.99041
30
5.1
41
0.02
42
0.02
43
1
 50
0
 0
TEXT
 8
TEXTO_NUDOS
 6
CONTINUOUS
 62
30
10
18.968292
20
14.04541
30
5.1
11
18.968292
21
14.04541
31
5.1
 1

 7
ROMANS
 40
0.06
 41
1
 50
0
 72
1
 73
0
 0
INSERT
 8
UNIFILAR
 6
CONTINUOUS
 62
30
 2
NUDO_PASO_GAS
10
17.008292
20
13.99041
30
5.1
41
0.02
42
0.02
43
1
 50
0
 0
TEXT
 8
TEXTO_NUDOS
 6
CONTINUOUS
 62
30
10
17.008292
20
14.04541
30
5.1
11
17.008292
21
14.04541
31
5.1
 1

 7
ROMANS
 40
0.06
 41
1
 50
0
 72
1
 73
0
 0
INSERT
 8
UNIFILAR
 6
CONTINUOUS
 62
30
 2
NUDO_PASO_GAS
10
17.008292
20
12.79041
30
5.1
41
0.02
42
0.02
43
1
 50
0
 0
TEXT
 8
TEXTO_NUDOS
 6
CONTINUOUS
 62
30
10
16.953292
20
12.79041
30
5.1
11
16.953292
21
12.79041
31
5.1
 1

 7
ROMANS
 40
0.06
 41
1
 50
0
 72
2
 73
2
 0
INSERT
 8
UNIFILAR
 6
CONTINUOUS
 62
30
 2
NUDO_DERIVACION_GAS
10
16.677331
20
12.590776
30
5.1
41
0.035
42
0.035
43
1
 50
0
 0
TEXT
 8
TEXTO_NUDOS
 6
CONTINUOUS
 62
30
10
16.677331
20
12.657026
30
5.1
11
16.677331
21
12.657026
31
5.1
 1
108
 7
ROMANS
 40
0.06
 41
1
 50
0
 72
1
 73
0
 0
INSERT
 8
UNIFILAR
 6
CONTINUOUS
 62
30
 2
APARATO_GAS
10
16.936092
20
12.155505
30
5.1
41
0.08
42
0.08
43
1
 50
0
 0
TEXT
 8
TEXTO_NUDOS
 6
CONTINUOUS
 62
30
10
16.936092
20
12.285505
30
5.1
11
16.936092
21
12.285505
31
5.1
 1
109
 7
ROMANS
 40
0.06
 41
1
 50
0
 72
1
 73
0
 0
INSERT
 8
UNIFILAR
 6
CONTINUOUS
 62
30
 2
APARATO_GAS
10
19.516917
20
11.794273
30
5.1
41
0.08
42
0.08
43
1
 50
0
 0
TEXT
 8
TEXTO_NUDOS
 6
CONTINUOUS
 62
30
10
19.516917
20
11.924273
30
5.1
11
19.516917
21
11.924273
31
5.1
 1
112
 7
ROMANS
 40
0.06
 41
1
 50
0
 72
1
 73
0
 0
INSERT
 8
UNIFILAR
 6
CONTINUOUS
 62
30
 2
TOMA_PRESION_GAS
10
20.909052
20
11.50041
30
5.1
41
1
42
1
43
1
 50
0
 0
TEXT
 8
TEXTO_NUDOS
 6
CONTINUOUS
 62
30
10
20.842852
20
11.50041
30
5.1
11
20.842852
21
11.50041
31
5.1
 1
106
 7
ROMANS
 40
0.06
 41
1
 50
0
 72
2
 73
2
 0
INSERT
 8
UNIFILAR
 6
CONTINUOUS
 62
30
 2
NUDO_DERIVACION_GAS
10
21.897491
20
11.160479
30
5.1
41
0.035
42
0.035
43
1
 50
0
 0
TEXT
 8
TEXTO_NUDOS
 6
CONTINUOUS
 62
30
10
21.897491
20
11.226729
30
5.1
11
21.897491
21
11.226729
31
5.1
 1
102
 7
ROMANS
 40
0.06
 41
1
 50
0
 72
1
 73
0
 0
INSERT
 8
UNIFILAR
 6
CONTINUOUS
 62
30
 2
NUDO_DERIVACION_GAS
10
21.589863
20
11.162803
30
5.1
41
0.035
42
0.035
43
1
 50
0
 0
TEXT
 8
TEXTO_NUDOS
 6
CONTINUOUS
 62
30
10
21.523613
20
11.162803
30
5.1
11
21.523613
21
11.162803
31
5.1
 1
103
 7
ROMANS
 40
0.06
 41
1
 50
0
 72
2
 73
2
 0
INSERT
 8
UNIFILAR
 6
CONTINUOUS
 62
30
 2
NUDO_DERIVACION_GAS
10
21.591968
20
11.501088
30
5.1
41
0.035
42
0.035
43
1
 50
0
 0
TEXT
 8
TEXTO_NUDOS
 6
CONTINUOUS
 62
30
10
21.591968
20
11.567338
30
5.1
11
21.591968
21
11.567338
31
5.1
 1
104
 7
ROMANS
 40
0.06
 41
1
 50
0
 72
1
 73
0
 0
INSERT
 8
UNIFILAR
 6
CONTINUOUS
 62
30
 2
NUDO_DERIVACION_GAS
10
16.395311
20
12.419414
30
5.1
41
0.035
42
0.035
43
1
 50
0
 0
TEXT
 8
TEXTO_NUDOS
 6
CONTINUOUS
 62
30
10
16.395311
20
12.485664
30
5.1
11
16.395311
21
12.485664
31
5.1
 1
110
 7
ROMANS
 40
0.06
 41
1
 50
0
 72
1
 73
0
 0
INSERT
 8
UNIFILAR
 6
CONTINUOUS
 62
30
 2
APARATO_GAS
10
16.659137
20
11.992965
30
5.1
41
0.08
42
0.08
43
1
 50
0
 0
TEXT
 8
TEXTO_NUDOS
 6
CONTINUOUS
 62
30
10
16.659137
20
12.122965
30
5.1
11
16.659137
21
12.122965
31
5.1
 1
111
 7
ROMANS
 40
0.06
 41
1
 50
0
 72
1
 73
0
 0
LINE
 8
UNIFILAR
 6
CONTINUOUS
 62
30
10
22.805819
20
7.724437
30
5.1
11
22.720621
21
7.727163
31
5.1
 0
TEXT
 8
TEXTO_RAMAS
 6
CONTINUOUS
 62
30
10
22.776818
20
7.740373
30
5.1
11
22.776818
21
7.740373
31
5.1
 1
21 Ø20x22
 7
ROMANS
 40
0.06
 41
1
 50
358.167196
 72
1
 73
0
 0
TEXT
 8
TEXTO_RAMAS
 6
CONTINUOUS
 62
30
10
22.775859
20
7.710388
30
5.1
11
22.775859
21
7.710388
31
5.1
 1
Cobre
 7
ROMANS
 40
0.06
 41
1
 50
358.167196
 72
1
 73
3
 0
LINE
 8
UNIFILAR
 6
CONTINUOUS
 62
30
10
22.825865
20
7.709788
30
5.1
11
22.776338
21
7.72538
31
5.1
 0
LINE
 8
UNIFILAR
 6
CONTINUOUS
 62
30
10
22.82676
20
7.737774
30
5.1
11
22.776338
21
7.72538
31
5.1
 0
INSERT
 8
UNIFILAR
 6
CONTINUOUS
 62
30
 2
LLAVE_PASO_GAS
10
22.574576
20
7.728003
30
5.1
41
0.0375
42
0.0375
43
1
 50
180
 0
LINE
 8
UNIFILAR
 6
CONTINUOUS
 62
30
10
22.668134
20
7.728003
30
5.1
11
22.630826
21
7.728003
31
5.1
 0
LINE
 8
UNIFILAR
 6
CONTINUOUS
 62
30
10
22.518326
20
7.728003
30
5.1
11
22.481017
21
7.728003
31
5.1
 0
TEXT
 8
TEXTO_RAMAS
 6
CONTINUOUS
 62
30
10
22.574576
20
7.799253
30
5.1
11
22.574576
21
7.799253
31
5.1
 1
Ø3/4"
 7
ROMANS
 40
0.06
 41
1
 50
0
 72
1
 73
0
 0
TEXT
 8
TEXTO_RAMAS
 6
CONTINUOUS
 62
30
10
22.574576
20
7.656753
30
5.1
11
22.574576
21
7.656753
31
5.1
 1

 7
ROMANS
 40
0.06
 41
1
 50
0
 72
1
 73
3
 0
INSERT
 8
UNIFILAR
 6
CONTINUOUS
 62
30
 2
VALVULA_REG_PRESION_GAS
10
22.316064
20
7.728003
30
5.1
41
0.0375
42
0.0375
43
1
 50
180
 0
LINE
 8
UNIFILAR
 6
CONTINUOUS
 62
30
10
22.428517
20
7.728003
30
5.1
11
22.372314
21
7.728003
31
5.1
 0
LINE
 8
UNIFILAR
 6
CONTINUOUS
 62
30
10
22.259814
20
7.728003
30
5.1
11
22.20361
21
7.728003
31
5.1
 0
TEXT
 8
TEXTO_RAMAS
 6
CONTINUOUS
 62
30
10
22.316064
20
7.78519
30
5.1
11
22.316064
21
7.78519
31
5.1
 1

 7
ROMANS
 40
0.06
 41
1
 50
0
 72
1
 73
0
 0
TEXT
 8
TEXTO_RAMAS
 6
CONTINUOUS
 62
30
10
22.316064
20
7.670815
30
5.1
11
22.316064
21
7.670815
31
5.1
 1

 7
ROMANS
 40
0.06
 41
1
 50
0
 72
1
 73
3
 0
LINE
 8
UNIFILAR
 6
CONTINUOUS
 62
30
10
20.894068
20
7.570729
30
5.1
11
19.544542
21
7.573966
31
5.1
 0
LINE
 8
UNIFILAR
 6
CONTINUOUS
 62
30
10
20.909054
20
7.418958
30
5.1
11
20.909067
21
7.555693
31
5.1
 0
TEXT
 8
TEXTO_RAMAS
 6
CONTINUOUS
 62
30
10
20.213716
20
7.587361
30
5.1
11
20.213716
21
7.587361
31
5.1
 1
29 Ø20x2
 7
ROMANS
 40
0.06
 41
1
 50
359.862541
 72
1
 73
0
 0
TEXT
 8
TEXTO_RAMAS
 6
CONTINUOUS
 62
30
10
20.213644
20
7.557361
30
5.1
11
20.213644
21
7.557361
31
5.1
 1
P/Al/PEX
 7
ROMANS
 40
0.06
 41
1
 50
359.862541
 72
1
 73
3
 0
LINE
 8
UNIFILAR
 6
CONTINUOUS
 62
30
10
20.263647
20
7.558241
30
5.1
11
20.21368
21
7.572361
31
5.1
 0
LINE
 8
UNIFILAR
 6
CONTINUOUS
 62
30
10
20.263714
20
7.586241
30
5.1
11
20.21368
21
7.572361
31
5.1
 0
LINE
 8
UNIFILAR
 6
CONTINUOUS
 62
30
10
19.492042
20
7.574022
30
5.1
11
18.983292
21
7.57388
31
5.1
 0
LINE
 8
UNIFILAR
 6
CONTINUOUS
 62
30
10
18.968292
20
7.558876
30
5.1
11
18.968292
21
4.917758
31
5.1
 0
LINE
 8
UNIFILAR
 6
CONTINUOUS
 62
30
10
18.953292
20
4.902758
30
5.1
11
17.023292
21
4.902758
31
5.1
 0
LINE
 8
UNIFILAR
 6
CONTINUOUS
 62
30
10
17.008292
20
4.917758
30
5.1
11
17.008292
21
6.087758
31
5.1
 0
LINE
 8
UNIFILAR
 6
CONTINUOUS
 62
30
10
16.995448
20
6.110505
30
5.1
11
16.699808
21
6.288833
31
5.1
 0
TEXT
 8
TEXTO_RAMAS
 6
CONTINUOUS
 62
30
10
17.988292
20
4.917758
30
5.1
11
17.988292
21
4.917758
31
5.1
 1
30 Ø20x2
 7
ROMANS
 40
0.06
 41
1
 50
0
 72
1
 73
0
 0
TEXT
 8
TEXTO_RAMAS
 6
CONTINUOUS
 62
30
10
17.988292
20
4.887758
30
5.1
11
17.988292
21
4.887758
31
5.1
 1
P/Al/PEX
 7
ROMANS
 40
0.06
 41
1
 50
0
 72
1
 73
3
 0
LINE
 8
UNIFILAR
 6
CONTINUOUS
 62
30
10
18.038292
20
4.888758
30
5.1
11
17.988292
21
4.902758
31
5.1
 0
LINE
 8
UNIFILAR
 6
CONTINUOUS
 62
30
10
18.038292
20
4.916758
30
5.1
11
17.988292
21
4.902758
31
5.1
 0
INSERT
 8
UNIFILAR
 6
CONTINUOUS
 62
30
 2
LLAVE_PASO_GAS
10
16.806712
20
6.520027
30
5.1
41
0.0375
42
0.0375
43
1
 50
59.269241
 0
LINE
 8
UNIFILAR
 6
CONTINUOUS
 62
30
10
16.690745
20
6.324956
30
5.1
11
16.777968
21
6.471676
31
5.1
 0
LINE
 8
UNIFILAR
 6
CONTINUOUS
 62
30
10
16.835456
20
6.568379
30
5.1
11
16.882589
21
6.647663
31
5.1
 0
TEXT
 8
TEXTO_RAMAS
 6
CONTINUOUS
 62
30
10
16.745467
20
6.556436
30
5.1
11
16.745467
21
6.556436
31
5.1
 1
Ø1/2"
 7
ROMANS
 40
0.06
 41
1
 50
59.269241
 72
1
 73
0
 0
TEXT
 8
TEXTO_RAMAS
 6
CONTINUOUS
 62
30
10
16.867957
20
6.483618
30
5.1
11
16.867957
21
6.483618
31
5.1
 1

 7
ROMANS
 40
0.06
 41
1
 50
59.269241
 72
1
 73
3
 0
INSERT
 8
UNIFILAR
 6
CONTINUOUS
 62
30
 2
LLAVE_PASO_GAS
10
19.517605
20
7.336462
30
5.1
41
0.0375
42
0.0375
43
1
 50
269.834212
 0
LINE
 8
UNIFILAR
 6
CONTINUOUS
 62
30
10
19.518216
20
7.547779
30
5.1
11
19.517768
21
7.392712
31
5.1
 0
LINE
 8
UNIFILAR
 6
CONTINUOUS
 62
30
10
19.517442
20
7.280212
30
5.1
11
19.517178
21
7.188894
31
5.1
 0
TEXT
 8
TEXTO_RAMAS
 6
CONTINUOUS
 62
30
10
19.446355
20
7.336668
30
5.1
11
19.446355
21
7.336668
31
5.1
 1
Ø1/2"
 7
ROMANS
 40
0.06
 41
1
 50
89.834212
 72
1
 73
0
 0
TEXT
 8
TEXTO_RAMAS
 6
CONTINUOUS
 62
30
10
19.588855
20
7.336256
30
5.1
11
19.588855
21
7.336256
31
5.1
 1

 7
ROMANS
 40
0.06
 41
1
 50
89.834212
 72
1
 73
3
 0
LINE
 8
UNIFILAR
 6
CONTINUOUS
 62
30
10
21.064054
20
7.392758
30
5.1
11
20.935252
21
7.392758
31
5.1
 0
TEXT
 8
TEXTO_RAMAS
 6
CONTINUOUS
 62
30
10
21.031553
20
7.407758
30
5.1
11
21.031553
21
7.407758
31
5.1
 1
28 Ø20x2
 7
ROMANS
 40
0.06
 41
1
 50
0
 72
1
 73
0
 0
TEXT
 8
TEXTO_RAMAS
 6
CONTINUOUS
 62
30
10
21.031553
20
7.377758
30
5.1
11
21.031553
21
7.377758
31
5.1
 1
P/Al/PEX
 7
ROMANS
 40
0.06
 41
1
 50
0
 72
1
 73
3
 0
LINE
 8
UNIFILAR
 6
CONTINUOUS
 62
30
10
21.081553
20
7.378758
30
5.1
11
21.031553
21
7.392758
31
5.1
 0
LINE
 8
UNIFILAR
 6
CONTINUOUS
 62
30
10
21.081553
20
7.406758
30
5.1
11
21.031553
21
7.392758
31
5.1
 0
INSERT
 8
UNIFILAR
 6
CONTINUOUS
 62
30
 2
CONTADOR_GAS
10
22.037406
20
7.728003
30
5.1
41
0.0565
42
0.0565
43
1
 50
180
 0
LINE
 8
UNIFILAR
 6
CONTINUOUS
 62
30
10
22.15111
20
7.728003
30
5.1
11
22.100969
21
7.728003
31
5.1
 0
LINE
 8
UNIFILAR
 6
CONTINUOUS
 62
30
10
21.973844
20
7.728003
30
5.1
11
21.923702
21
7.728003
31
5.1
 0
TEXT
 8
TEXTO_RAMAS
 6
CONTINUOUS
 62
30
10
22.037406
20
7.806565
30
5.1
11
22.037406
21
7.806565
31
5.1
 1

 7
ROMANS
 40
0.06
 41
1
 50
0
 72
1
 73
0
 0
TEXT
 8
TEXTO_RAMAS
 6
CONTINUOUS
 62
30
10
22.037406
20
7.64944
30
5.1
11
22.037406
21
7.64944
31
5.1
 1

 7
ROMANS
 40
0.06
 41
1
 50
0
 72
1
 73
3
 0
INSERT
 8
UNIFILAR
 6
CONTINUOUS
 62
30
 2
LLAVE_PASO_GAS
10
21.743653
20
7.728003
30
5.1
41
0.0375
42
0.0375
43
1
 50
180
 0
LINE
 8
UNIFILAR
 6
CONTINUOUS
 62
30
10
21.871202
20
7.728003
30
5.1
11
21.799903
21
7.728003
31
5.1
 0
LINE
 8
UNIFILAR
 6
CONTINUOUS
 62
30
10
21.687403
20
7.728003
30
5.1
11
21.616104
21
7.728003
31
5.1
 0
TEXT
 8
TEXTO_RAMAS
 6
CONTINUOUS
 62
30
10
21.743653
20
7.799253
30
5.1
11
21.743653
21
7.799253
31
5.1
 1
Ø3/4"
 7
ROMANS
 40
0.06
 41
1
 50
0
 72
1
 73
0
 0
TEXT
 8
TEXTO_RAMAS
 6
CONTINUOUS
 62
30
10
21.743653
20
7.656753
30
5.1
11
21.743653
21
7.656753
31
5.1
 1

 7
ROMANS
 40
0.06
 41
1
 50
0
 72
1
 73
3
 0
LINE
 8
UNIFILAR
 6
CONTINUOUS
 62
30
10
21.589854
20
7.701753
30
5.1
11
21.589854
21
7.418323
31
5.1
 0
TEXT
 8
TEXTO_RAMAS
 6
CONTINUOUS
 62
30
10
21.574854
20
7.560038
30
5.1
11
21.574854
21
7.560038
31
5.1
 1
26 Ø20x22
 7
ROMANS
 40
0.06
 41
1
 50
90
 72
1
 73
0
 0
TEXT
 8
TEXTO_RAMAS
 6
CONTINUOUS
 62
30
10
21.604854
20
7.560038
30
5.1
11
21.604854
21
7.560038
31
5.1
 1
Cobre
 7
ROMANS
 40
0.06
 41
1
 50
90
 72
1
 73
3
 0
LINE
 8
UNIFILAR
 6
CONTINUOUS
 62
30
10
21.603854
20
7.610038
30
5.1
11
21.589854
21
7.560038
31
5.1
 0
LINE
 8
UNIFILAR
 6
CONTINUOUS
 62
30
10
21.575854
20
7.610038
30
5.1
11
21.589854
21
7.560038
31
5.1
 0
INSERT
 8
UNIFILAR
 6
CONTINUOUS
 62
30
 2
LLAVE_PASO_GAS
10
21.371954
20
7.392415
30
5.1
41
0.0375
42
0.0375
43
1
 50
179.909987
 0
LINE
 8
UNIFILAR
 6
CONTINUOUS
 62
30
10
21.563604
20
7.392114
30
5.1
11
21.428204
21
7.392327
31
5.1
 0
LINE
 8
UNIFILAR
 6
CONTINUOUS
 62
30
10
21.315704
20
7.392504
30
5.1
11
21.244054
21
7.392616
31
5.1
 0
TEXT
 8
TEXTO_RAMAS
 6
CONTINUOUS
 62
30
10
21.372066
20
7.463665
30
5.1
11
21.372066
21
7.463665
31
5.1
 1
Ø3/4"
 7
ROMANS
 40
0.06
 41
1
 50
359.909987
 72
1
 73
0
 0
TEXT
 8
TEXTO_RAMAS
 6
CONTINUOUS
 62
30
10
21.371842
20
7.321166
30
5.1
11
21.371842
21
7.321166
31
5.1
 1

 7
ROMANS
 40
0.06
 41
1
 50
359.909987
 72
1
 73
3
 0
LINE
 8
UNIFILAR
 6
CONTINUOUS
 62
30
10
16.654898
20
6.316023
30
5.1
11
16.417745
21
6.460123
31
5.1
 0
TEXT
 8
TEXTO_RAMAS
 6
CONTINUOUS
 62
30
10
16.54411
20
6.400892
30
5.1
11
16.54411
21
6.400892
31
5.1
 1
32 Ø16x2
 7
ROMANS
 40
0.06
 41
1
 50
328.716093
 72
1
 73
0
 0
TEXT
 8
TEXTO_RAMAS
 6
CONTINUOUS
 62
30
10
16.528532
20
6.375254
30
5.1
11
16.528532
21
6.375254
31
5.1
 1
P/Al/PEX
 7
ROMANS
 40
0.06
 41
1
 50
328.716093
 72
1
 73
3
 0
LINE
 8
UNIFILAR
 6
CONTINUOUS
 62
30
10
16.571782
20
6.350144
30
5.1
11
16.536321
21
6.388073
31
5.1
 0
LINE
 8
UNIFILAR
 6
CONTINUOUS
 62
30
10
16.586321
20
6.374073
30
5.1
11
16.536321
21
6.388073
31
5.1
 0
INSERT
 8
UNIFILAR
 6
CONTINUOUS
 62
30
 2
LLAVE_PASO_GAS
10
16.527224
20
6.686978
30
5.1
41
0.0375
42
0.0375
43
1
 50
58.256744
 0
LINE
 8
UNIFILAR
 6
CONTINUOUS
 62
30
10
16.409122
20
6.496077
30
5.1
11
16.49763
21
6.639143
31
5.1
 0
LINE
 8
UNIFILAR
 6
CONTINUOUS
 62
30
10
16.556818
20
6.734814
30
5.1
11
16.603458
21
6.810203
31
5.1
 0
TEXT
 8
TEXTO_RAMAS
 6
CONTINUOUS
 62
30
10
16.466632
20
6.724464
30
5.1
11
16.466632
21
6.724464
31
5.1
 1
Ø3/8"
 7
ROMANS
 40
0.06
 41
1
 50
58.256744
 72
1
 73
0
 0
TEXT
 8
TEXTO_RAMAS
 6
CONTINUOUS
 62
30
10
16.587816
20
6.649493
30
5.1
11
16.587816
21
6.649493
31
5.1
 1

 7
ROMANS
 40
0.06
 41
1
 50
58.256744
 72
1
 73
3
 0
LINE
 8
UNIFILAR
 6
CONTINUOUS
 62
30
10
22.805819
20
11.168731
30
5.1
11
22.720621
21
11.166004
31
5.1
 0
TEXT
 8
TEXTO_RAMAS
 6
CONTINUOUS
 62
30
10
22.775859
20
11.18278
30
5.1
11
22.775859
21
11.18278
31
5.1
 1
98 Ø20x22
 7
ROMANS
 40
0.06
 41
1
 50
1.832804
 72
1
 73
0
 0
TEXT
 8
TEXTO_RAMAS
 6
CONTINUOUS
 62
30
10
22.776818
20
11.152795
30
5.1
11
22.776818
21
11.152795
31
5.1
 1
Cobre
 7
ROMANS
 40
0.06
 41
1
 50
1.832804
 72
1
 73
3
 0
LINE
 8
UNIFILAR
 6
CONTINUOUS
 62
30
10
22.82676
20
11.155394
30
5.1
11
22.776338
21
11.167787
31
5.1
 0
LINE
 8
UNIFILAR
 6
CONTINUOUS
 62
30
10
22.825865
20
11.183379
30
5.1
11
22.776338
21
11.167787
31
5.1
 0
INSERT
 8
UNIFILAR
 6
CONTINUOUS
 62
30
 2
LLAVE_PASO_GAS
10
22.574576
20
11.16556
30
5.1
41
0.0375
42
0.0375
43
1
 50
179.811089
 0
LINE
 8
UNIFILAR
 6
CONTINUOUS
 62
30
10
22.668134
20
11.165251
30
5.1
11
22.630826
21
11.165374
31
5.1
 0
LINE
 8
UNIFILAR
 6
CONTINUOUS
 62
30
10
22.518327
20
11.165745
30
5.1
11
22.481018
21
11.165868
31
5.1
 0
TEXT
 8
TEXTO_RAMAS
 6
CONTINUOUS
 62
30
10
22.574811
20
11.236809
30
5.1
11
22.574811
21
11.236809
31
5.1
 1
Ø3/4"
 7
ROMANS
 40
0.06
 41
1
 50
359.811089
 72
1
 73
0
 0
TEXT
 8
TEXTO_RAMAS
 6
CONTINUOUS
 62
30
10
22.574341
20
11.09431
30
5.1
11
22.574341
21
11.09431
31
5.1
 1

 7
ROMANS
 40
0.06
 41
1
 50
359.811089
 72
1
 73
3
 0
INSERT
 8
UNIFILAR
 6
CONTINUOUS
 62
30
 2
VALVULA_REG_PRESION_GAS
10
22.316066
20
11.164865
30
5.1
41
0.0375
42
0.0375
43
1
 50
180.45019
 0
LINE
 8
UNIFILAR
 6
CONTINUOUS
 62
30
10
22.428519
20
11.165749
30
5.1
11
22.372314
21
11.165307
31
5.1
 0
LINE
 8
UNIFILAR
 6
CONTINUOUS
 62
30
10
22.259818
20
11.164423
30
5.1
11
22.203613
21
11.163981
31
5.1
 0
TEXT
 8
TEXTO_RAMAS
 6
CONTINUOUS
 62
30
10
22.315617
20
11.222051
30
5.1
11
22.315617
21
11.222051
31
5.1
 1

 7
ROMANS
 40
0.06
 41
1
 50
0.45019
 72
1
 73
0
 0
TEXT
 8
TEXTO_RAMAS
 6
CONTINUOUS
 62
30
10
22.316516
20
11.107679
30
5.1
11
22.316516
21
11.107679
31
5.1
 1

 7
ROMANS
 40
0.06
 41
1
 50
0.45019
 72
1
 73
3
 0
LINE
 8
UNIFILAR
 6
CONTINUOUS
 62
30
10
20.894068
20
11.322439
30
5.1
11
19.544542
21
11.319201
31
5.1
 0
LINE
 8
UNIFILAR
 6
CONTINUOUS
 62
30
10
20.909054
20
11.47421
30
5.1
11
20.909067
21
11.337475
31
5.1
 0
TEXT
 8
TEXTO_RAMAS
 6
CONTINUOUS
 62
30
10
20.213644
20
11.335806
30
5.1
11
20.213644
21
11.335806
31
5.1
 1
106 Ø20x2
 7
ROMANS
 40
0.06
 41
1
 50
0.137459
 72
1
 73
0
 0
TEXT
 8
TEXTO_RAMAS
 6
CONTINUOUS
 62
30
10
20.213716
20
11.305806
30
5.1
11
20.213716
21
11.305806
31
5.1
 1
P/Al/PEX
 7
ROMANS
 40
0.06
 41
1
 50
0.137459
 72
1
 73
3
 0
LINE
 8
UNIFILAR
 6
CONTINUOUS
 62
30
10
20.263714
20
11.306926
30
5.1
11
20.21368
21
11.320806
31
5.1
 0
LINE
 8
UNIFILAR
 6
CONTINUOUS
 62
30
10
20.263647
20
11.334926
30
5.1
11
20.21368
21
11.320806
31
5.1
 0
LINE
 8
UNIFILAR
 6
CONTINUOUS
 62
30
10
19.492042
20
11.319145
30
5.1
11
18.983292
21
11.319287
31
5.1
 0
LINE
 8
UNIFILAR
 6
CONTINUOUS
 62
30
10
18.968292
20
11.334291
30
5.1
11
18.968292
21
13.97541
31
5.1
 0
LINE
 8
UNIFILAR
 6
CONTINUOUS
 62
30
10
18.953292
20
13.99041
30
5.1
11
17.023292
21
13.99041
31
5.1
 0
LINE
 8
UNIFILAR
 6
CONTINUOUS
 62
30
10
17.008292
20
13.97541
30
5.1
11
17.008292
21
12.80541
31
5.1
 0
LINE
 8
UNIFILAR
 6
CONTINUOUS
 62
30
10
16.995448
20
12.782662
30
5.1
11
16.699808
21
12.604334
31
5.1
 0
TEXT
 8
TEXTO_RAMAS
 6
CONTINUOUS
 62
30
10
17.988292
20
14.00541
30
5.1
11
17.988292
21
14.00541
31
5.1
 1
107 Ø20x2
 7
ROMANS
 40
0.06
 41
1
 50
0
 72
1
 73
0
 0
TEXT
 8
TEXTO_RAMAS
 6
CONTINUOUS
 62
30
10
17.988292
20
13.97541
30
5.1
11
17.988292
21
13.97541
31
5.1
 1
P/Al/PEX
 7
ROMANS
 40
0.06
 41
1
 50
0
 72
1
 73
3
 0
LINE
 8
UNIFILAR
 6
CONTINUOUS
 62
30
10
18.038292
20
13.97641
30
5.1
11
17.988292
21
13.99041
31
5.1
 0
LINE
 8
UNIFILAR
 6
CONTINUOUS
 62
30
10
18.038292
20
14.00441
30
5.1
11
17.988292
21
13.99041
31
5.1
 0
INSERT
 8
UNIFILAR
 6
CONTINUOUS
 62
30
 2
LLAVE_PASO_GAS
10
16.806712
20
12.37314
30
5.1
41
0.0375
42
0.0375
43
1
 50
300.730759
 0
LINE
 8
UNIFILAR
 6
CONTINUOUS
 62
30
10
16.690745
20
12.568212
30
5.1
11
16.777968
21
12.421491
31
5.1
 0
LINE
 8
UNIFILAR
 6
CONTINUOUS
 62
30
10
16.835456
20
12.324789
30
5.1
11
16.882589
21
12.245505
31
5.1
 0
TEXT
 8
TEXTO_RAMAS
 6
CONTINUOUS
 62
30
10
16.867957
20
12.409549
30
5.1
11
16.867957
21
12.409549
31
5.1
 1
Ø1/2"
 7
ROMANS
 40
0.06
 41
1
 50
300.730759
 72
1
 73
0
 0
TEXT
 8
TEXTO_RAMAS
 6
CONTINUOUS
 62
30
10
16.745467
20
12.336731
30
5.1
11
16.745467
21
12.336731
31
5.1
 1

 7
ROMANS
 40
0.06
 41
1
 50
300.730759
 72
1
 73
3
 0
INSERT
 8
UNIFILAR
 6
CONTINUOUS
 62
30
 2
LLAVE_PASO_GAS
10
19.517605
20
11.556706
30
5.1
41
0.0375
42
0.0375
43
1
 50
90.165788
 0
LINE
 8
UNIFILAR
 6
CONTINUOUS
 62
30
10
19.518216
20
11.345388
30
5.1
11
19.517768
21
11.500456
31
5.1
 0
LINE
 8
UNIFILAR
 6
CONTINUOUS
 62
30
10
19.517442
20
11.612955
30
5.1
11
19.517178
21
11.704273
31
5.1
 0
TEXT
 8
TEXTO_RAMAS
 6
CONTINUOUS
 62
30
10
19.588855
20
11.556912
30
5.1
11
19.588855
21
11.556912
31
5.1
 1
Ø1/2"
 7
ROMANS
 40
0.06
 41
1
 50
270.165788
 72
1
 73
0
 0
TEXT
 8
TEXTO_RAMAS
 6
CONTINUOUS
 62
30
10
19.446355
20
11.5565
30
5.1
11
19.446355
21
11.5565
31
5.1
 1

 7
ROMANS
 40
0.06
 41
1
 50
270.165788
 72
1
 73
3
 0
LINE
 8
UNIFILAR
 6
CONTINUOUS
 62
30
10
21.064054
20
11.50041
30
5.1
11
20.935252
21
11.50041
31
5.1
 0
TEXT
 8
TEXTO_RAMAS
 6
CONTINUOUS
 62
30
10
21.031553
20
11.51541
30
5.1
11
21.031553
21
11.51541
31
5.1
 1
105 Ø20x2
 7
ROMANS
 40
0.06
 41
1
 50
0
 72
1
 73
0
 0
TEXT
 8
TEXTO_RAMAS
 6
CONTINUOUS
 62
30
10
21.031553
20
11.48541
30
5.1
11
21.031553
21
11.48541
31
5.1
 1
P/Al/PEX
 7
ROMANS
 40
0.06
 41
1
 50
0
 72
1
 73
3
 0
LINE
 8
UNIFILAR
 6
CONTINUOUS
 62
30
10
21.081553
20
11.48641
30
5.1
11
21.031553
21
11.50041
31
5.1
 0
LINE
 8
UNIFILAR
 6
CONTINUOUS
 62
30
10
21.081553
20
11.51441
30
5.1
11
21.031553
21
11.50041
31
5.1
 0
INSERT
 8
UNIFILAR
 6
CONTINUOUS
 62
30
 2
CONTADOR_GAS
10
22.037427
20
11.162127
30
5.1
41
0.0565
42
0.0565
43
1
 50
180.674776
 0
LINE
 8
UNIFILAR
 6
CONTINUOUS
 62
30
10
22.151116
20
11.163466
30
5.1
11
22.100986
21
11.162876
31
5.1
 0
LINE
 8
UNIFILAR
 6
CONTINUOUS
 62
30
10
21.973869
20
11.161378
30
5.1
11
21.923739
21
11.160788
31
5.1
 0
TEXT
 8
TEXTO_RAMAS
 6
CONTINUOUS
 62
30
10
22.036502
20
11.240684
30
5.1
11
22.036502
21
11.240684
31
5.1
 1

 7
ROMANS
 40
0.06
 41
1
 50
0.674776
 72
1
 73
0
 0
TEXT
 8
TEXTO_RAMAS
 6
CONTINUOUS
 62
30
10
22.038353
20
11.08357
30
5.1
11
22.038353
21
11.08357
31
5.1
 1

 7
ROMANS
 40
0.06
 41
1
 50
0.674776
 72
1
 73
3
 0
INSERT
 8
UNIFILAR
 6
CONTINUOUS
 62
30
 2
LLAVE_PASO_GAS
10
21.743677
20
11.161641
30
5.1
41
0.0375
42
0.0375
43
1
 50
179.567205
 0
LINE
 8
UNIFILAR
 6
CONTINUOUS
 62
30
10
21.871242
20
11.160677
30
5.1
11
21.799925
21
11.161216
31
5.1
 0
LINE
 8
UNIFILAR
 6
CONTINUOUS
 62
30
10
21.687428
20
11.162066
30
5.1
11
21.616112
21
11.162604
31
5.1
 0
TEXT
 8
TEXTO_RAMAS
 6
CONTINUOUS
 62
30
10
21.744215
20
11.232889
30
5.1
11
21.744215
21
11.232889
31
5.1
 1
Ø3/4"
 7
ROMANS
 40
0.06
 41
1
 50
359.567205
 72
1
 73
0
 0
TEXT
 8
TEXTO_RAMAS
 6
CONTINUOUS
 62
30
10
21.743139
20
11.090393
30
5.1
11
21.743139
21
11.090393
31
5.1
 1

 7
ROMANS
 40
0.06
 41
1
 50
359.567205
 72
1
 73
3
 0
LINE
 8
UNIFILAR
 6
CONTINUOUS
 62
30
10
21.590026
20
11.189052
30
5.1
11
21.591804
21
11.474838
31
5.1
 0
TEXT
 8
TEXTO_RAMAS
 6
CONTINUOUS
 62
30
10
21.575915
20
11.332038
30
5.1
11
21.575915
21
11.332038
31
5.1
 1
103 Ø20x22
 7
ROMANS
 40
0.06
 41
1
 50
89.643509
 72
1
 73
0
 0
TEXT
 8
TEXTO_RAMAS
 6
CONTINUOUS
 62
30
10
21.605915
20
11.331852
30
5.1
11
21.605915
21
11.331852
31
5.1
 1
Cobre
 7
ROMANS
 40
0.06
 41
1
 50
89.643509
 72
1
 73
3
 0
LINE
 8
UNIFILAR
 6
CONTINUOUS
 62
30
10
21.576604
20
11.282033
30
5.1
11
21.590915
21
11.331945
31
5.1
 0
LINE
 8
UNIFILAR
 6
CONTINUOUS
 62
30
10
21.604604
20
11.281859
30
5.1
11
21.590915
21
11.331945
31
5.1
 0
INSERT
 8
UNIFILAR
 6
CONTINUOUS
 62
30
 2
LLAVE_PASO_GAS
10
21.373011
20
11.500749
30
5.1
41
0.0375
42
0.0375
43
1
 50
180.088708
 0
LINE
 8
UNIFILAR
 6
CONTINUOUS
 62
30
10
21.565718
20
11.501047
30
5.1
11
21.429261
21
11.500836
31
5.1
 0
LINE
 8
UNIFILAR
 6
CONTINUOUS
 62
30
10
21.316761
20
11.500662
30
5.1
11
21.244054
21
11.500549
31
5.1
 0
TEXT
 8
TEXTO_RAMAS
 6
CONTINUOUS
 62
30
10
21.3729
20
11.571999
30
5.1
11
21.3729
21
11.571999
31
5.1
 1
Ø3/4"
 7
ROMANS
 40
0.06
 41
1
 50
0.088708
 72
1
 73
0
 0
TEXT
 8
TEXTO_RAMAS
 6
CONTINUOUS
 62
30
10
21.373121
20
11.429499
30
5.1
11
21.373121
21
11.429499
31
5.1
 1

 7
ROMANS
 40
0.06
 41
1
 50
0.088708
 72
1
 73
3
 0
LINE
 8
UNIFILAR
 6
CONTINUOUS
 62
30
10
16.654898
20
12.577145
30
5.1
11
16.417745
21
12.433045
31
5.1
 0
TEXT
 8
TEXTO_RAMAS
 6
CONTINUOUS
 62
30
10
16.528532
20
12.517914
30
5.1
11
16.528532
21
12.517914
31
5.1
 1
109 Ø16x2
 7
ROMANS
 40
0.06
 41
1
 50
31.283907
 72
1
 73
0
 0
TEXT
 8
TEXTO_RAMAS
 6
CONTINUOUS
 62
30
10
16.54411
20
12.492276
30
5.1
11
16.54411
21
12.492276
31
5.1
 1
P/Al/PEX
 7
ROMANS
 40
0.06
 41
1
 50
31.283907
 72
1
 73
3
 0
LINE
 8
UNIFILAR
 6
CONTINUOUS
 62
30
10
16.586321
20
12.519094
30
5.1
11
16.536321
21
12.505095
31
5.1
 0
LINE
 8
UNIFILAR
 6
CONTINUOUS
 62
30
10
16.571782
20
12.543023
30
5.1
11
16.536321
21
12.505095
31
5.1
 0
INSERT
 8
UNIFILAR
 6
CONTINUOUS
 62
30
 2
LLAVE_PASO_GAS
10
16.527224
20
12.206189
30
5.1
41
0.0375
42
0.0375
43
1
 50
301.743256
 0
LINE
 8
UNIFILAR
 6
CONTINUOUS
 62
30
10
16.409122
20
12.39709
30
5.1
11
16.49763
21
12.254025
31
5.1
 0
LINE
 8
UNIFILAR
 6
CONTINUOUS
 62
30
10
16.556818
20
12.158353
30
5.1
11
16.603458
21
12.082965
31
5.1
 0
TEXT
 8
TEXTO_RAMAS
 6
CONTINUOUS
 62
30
10
16.587816
20
12.243675
30
5.1
11
16.587816
21
12.243675
31
5.1
 1
Ø3/8"
 7
ROMANS
 40
0.06
 41
1
 50
301.743256
 72
1
 73
0
 0
TEXT
 8
TEXTO_RAMAS
 6
CONTINUOUS
 62
30
10
16.466632
20
12.168704
30
5.1
11
16.466632
21
12.168704
31
5.1
 1

 7
ROMANS
 40
0.06
 41
1
 50
301.743256
 72
1
 73
3
 0
INSERT
 8
UNIFILAR
 6
CONTINUOUS
 62
30
 2
CONEXION_PLANTAS_GAS
10
22.858292
20
7.722758
30
7.7
41
0.035
42
0.035
43
1
 50
0
 0
TEXT
 8
TEXTO_NUDOS
 6
CONTINUOUS
 62
30
10
22.858292
20
7.815258
30
7.7
11
22.858292
21
7.815258
31
7.7
 1
36
 7
ROMANS
 40
0.06
 41
1
 50
0
 72
1
 73
0
 0
INSERT
 8
UNIFILAR
 6
CONTINUOUS
 62
30
 2
NUDO_DERIVACION_GAS
10
22.6943
20
7.722758
30
7.7
41
0.035
42
0.035
43
1
 50
0
 0
TEXT
 8
TEXTO_NUDOS
 6
CONTINUOUS
 62
30
10
22.6943
20
7.789008
30
7.7
11
22.6943
21
7.789008
31
7.7
 1
37
 7
ROMANS
 40
0.06
 41
1
 50
0
 72
1
 73
0
 0
INSERT
 8
UNIFILAR
 6
CONTINUOUS
 62
30
 2
NUDO_DERIVACION_GAS
10
22.454762
20
7.722758
30
7.7
41
0.035
42
0.035
43
1
 50
0
 0
TEXT
 8
TEXTO_NUDOS
 6
CONTINUOUS
 62
30
10
22.454762
20
7.789008
30
7.7
11
22.454762
21
7.789008
31
7.7
 1
38
 7
ROMANS
 40
0.06
 41
1
 50
0
 72
1
 73
0
 0
INSERT
 8
UNIFILAR
 6
CONTINUOUS
 62
30
 2
NUDO_DERIVACION_GAS
10
22.179816
20
7.722758
30
7.7
41
0.035
42
0.035
43
1
 50
0
 0
TEXT
 8
TEXTO_NUDOS
 6
CONTINUOUS
 62
30
10
22.179816
20
7.789008
30
7.7
11
22.179816
21
7.789008
31
7.7
 1
39
 7
ROMANS
 40
0.06
 41
1
 50
0
 72
1
 73
0
 0
INSERT
 8
UNIFILAR
 6
CONTINUOUS
 62
30
 2
APARATO_GAS
10
21.154054
20
7.392758
30
7.7
41
0.08
42
0.08
43
1
 50
0
 0
TEXT
 8
TEXTO_NUDOS
 6
CONTINUOUS
 62
30
10
21.154054
20
7.522758
30
7.7
11
21.154054
21
7.522758
31
7.7
 1
43
 7
ROMANS
 40
0.06
 41
1
 50
0
 72
1
 73
0
 0
INSERT
 8
UNIFILAR
 6
CONTINUOUS
 62
30
 2
NUDO_PASO_GAS
10
20.909068
20
7.570693
30
7.7
41
0.02
42
0.02
43
1
 50
0
 0
TEXT
 8
TEXTO_NUDOS
 6
CONTINUOUS
 62
30
10
20.909068
20
7.625693
30
7.7
11
20.909068
21
7.625693
31
7.7
 1

 7
ROMANS
 40
0.06
 41
1
 50
0
 72
1
 73
0
 0
INSERT
 8
UNIFILAR
 6
CONTINUOUS
 62
30
 2
NUDO_DERIVACION_GAS
10
19.518292
20
7.574029
30
7.7
41
0.035
42
0.035
43
1
 50
0
 0
TEXT
 8
TEXTO_NUDOS
 6
CONTINUOUS
 62
30
10
19.518292
20
7.640279
30
7.7
11
19.518292
21
7.640279
31
7.7
 1
45
 7
ROMANS
 40
0.06
 41
1
 50
0
 72
1
 73
0
 0
INSERT
 8
UNIFILAR
 6
CONTINUOUS
 62
30
 2
NUDO_PASO_GAS
10
18.968292
20
7.573876
30
7.7
41
0.02
42
0.02
43
1
 50
0
 0
TEXT
 8
TEXTO_NUDOS
 6
CONTINUOUS
 62
30
10
18.968292
20
7.628876
30
7.7
11
18.968292
21
7.628876
31
7.7
 1

 7
ROMANS
 40
0.06
 41
1
 50
0
 72
1
 73
0
 0
INSERT
 8
UNIFILAR
 6
CONTINUOUS
 62
30
 2
NUDO_PASO_GAS
10
18.968292
20
4.902758
30
7.7
41
0.02
42
0.02
43
1
 50
0
 0
TEXT
 8
TEXTO_NUDOS
 6
CONTINUOUS
 62
30
10
19.023292
20
4.902758
30
7.7
11
19.023292
21
4.902758
31
7.7
 1

 7
ROMANS
 40
0.06
 41
1
 50
0
 72
0
 73
2
 0
INSERT
 8
UNIFILAR
 6
CONTINUOUS
 62
30
 2
NUDO_PASO_GAS
10
17.008292
20
4.902758
30
7.7
41
0.02
42
0.02
43
1
 50
0
 0
TEXT
 8
TEXTO_NUDOS
 6
CONTINUOUS
 62
30
10
16.953292
20
4.902758
30
7.7
11
16.953292
21
4.902758
31
7.7
 1

 7
ROMANS
 40
0.06
 41
1
 50
0
 72
2
 73
2
 0
INSERT
 8
UNIFILAR
 6
CONTINUOUS
 62
30
 2
NUDO_PASO_GAS
10
17.008292
20
6.102758
30
7.7
41
0.02
42
0.02
43
1
 50
0
 0
TEXT
 8
TEXTO_NUDOS
 6
CONTINUOUS
 62
30
10
17.008292
20
6.157758
30
7.7
11
17.008292
21
6.157758
31
7.7
 1

 7
ROMANS
 40
0.06
 41
1
 50
0
 72
1
 73
0
 0
INSERT
 8
UNIFILAR
 6
CONTINUOUS
 62
30
 2
NUDO_DERIVACION_GAS
10
16.677331
20
6.302392
30
7.7
41
0.035
42
0.035
43
1
 50
0
 0
TEXT
 8
TEXTO_NUDOS
 6
CONTINUOUS
 62
30
10
16.677331
20
6.368642
30
7.7
11
16.677331
21
6.368642
31
7.7
 1
46
 7
ROMANS
 40
0.06
 41
1
 50
0
 72
1
 73
0
 0
INSERT
 8
UNIFILAR
 6
CONTINUOUS
 62
30
 2
APARATO_GAS
10
16.936092
20
6.737663
30
7.7
41
0.08
42
0.08
43
1
 50
0
 0
TEXT
 8
TEXTO_NUDOS
 6
CONTINUOUS
 62
30
10
16.936092
20
6.867663
30
7.7
11
16.936092
21
6.867663
31
7.7
 1
47
 7
ROMANS
 40
0.06
 41
1
 50
0
 72
1
 73
0
 0
INSERT
 8
UNIFILAR
 6
CONTINUOUS
 62
30
 2
APARATO_GAS
10
19.516917
20
7.098894
30
7.7
41
0.08
42
0.08
43
1
 50
0
 0
TEXT
 8
TEXTO_NUDOS
 6
CONTINUOUS
 62
30
10
19.386917
20
7.098894
30
7.7
11
19.386917
21
7.098894
31
7.7
 1
50
 7
ROMANS
 40
0.06
 41
1
 50
0
 72
2
 73
2
 0
INSERT
 8
UNIFILAR
 6
CONTINUOUS
 62
30
 2
TOMA_PRESION_GAS
10
20.909052
20
7.392758
30
7.7
41
1
42
1
43
1
 50
180
 0
TEXT
 8
TEXTO_NUDOS
 6
CONTINUOUS
 62
30
10
20.842852
20
7.392758
30
7.7
11
20.842852
21
7.392758
31
7.7
 1
44
 7
ROMANS
 40
0.06
 41
1
 50
0
 72
2
 73
2
 0
INSERT
 8
UNIFILAR
 6
CONTINUOUS
 62
30
 2
NUDO_DERIVACION_GAS
10
21.897447
20
7.722758
30
7.7
41
0.035
42
0.035
43
1
 50
0
 0
TEXT
 8
TEXTO_NUDOS
 6
CONTINUOUS
 62
30
10
21.897447
20
7.789008
30
7.7
11
21.897447
21
7.789008
31
7.7
 1
40
 7
ROMANS
 40
0.06
 41
1
 50
0
 72
1
 73
0
 0
INSERT
 8
UNIFILAR
 6
CONTINUOUS
 62
30
 2
NUDO_DERIVACION_GAS
10
21.593552
20
7.722758
30
7.7
41
0.035
42
0.035
43
1
 50
0
 0
TEXT
 8
TEXTO_NUDOS
 6
CONTINUOUS
 62
30
10
21.593552
20
7.789008
30
7.7
11
21.593552
21
7.789008
31
7.7
 1
41
 7
ROMANS
 40
0.06
 41
1
 50
0
 72
1
 73
0
 0
INSERT
 8
UNIFILAR
 6
CONTINUOUS
 62
30
 2
NUDO_DERIVACION_GAS
10
21.593552
20
7.392076
30
7.7
41
0.035
42
0.035
43
1
 50
0
 0
TEXT
 8
TEXTO_NUDOS
 6
CONTINUOUS
 62
30
10
21.659802
20
7.392076
30
7.7
11
21.659802
21
7.392076
31
7.7
 1
42
 7
ROMANS
 40
0.06
 41
1
 50
0
 72
0
 73
2
 0
INSERT
 8
UNIFILAR
 6
CONTINUOUS
 62
30
 2
NUDO_DERIVACION_GAS
10
16.395311
20
6.473754
30
7.7
41
0.035
42
0.035
43
1
 50
0
 0
TEXT
 8
TEXTO_NUDOS
 6
CONTINUOUS
 62
30
10
16.395311
20
6.540004
30
7.7
11
16.395311
21
6.540004
31
7.7
 1
48
 7
ROMANS
 40
0.06
 41
1
 50
0
 72
1
 73
0
 0
INSERT
 8
UNIFILAR
 6
CONTINUOUS
 62
30
 2
APARATO_GAS
10
16.659137
20
6.900203
30
7.7
41
0.08
42
0.08
43
1
 50
0
 0
TEXT
 8
TEXTO_NUDOS
 6
CONTINUOUS
 62
30
10
16.659137
20
7.030203
30
7.7
11
16.659137
21
7.030203
31
7.7
 1
49
 7
ROMANS
 40
0.06
 41
1
 50
0
 72
1
 73
0
 0
INSERT
 8
UNIFILAR
 6
CONTINUOUS
 62
30
 2
CONEXION_PLANTAS_GAS
10
22.858292
20
11.17041
30
7.7
41
0.035
42
0.035
43
1
 50
0
 0
TEXT
 8
TEXTO_NUDOS
 6
CONTINUOUS
 62
30
10
22.858292
20
11.26291
30
7.7
11
22.858292
21
11.26291
31
7.7
 1
113
 7
ROMANS
 40
0.06
 41
1
 50
0
 72
1
 73
0
 0
INSERT
 8
UNIFILAR
 6
CONTINUOUS
 62
30
 2
NUDO_DERIVACION_GAS
10
22.694384
20
11.165165
30
7.7
41
0.035
42
0.035
43
1
 50
0
 0
TEXT
 8
TEXTO_NUDOS
 6
CONTINUOUS
 62
30
10
22.694384
20
11.231415
30
7.7
11
22.694384
21
11.231415
31
7.7
 1
114
 7
ROMANS
 40
0.06
 41
1
 50
0
 72
1
 73
0
 0
INSERT
 8
UNIFILAR
 6
CONTINUOUS
 62
30
 2
NUDO_DERIVACION_GAS
10
22.454768
20
11.165955
30
7.7
41
0.035
42
0.035
43
1
 50
0
 0
TEXT
 8
TEXTO_NUDOS
 6
CONTINUOUS
 62
30
10
22.454768
20
11.232205
30
7.7
11
22.454768
21
11.232205
31
7.7
 1
115
 7
ROMANS
 40
0.06
 41
1
 50
0
 72
1
 73
0
 0
INSERT
 8
UNIFILAR
 6
CONTINUOUS
 62
30
 2
NUDO_DERIVACION_GAS
10
22.177364
20
11.163775
30
7.7
41
0.035
42
0.035
43
1
 50
0
 0
TEXT
 8
TEXTO_NUDOS
 6
CONTINUOUS
 62
30
10
22.177364
20
11.230025
30
7.7
11
22.177364
21
11.230025
31
7.7
 1
116
 7
ROMANS
 40
0.06
 41
1
 50
0
 72
1
 73
0
 0
INSERT
 8
UNIFILAR
 6
CONTINUOUS
 62
30
 2
APARATO_GAS
10
21.154054
20
11.50041
30
7.7
41
0.08
42
0.08
43
1
 50
0
 0
TEXT
 8
TEXTO_NUDOS
 6
CONTINUOUS
 62
30
10
21.154054
20
11.63041
30
7.7
11
21.154054
21
11.63041
31
7.7
 1
120
 7
ROMANS
 40
0.06
 41
1
 50
0
 72
1
 73
0
 0
INSERT
 8
UNIFILAR
 6
CONTINUOUS
 62
30
 2
NUDO_PASO_GAS
10
20.909068
20
11.322475
30
7.7
41
0.02
42
0.02
43
1
 50
0
 0
TEXT
 8
TEXTO_NUDOS
 6
CONTINUOUS
 62
30
10
20.964068
20
11.322475
30
7.7
11
20.964068
21
11.322475
31
7.7
 1

 7
ROMANS
 40
0.06
 41
1
 50
0
 72
0
 73
2
 0
INSERT
 8
UNIFILAR
 6
CONTINUOUS
 62
30
 2
NUDO_DERIVACION_GAS
10
19.518292
20
11.319138
30
7.7
41
0.035
42
0.035
43
1
 50
0
 0
TEXT
 8
TEXTO_NUDOS
 6
CONTINUOUS
 62
30
10
19.518292
20
11.252888
30
7.7
11
19.518292
21
11.252888
31
7.7
 1
122
 7
ROMANS
 40
0.06
 41
1
 50
0
 72
1
 73
3
 0
INSERT
 8
UNIFILAR
 6
CONTINUOUS
 62
30
 2
NUDO_PASO_GAS
10
18.968292
20
11.319291
30
7.7
41
0.02
42
0.02
43
1
 50
0
 0
TEXT
 8
TEXTO_NUDOS
 6
CONTINUOUS
 62
30
10
18.913292
20
11.319291
30
7.7
11
18.913292
21
11.319291
31
7.7
 1

 7
ROMANS
 40
0.06
 41
1
 50
0
 72
2
 73
2
 0
INSERT
 8
UNIFILAR
 6
CONTINUOUS
 62
30
 2
NUDO_PASO_GAS
10
18.968292
20
13.99041
30
7.7
41
0.02
42
0.02
43
1
 50
0
 0
TEXT
 8
TEXTO_NUDOS
 6
CONTINUOUS
 62
30
10
18.968292
20
14.04541
30
7.7
11
18.968292
21
14.04541
31
7.7
 1

 7
ROMANS
 40
0.06
 41
1
 50
0
 72
1
 73
0
 0
INSERT
 8
UNIFILAR
 6
CONTINUOUS
 62
30
 2
NUDO_PASO_GAS
10
17.008292
20
13.99041
30
7.7
41
0.02
42
0.02
43
1
 50
0
 0
TEXT
 8
TEXTO_NUDOS
 6
CONTINUOUS
 62
30
10
17.008292
20
14.04541
30
7.7
11
17.008292
21
14.04541
31
7.7
 1

 7
ROMANS
 40
0.06
 41
1
 50
0
 72
1
 73
0
 0
INSERT
 8
UNIFILAR
 6
CONTINUOUS
 62
30
 2
NUDO_PASO_GAS
10
17.008292
20
12.79041
30
7.7
41
0.02
42
0.02
43
1
 50
0
 0
TEXT
 8
TEXTO_NUDOS
 6
CONTINUOUS
 62
30
10
16.953292
20
12.79041
30
7.7
11
16.953292
21
12.79041
31
7.7
 1

 7
ROMANS
 40
0.06
 41
1
 50
0
 72
2
 73
2
 0
INSERT
 8
UNIFILAR
 6
CONTINUOUS
 62
30
 2
NUDO_DERIVACION_GAS
10
16.677331
20
12.590776
30
7.7
41
0.035
42
0.035
43
1
 50
0
 0
TEXT
 8
TEXTO_NUDOS
 6
CONTINUOUS
 62
30
10
16.677331
20
12.657026
30
7.7
11
16.677331
21
12.657026
31
7.7
 1
123
 7
ROMANS
 40
0.06
 41
1
 50
0
 72
1
 73
0
 0
INSERT
 8
UNIFILAR
 6
CONTINUOUS
 62
30
 2
APARATO_GAS
10
16.936092
20
12.155505
30
7.7
41
0.08
42
0.08
43
1
 50
0
 0
TEXT
 8
TEXTO_NUDOS
 6
CONTINUOUS
 62
30
10
16.936092
20
12.285505
30
7.7
11
16.936092
21
12.285505
31
7.7
 1
124
 7
ROMANS
 40
0.06
 41
1
 50
0
 72
1
 73
0
 0
INSERT
 8
UNIFILAR
 6
CONTINUOUS
 62
30
 2
APARATO_GAS
10
19.516917
20
11.794273
30
7.7
41
0.08
42
0.08
43
1
 50
0
 0
TEXT
 8
TEXTO_NUDOS
 6
CONTINUOUS
 62
30
10
19.516917
20
11.924273
30
7.7
11
19.516917
21
11.924273
31
7.7
 1
127
 7
ROMANS
 40
0.06
 41
1
 50
0
 72
1
 73
0
 0
INSERT
 8
UNIFILAR
 6
CONTINUOUS
 62
30
 2
TOMA_PRESION_GAS
10
20.909052
20
11.50041
30
7.7
41
1
42
1
43
1
 50
0
 0
TEXT
 8
TEXTO_NUDOS
 6
CONTINUOUS
 62
30
10
20.842852
20
11.50041
30
7.7
11
20.842852
21
11.50041
31
7.7
 1
121
 7
ROMANS
 40
0.06
 41
1
 50
0
 72
2
 73
2
 0
INSERT
 8
UNIFILAR
 6
CONTINUOUS
 62
30
 2
NUDO_DERIVACION_GAS
10
21.897491
20
11.160479
30
7.7
41
0.035
42
0.035
43
1
 50
0
 0
TEXT
 8
TEXTO_NUDOS
 6
CONTINUOUS
 62
30
10
21.897491
20
11.226729
30
7.7
11
21.897491
21
11.226729
31
7.7
 1
117
 7
ROMANS
 40
0.06
 41
1
 50
0
 72
1
 73
0
 0
INSERT
 8
UNIFILAR
 6
CONTINUOUS
 62
30
 2
NUDO_DERIVACION_GAS
10
21.589863
20
11.162803
30
7.7
41
0.035
42
0.035
43
1
 50
0
 0
TEXT
 8
TEXTO_NUDOS
 6
CONTINUOUS
 62
30
10
21.523613
20
11.162803
30
7.7
11
21.523613
21
11.162803
31
7.7
 1
118
 7
ROMANS
 40
0.06
 41
1
 50
0
 72
2
 73
2
 0
INSERT
 8
UNIFILAR
 6
CONTINUOUS
 62
30
 2
NUDO_DERIVACION_GAS
10
21.591968
20
11.501088
30
7.7
41
0.035
42
0.035
43
1
 50
0
 0
TEXT
 8
TEXTO_NUDOS
 6
CONTINUOUS
 62
30
10
21.591968
20
11.567338
30
7.7
11
21.591968
21
11.567338
31
7.7
 1
119
 7
ROMANS
 40
0.06
 41
1
 50
0
 72
1
 73
0
 0
INSERT
 8
UNIFILAR
 6
CONTINUOUS
 62
30
 2
NUDO_DERIVACION_GAS
10
16.395311
20
12.419414
30
7.7
41
0.035
42
0.035
43
1
 50
0
 0
TEXT
 8
TEXTO_NUDOS
 6
CONTINUOUS
 62
30
10
16.395311
20
12.485664
30
7.7
11
16.395311
21
12.485664
31
7.7
 1
125
 7
ROMANS
 40
0.06
 41
1
 50
0
 72
1
 73
0
 0
INSERT
 8
UNIFILAR
 6
CONTINUOUS
 62
30
 2
APARATO_GAS
10
16.659137
20
11.992965
30
7.7
41
0.08
42
0.08
43
1
 50
0
 0
TEXT
 8
TEXTO_NUDOS
 6
CONTINUOUS
 62
30
10
16.659137
20
12.122965
30
7.7
11
16.659137
21
12.122965
31
7.7
 1
126
 7
ROMANS
 40
0.06
 41
1
 50
0
 72
1
 73
0
 0
LINE
 8
UNIFILAR
 6
CONTINUOUS
 62
30
10
22.805792
20
7.722758
30
7.7
11
22.72055
21
7.722758
31
7.7
 0
TEXT
 8
TEXTO_RAMAS
 6
CONTINUOUS
 62
30
10
22.776296
20
7.737758
30
7.7
11
22.776296
21
7.737758
31
7.7
 1
36 Ø20x22
 7
ROMANS
 40
0.06
 41
1
 50
0
 72
1
 73
0
 0
TEXT
 8
TEXTO_RAMAS
 6
CONTINUOUS
 62
30
10
22.776296
20
7.707758
30
7.7
11
22.776296
21
7.707758
31
7.7
 1
Cobre
 7
ROMANS
 40
0.06
 41
1
 50
0
 72
1
 73
3
 0
LINE
 8
UNIFILAR
 6
CONTINUOUS
 62
30
10
22.826296
20
7.708758
30
7.7
11
22.776296
21
7.722758
31
7.7
 0
LINE
 8
UNIFILAR
 6
CONTINUOUS
 62
30
10
22.826296
20
7.736758
30
7.7
11
22.776296
21
7.722758
31
7.7
 0
INSERT
 8
UNIFILAR
 6
CONTINUOUS
 62
30
 2
LLAVE_PASO_GAS
10
22.574531
20
7.722758
30
7.7
41
0.0375
42
0.0375
43
1
 50
180
 0
LINE
 8
UNIFILAR
 6
CONTINUOUS
 62
30
10
22.66805
20
7.722758
30
7.7
11
22.630781
21
7.722758
31
7.7
 0
LINE
 8
UNIFILAR
 6
CONTINUOUS
 62
30
10
22.518281
20
7.722758
30
7.7
11
22.481012
21
7.722758
31
7.7
 0
TEXT
 8
TEXTO_RAMAS
 6
CONTINUOUS
 62
30
10
22.574531
20
7.794008
30
7.7
11
22.574531
21
7.794008
31
7.7
 1
Ø3/4"
 7
ROMANS
 40
0.06
 41
1
 50
0
 72
1
 73
0
 0
TEXT
 8
TEXTO_RAMAS
 6
CONTINUOUS
 62
30
10
22.574531
20
7.651508
30
7.7
11
22.574531
21
7.651508
31
7.7
 1

 7
ROMANS
 40
0.06
 41
1
 50
0
 72
1
 73
3
 0
INSERT
 8
UNIFILAR
 6
CONTINUOUS
 62
30
 2
VALVULA_REG_PRESION_GAS
10
22.317289
20
7.722758
30
7.7
41
0.0375
42
0.0375
43
1
 50
180
 0
LINE
 8
UNIFILAR
 6
CONTINUOUS
 62
30
10
22.428512
20
7.722758
30
7.7
11
22.373539
21
7.722758
31
7.7
 0
LINE
 8
UNIFILAR
 6
CONTINUOUS
 62
30
10
22.261039
20
7.722758
30
7.7
11
22.206066
21
7.722758
31
7.7
 0
TEXT
 8
TEXTO_RAMAS
 6
CONTINUOUS
 62
30
10
22.317289
20
7.779945
30
7.7
11
22.317289
21
7.779945
31
7.7
 1

 7
ROMANS
 40
0.06
 41
1
 50
0
 72
1
 73
0
 0
TEXT
 8
TEXTO_RAMAS
 6
CONTINUOUS
 62
30
10
22.317289
20
7.66557
30
7.7
11
22.317289
21
7.66557
31
7.7
 1

 7
ROMANS
 40
0.06
 41
1
 50
0
 72
1
 73
3
 0
LINE
 8
UNIFILAR
 6
CONTINUOUS
 62
30
10
20.894068
20
7.570729
30
7.7
11
19.544542
21
7.573966
31
7.7
 0
LINE
 8
UNIFILAR
 6
CONTINUOUS
 62
30
10
20.909054
20
7.418958
30
7.7
11
20.909067
21
7.555693
31
7.7
 0
TEXT
 8
TEXTO_RAMAS
 6
CONTINUOUS
 62
30
10
20.213716
20
7.587361
30
7.7
11
20.213716
21
7.587361
31
7.7
 1
44 Ø20x2
 7
ROMANS
 40
0.06
 41
1
 50
359.862541
 72
1
 73
0
 0
TEXT
 8
TEXTO_RAMAS
 6
CONTINUOUS
 62
30
10
20.213644
20
7.557361
30
7.7
11
20.213644
21
7.557361
31
7.7
 1
P/Al/PEX
 7
ROMANS
 40
0.06
 41
1
 50
359.862541
 72
1
 73
3
 0
LINE
 8
UNIFILAR
 6
CONTINUOUS
 62
30
10
20.263647
20
7.558241
30
7.7
11
20.21368
21
7.572361
31
7.7
 0
LINE
 8
UNIFILAR
 6
CONTINUOUS
 62
30
10
20.263714
20
7.586241
30
7.7
11
20.21368
21
7.572361
31
7.7
 0
LINE
 8
UNIFILAR
 6
CONTINUOUS
 62
30
10
19.492042
20
7.574022
30
7.7
11
18.983292
21
7.57388
31
7.7
 0
LINE
 8
UNIFILAR
 6
CONTINUOUS
 62
30
10
18.968292
20
7.558876
30
7.7
11
18.968292
21
4.917758
31
7.7
 0
LINE
 8
UNIFILAR
 6
CONTINUOUS
 62
30
10
18.953292
20
4.902758
30
7.7
11
17.023292
21
4.902758
31
7.7
 0
LINE
 8
UNIFILAR
 6
CONTINUOUS
 62
30
10
17.008292
20
4.917758
30
7.7
11
17.008292
21
6.087758
31
7.7
 0
LINE
 8
UNIFILAR
 6
CONTINUOUS
 62
30
10
16.995448
20
6.110505
30
7.7
11
16.699808
21
6.288833
31
7.7
 0
TEXT
 8
TEXTO_RAMAS
 6
CONTINUOUS
 62
30
10
17.988292
20
4.917758
30
7.7
11
17.988292
21
4.917758
31
7.7
 1
45 Ø20x2
 7
ROMANS
 40
0.06
 41
1
 50
0
 72
1
 73
0
 0
TEXT
 8
TEXTO_RAMAS
 6
CONTINUOUS
 62
30
10
17.988292
20
4.887758
30
7.7
11
17.988292
21
4.887758
31
7.7
 1
P/Al/PEX
 7
ROMANS
 40
0.06
 41
1
 50
0
 72
1
 73
3
 0
LINE
 8
UNIFILAR
 6
CONTINUOUS
 62
30
10
18.038292
20
4.888758
30
7.7
11
17.988292
21
4.902758
31
7.7
 0
LINE
 8
UNIFILAR
 6
CONTINUOUS
 62
30
10
18.038292
20
4.916758
30
7.7
11
17.988292
21
4.902758
31
7.7
 0
INSERT
 8
UNIFILAR
 6
CONTINUOUS
 62
30
 2
LLAVE_PASO_GAS
10
16.806712
20
6.520027
30
7.7
41
0.0375
42
0.0375
43
1
 50
59.269241
 0
LINE
 8
UNIFILAR
 6
CONTINUOUS
 62
30
10
16.690745
20
6.324956
30
7.7
11
16.777968
21
6.471676
31
7.7
 0
LINE
 8
UNIFILAR
 6
CONTINUOUS
 62
30
10
16.835456
20
6.568379
30
7.7
11
16.882589
21
6.647663
31
7.7
 0
TEXT
 8
TEXTO_RAMAS
 6
CONTINUOUS
 62
30
10
16.745467
20
6.556436
30
7.7
11
16.745467
21
6.556436
31
7.7
 1
Ø1/2"
 7
ROMANS
 40
0.06
 41
1
 50
59.269241
 72
1
 73
0
 0
TEXT
 8
TEXTO_RAMAS
 6
CONTINUOUS
 62
30
10
16.867957
20
6.483618
30
7.7
11
16.867957
21
6.483618
31
7.7
 1

 7
ROMANS
 40
0.06
 41
1
 50
59.269241
 72
1
 73
3
 0
INSERT
 8
UNIFILAR
 6
CONTINUOUS
 62
30
 2
LLAVE_PASO_GAS
10
19.517605
20
7.336462
30
7.7
41
0.0375
42
0.0375
43
1
 50
269.834212
 0
LINE
 8
UNIFILAR
 6
CONTINUOUS
 62
30
10
19.518216
20
7.547779
30
7.7
11
19.517768
21
7.392712
31
7.7
 0
LINE
 8
UNIFILAR
 6
CONTINUOUS
 62
30
10
19.517442
20
7.280212
30
7.7
11
19.517178
21
7.188894
31
7.7
 0
TEXT
 8
TEXTO_RAMAS
 6
CONTINUOUS
 62
30
10
19.446355
20
7.336668
30
7.7
11
19.446355
21
7.336668
31
7.7
 1
Ø1/2"
 7
ROMANS
 40
0.06
 41
1
 50
89.834212
 72
1
 73
0
 0
TEXT
 8
TEXTO_RAMAS
 6
CONTINUOUS
 62
30
10
19.588855
20
7.336256
30
7.7
11
19.588855
21
7.336256
31
7.7
 1

 7
ROMANS
 40
0.06
 41
1
 50
89.834212
 72
1
 73
3
 0
LINE
 8
UNIFILAR
 6
CONTINUOUS
 62
30
10
21.064054
20
7.392758
30
7.7
11
20.935252
21
7.392758
31
7.7
 0
TEXT
 8
TEXTO_RAMAS
 6
CONTINUOUS
 62
30
10
21.031553
20
7.407758
30
7.7
11
21.031553
21
7.407758
31
7.7
 1
43 Ø20x2
 7
ROMANS
 40
0.06
 41
1
 50
0
 72
1
 73
0
 0
TEXT
 8
TEXTO_RAMAS
 6
CONTINUOUS
 62
30
10
21.031553
20
7.377758
30
7.7
11
21.031553
21
7.377758
31
7.7
 1
P/Al/PEX
 7
ROMANS
 40
0.06
 41
1
 50
0
 72
1
 73
3
 0
LINE
 8
UNIFILAR
 6
CONTINUOUS
 62
30
10
21.081553
20
7.378758
30
7.7
11
21.031553
21
7.392758
31
7.7
 0
LINE
 8
UNIFILAR
 6
CONTINUOUS
 62
30
10
21.081553
20
7.406758
30
7.7
11
21.031553
21
7.392758
31
7.7
 0
INSERT
 8
UNIFILAR
 6
CONTINUOUS
 62
30
 2
CONTADOR_GAS
10
22.038631
20
7.722758
30
7.7
41
0.0565
42
0.0565
43
1
 50
180
 0
LINE
 8
UNIFILAR
 6
CONTINUOUS
 62
30
10
22.153566
20
7.722758
30
7.7
11
22.102194
21
7.722758
31
7.7
 0
LINE
 8
UNIFILAR
 6
CONTINUOUS
 62
30
10
21.975069
20
7.722758
30
7.7
11
21.923697
21
7.722758
31
7.7
 0
TEXT
 8
TEXTO_RAMAS
 6
CONTINUOUS
 62
30
10
22.038631
20
7.80132
30
7.7
11
22.038631
21
7.80132
31
7.7
 1

 7
ROMANS
 40
0.06
 41
1
 50
0
 72
1
 73
0
 0
TEXT
 8
TEXTO_RAMAS
 6
CONTINUOUS
 62
30
10
22.038631
20
7.644195
30
7.7
11
22.038631
21
7.644195
31
7.7
 1

 7
ROMANS
 40
0.06
 41
1
 50
0
 72
1
 73
3
 0
INSERT
 8
UNIFILAR
 6
CONTINUOUS
 62
30
 2
LLAVE_PASO_GAS
10
21.7455
20
7.722758
30
7.7
41
0.0375
42
0.0375
43
1
 50
180
 0
LINE
 8
UNIFILAR
 6
CONTINUOUS
 62
30
10
21.871197
20
7.722758
30
7.7
11
21.80175
21
7.722758
31
7.7
 0
LINE
 8
UNIFILAR
 6
CONTINUOUS
 62
30
10
21.68925
20
7.722758
30
7.7
11
21.619802
21
7.722758
31
7.7
 0
TEXT
 8
TEXTO_RAMAS
 6
CONTINUOUS
 62
30
10
21.7455
20
7.794008
30
7.7
11
21.7455
21
7.794008
31
7.7
 1
Ø3/4"
 7
ROMANS
 40
0.06
 41
1
 50
0
 72
1
 73
0
 0
TEXT
 8
TEXTO_RAMAS
 6
CONTINUOUS
 62
30
10
21.7455
20
7.651508
30
7.7
11
21.7455
21
7.651508
31
7.7
 1

 7
ROMANS
 40
0.06
 41
1
 50
0
 72
1
 73
3
 0
LINE
 8
UNIFILAR
 6
CONTINUOUS
 62
30
10
21.593552
20
7.696508
30
7.7
11
21.593552
21
7.418326
31
7.7
 0
TEXT
 8
TEXTO_RAMAS
 6
CONTINUOUS
 62
30
10
21.578552
20
7.557417
30
7.7
11
21.578552
21
7.557417
31
7.7
 1
41 Ø20x22
 7
ROMANS
 40
0.06
 41
1
 50
90
 72
1
 73
0
 0
TEXT
 8
TEXTO_RAMAS
 6
CONTINUOUS
 62
30
10
21.608552
20
7.557417
30
7.7
11
21.608552
21
7.557417
31
7.7
 1
Cobre
 7
ROMANS
 40
0.06
 41
1
 50
90
 72
1
 73
3
 0
LINE
 8
UNIFILAR
 6
CONTINUOUS
 62
30
10
21.607552
20
7.607417
30
7.7
11
21.593552
21
7.557417
31
7.7
 0
LINE
 8
UNIFILAR
 6
CONTINUOUS
 62
30
10
21.579552
20
7.607417
30
7.7
11
21.593552
21
7.557417
31
7.7
 0
INSERT
 8
UNIFILAR
 6
CONTINUOUS
 62
30
 2
LLAVE_PASO_GAS
10
21.373803
20
7.392417
30
7.7
41
0.0375
42
0.0375
43
1
 50
179.911116
 0
LINE
 8
UNIFILAR
 6
CONTINUOUS
 62
30
10
21.567302
20
7.392117
30
7.7
11
21.430053
21
7.39233
31
7.7
 0
LINE
 8
UNIFILAR
 6
CONTINUOUS
 62
30
10
21.317553
20
7.392504
30
7.7
11
21.244054
21
7.392618
31
7.7
 0
TEXT
 8
TEXTO_RAMAS
 6
CONTINUOUS
 62
30
10
21.373914
20
7.463667
30
7.7
11
21.373914
21
7.463667
31
7.7
 1
Ø3/4"
 7
ROMANS
 40
0.06
 41
1
 50
359.911116
 72
1
 73
0
 0
TEXT
 8
TEXTO_RAMAS
 6
CONTINUOUS
 62
30
10
21.373692
20
7.321167
30
7.7
11
21.373692
21
7.321167
31
7.7
 1

 7
ROMANS
 40
0.06
 41
1
 50
359.911116
 72
1
 73
3
 0
LINE
 8
UNIFILAR
 6
CONTINUOUS
 62
30
10
16.654898
20
6.316023
30
7.7
11
16.417745
21
6.460123
31
7.7
 0
TEXT
 8
TEXTO_RAMAS
 6
CONTINUOUS
 62
30
10
16.54411
20
6.400892
30
7.7
11
16.54411
21
6.400892
31
7.7
 1
47 Ø16x2
 7
ROMANS
 40
0.06
 41
1
 50
328.716093
 72
1
 73
0
 0
TEXT
 8
TEXTO_RAMAS
 6
CONTINUOUS
 62
30
10
16.528532
20
6.375254
30
7.7
11
16.528532
21
6.375254
31
7.7
 1
P/Al/PEX
 7
ROMANS
 40
0.06
 41
1
 50
328.716093
 72
1
 73
3
 0
LINE
 8
UNIFILAR
 6
CONTINUOUS
 62
30
10
16.571782
20
6.350144
30
7.7
11
16.536321
21
6.388073
31
7.7
 0
LINE
 8
UNIFILAR
 6
CONTINUOUS
 62
30
10
16.586321
20
6.374073
30
7.7
11
16.536321
21
6.388073
31
7.7
 0
INSERT
 8
UNIFILAR
 6
CONTINUOUS
 62
30
 2
LLAVE_PASO_GAS
10
16.527224
20
6.686978
30
7.7
41
0.0375
42
0.0375
43
1
 50
58.256744
 0
LINE
 8
UNIFILAR
 6
CONTINUOUS
 62
30
10
16.409122
20
6.496077
30
7.7
11
16.49763
21
6.639143
31
7.7
 0
LINE
 8
UNIFILAR
 6
CONTINUOUS
 62
30
10
16.556818
20
6.734814
30
7.7
11
16.603458
21
6.810203
31
7.7
 0
TEXT
 8
TEXTO_RAMAS
 6
CONTINUOUS
 62
30
10
16.466632
20
6.724464
30
7.7
11
16.466632
21
6.724464
31
7.7
 1
Ø3/8"
 7
ROMANS
 40
0.06
 41
1
 50
58.256744
 72
1
 73
0
 0
TEXT
 8
TEXTO_RAMAS
 6
CONTINUOUS
 62
30
10
16.587816
20
6.649493
30
7.7
11
16.587816
21
6.649493
31
7.7
 1

 7
ROMANS
 40
0.06
 41
1
 50
58.256744
 72
1
 73
3
 0
LINE
 8
UNIFILAR
 6
CONTINUOUS
 62
30
10
22.805819
20
11.168731
30
7.7
11
22.720621
21
11.166004
31
7.7
 0
TEXT
 8
TEXTO_RAMAS
 6
CONTINUOUS
 62
30
10
22.775859
20
11.18278
30
7.7
11
22.775859
21
11.18278
31
7.7
 1
113 Ø20x22
 7
ROMANS
 40
0.06
 41
1
 50
1.832804
 72
1
 73
0
 0
TEXT
 8
TEXTO_RAMAS
 6
CONTINUOUS
 62
30
10
22.776818
20
11.152795
30
7.7
11
22.776818
21
11.152795
31
7.7
 1
Cobre
 7
ROMANS
 40
0.06
 41
1
 50
1.832804
 72
1
 73
3
 0
LINE
 8
UNIFILAR
 6
CONTINUOUS
 62
30
10
22.82676
20
11.155394
30
7.7
11
22.776338
21
11.167787
31
7.7
 0
LINE
 8
UNIFILAR
 6
CONTINUOUS
 62
30
10
22.825865
20
11.183379
30
7.7
11
22.776338
21
11.167787
31
7.7
 0
INSERT
 8
UNIFILAR
 6
CONTINUOUS
 62
30
 2
LLAVE_PASO_GAS
10
22.574576
20
11.16556
30
7.7
41
0.0375
42
0.0375
43
1
 50
179.811089
 0
LINE
 8
UNIFILAR
 6
CONTINUOUS
 62
30
10
22.668134
20
11.165251
30
7.7
11
22.630826
21
11.165374
31
7.7
 0
LINE
 8
UNIFILAR
 6
CONTINUOUS
 62
30
10
22.518327
20
11.165745
30
7.7
11
22.481018
21
11.165868
31
7.7
 0
TEXT
 8
TEXTO_RAMAS
 6
CONTINUOUS
 62
30
10
22.574811
20
11.236809
30
7.7
11
22.574811
21
11.236809
31
7.7
 1
Ø3/4"
 7
ROMANS
 40
0.06
 41
1
 50
359.811089
 72
1
 73
0
 0
TEXT
 8
TEXTO_RAMAS
 6
CONTINUOUS
 62
30
10
22.574341
20
11.09431
30
7.7
11
22.574341
21
11.09431
31
7.7
 1

 7
ROMANS
 40
0.06
 41
1
 50
359.811089
 72
1
 73
3
 0
INSERT
 8
UNIFILAR
 6
CONTINUOUS
 62
30
 2
VALVULA_REG_PRESION_GAS
10
22.316066
20
11.164865
30
7.7
41
0.0375
42
0.0375
43
1
 50
180.45019
 0
LINE
 8
UNIFILAR
 6
CONTINUOUS
 62
30
10
22.428519
20
11.165749
30
7.7
11
22.372314
21
11.165307
31
7.7
 0
LINE
 8
UNIFILAR
 6
CONTINUOUS
 62
30
10
22.259818
20
11.164423
30
7.7
11
22.203613
21
11.163981
31
7.7
 0
TEXT
 8
TEXTO_RAMAS
 6
CONTINUOUS
 62
30
10
22.315617
20
11.222051
30
7.7
11
22.315617
21
11.222051
31
7.7
 1

 7
ROMANS
 40
0.06
 41
1
 50
0.45019
 72
1
 73
0
 0
TEXT
 8
TEXTO_RAMAS
 6
CONTINUOUS
 62
30
10
22.316516
20
11.107679
30
7.7
11
22.316516
21
11.107679
31
7.7
 1

 7
ROMANS
 40
0.06
 41
1
 50
0.45019
 72
1
 73
3
 0
LINE
 8
UNIFILAR
 6
CONTINUOUS
 62
30
10
20.894068
20
11.322439
30
7.7
11
19.544542
21
11.319201
31
7.7
 0
LINE
 8
UNIFILAR
 6
CONTINUOUS
 62
30
10
20.909054
20
11.47421
30
7.7
11
20.909067
21
11.337475
31
7.7
 0
TEXT
 8
TEXTO_RAMAS
 6
CONTINUOUS
 62
30
10
20.213644
20
11.335806
30
7.7
11
20.213644
21
11.335806
31
7.7
 1
121 Ø20x2
 7
ROMANS
 40
0.06
 41
1
 50
0.137459
 72
1
 73
0
 0
TEXT
 8
TEXTO_RAMAS
 6
CONTINUOUS
 62
30
10
20.213716
20
11.305806
30
7.7
11
20.213716
21
11.305806
31
7.7
 1
P/Al/PEX
 7
ROMANS
 40
0.06
 41
1
 50
0.137459
 72
1
 73
3
 0
LINE
 8
UNIFILAR
 6
CONTINUOUS
 62
30
10
20.263714
20
11.306926
30
7.7
11
20.21368
21
11.320806
31
7.7
 0
LINE
 8
UNIFILAR
 6
CONTINUOUS
 62
30
10
20.263647
20
11.334926
30
7.7
11
20.21368
21
11.320806
31
7.7
 0
LINE
 8
UNIFILAR
 6
CONTINUOUS
 62
30
10
19.492042
20
11.319145
30
7.7
11
18.983292
21
11.319287
31
7.7
 0
LINE
 8
UNIFILAR
 6
CONTINUOUS
 62
30
10
18.968292
20
11.334291
30
7.7
11
18.968292
21
13.97541
31
7.7
 0
LINE
 8
UNIFILAR
 6
CONTINUOUS
 62
30
10
18.953292
20
13.99041
30
7.7
11
17.023292
21
13.99041
31
7.7
 0
LINE
 8
UNIFILAR
 6
CONTINUOUS
 62
30
10
17.008292
20
13.97541
30
7.7
11
17.008292
21
12.80541
31
7.7
 0
LINE
 8
UNIFILAR
 6
CONTINUOUS
 62
30
10
16.995448
20
12.782662
30
7.7
11
16.699808
21
12.604334
31
7.7
 0
TEXT
 8
TEXTO_RAMAS
 6
CONTINUOUS
 62
30
10
17.988292
20
14.00541
30
7.7
11
17.988292
21
14.00541
31
7.7
 1
122 Ø20x2
 7
ROMANS
 40
0.06
 41
1
 50
0
 72
1
 73
0
 0
TEXT
 8
TEXTO_RAMAS
 6
CONTINUOUS
 62
30
10
17.988292
20
13.97541
30
7.7
11
17.988292
21
13.97541
31
7.7
 1
P/Al/PEX
 7
ROMANS
 40
0.06
 41
1
 50
0
 72
1
 73
3
 0
LINE
 8
UNIFILAR
 6
CONTINUOUS
 62
30
10
18.038292
20
13.97641
30
7.7
11
17.988292
21
13.99041
31
7.7
 0
LINE
 8
UNIFILAR
 6
CONTINUOUS
 62
30
10
18.038292
20
14.00441
30
7.7
11
17.988292
21
13.99041
31
7.7
 0
INSERT
 8
UNIFILAR
 6
CONTINUOUS
 62
30
 2
LLAVE_PASO_GAS
10
16.806712
20
12.37314
30
7.7
41
0.0375
42
0.0375
43
1
 50
300.730759
 0
LINE
 8
UNIFILAR
 6
CONTINUOUS
 62
30
10
16.690745
20
12.568212
30
7.7
11
16.777968
21
12.421491
31
7.7
 0
LINE
 8
UNIFILAR
 6
CONTINUOUS
 62
30
10
16.835456
20
12.324789
30
7.7
11
16.882589
21
12.245505
31
7.7
 0
TEXT
 8
TEXTO_RAMAS
 6
CONTINUOUS
 62
30
10
16.867957
20
12.409549
30
7.7
11
16.867957
21
12.409549
31
7.7
 1
Ø1/2"
 7
ROMANS
 40
0.06
 41
1
 50
300.730759
 72
1
 73
0
 0
TEXT
 8
TEXTO_RAMAS
 6
CONTINUOUS
 62
30
10
16.745467
20
12.336731
30
7.7
11
16.745467
21
12.336731
31
7.7
 1

 7
ROMANS
 40
0.06
 41
1
 50
300.730759
 72
1
 73
3
 0
INSERT
 8
UNIFILAR
 6
CONTINUOUS
 62
30
 2
LLAVE_PASO_GAS
10
19.517605
20
11.556706
30
7.7
41
0.0375
42
0.0375
43
1
 50
90.165788
 0
LINE
 8
UNIFILAR
 6
CONTINUOUS
 62
30
10
19.518216
20
11.345388
30
7.7
11
19.517768
21
11.500456
31
7.7
 0
LINE
 8
UNIFILAR
 6
CONTINUOUS
 62
30
10
19.517442
20
11.612955
30
7.7
11
19.517178
21
11.704273
31
7.7
 0
TEXT
 8
TEXTO_RAMAS
 6
CONTINUOUS
 62
30
10
19.588855
20
11.556912
30
7.7
11
19.588855
21
11.556912
31
7.7
 1
Ø1/2"
 7
ROMANS
 40
0.06
 41
1
 50
270.165788
 72
1
 73
0
 0
TEXT
 8
TEXTO_RAMAS
 6
CONTINUOUS
 62
30
10
19.446355
20
11.5565
30
7.7
11
19.446355
21
11.5565
31
7.7
 1

 7
ROMANS
 40
0.06
 41
1
 50
270.165788
 72
1
 73
3
 0
LINE
 8
UNIFILAR
 6
CONTINUOUS
 62
30
10
21.064054
20
11.50041
30
7.7
11
20.935252
21
11.50041
31
7.7
 0
TEXT
 8
TEXTO_RAMAS
 6
CONTINUOUS
 62
30
10
21.031553
20
11.51541
30
7.7
11
21.031553
21
11.51541
31
7.7
 1
120 Ø20x2
 7
ROMANS
 40
0.06
 41
1
 50
0
 72
1
 73
0
 0
TEXT
 8
TEXTO_RAMAS
 6
CONTINUOUS
 62
30
10
21.031553
20
11.48541
30
7.7
11
21.031553
21
11.48541
31
7.7
 1
P/Al/PEX
 7
ROMANS
 40
0.06
 41
1
 50
0
 72
1
 73
3
 0
LINE
 8
UNIFILAR
 6
CONTINUOUS
 62
30
10
21.081553
20
11.48641
30
7.7
11
21.031553
21
11.50041
31
7.7
 0
LINE
 8
UNIFILAR
 6
CONTINUOUS
 62
30
10
21.081553
20
11.51441
30
7.7
11
21.031553
21
11.50041
31
7.7
 0
INSERT
 8
UNIFILAR
 6
CONTINUOUS
 62
30
 2
CONTADOR_GAS
10
22.037427
20
11.162127
30
7.7
41
0.0565
42
0.0565
43
1
 50
180.674776
 0
LINE
 8
UNIFILAR
 6
CONTINUOUS
 62
30
10
22.151116
20
11.163466
30
7.7
11
22.100986
21
11.162876
31
7.7
 0
LINE
 8
UNIFILAR
 6
CONTINUOUS
 62
30
10
21.973869
20
11.161378
30
7.7
11
21.923739
21
11.160788
31
7.7
 0
TEXT
 8
TEXTO_RAMAS
 6
CONTINUOUS
 62
30
10
22.036502
20
11.240684
30
7.7
11
22.036502
21
11.240684
31
7.7
 1

 7
ROMANS
 40
0.06
 41
1
 50
0.674776
 72
1
 73
0
 0
TEXT
 8
TEXTO_RAMAS
 6
CONTINUOUS
 62
30
10
22.038353
20
11.08357
30
7.7
11
22.038353
21
11.08357
31
7.7
 1

 7
ROMANS
 40
0.06
 41
1
 50
0.674776
 72
1
 73
3
 0
INSERT
 8
UNIFILAR
 6
CONTINUOUS
 62
30
 2
LLAVE_PASO_GAS
10
21.743677
20
11.161641
30
7.7
41
0.0375
42
0.0375
43
1
 50
179.567205
 0
LINE
 8
UNIFILAR
 6
CONTINUOUS
 62
30
10
21.871242
20
11.160677
30
7.7
11
21.799925
21
11.161216
31
7.7
 0
LINE
 8
UNIFILAR
 6
CONTINUOUS
 62
30
10
21.687428
20
11.162066
30
7.7
11
21.616112
21
11.162604
31
7.7
 0
TEXT
 8
TEXTO_RAMAS
 6
CONTINUOUS
 62
30
10
21.744215
20
11.232889
30
7.7
11
21.744215
21
11.232889
31
7.7
 1
Ø3/4"
 7
ROMANS
 40
0.06
 41
1
 50
359.567205
 72
1
 73
0
 0
TEXT
 8
TEXTO_RAMAS
 6
CONTINUOUS
 62
30
10
21.743139
20
11.090393
30
7.7
11
21.743139
21
11.090393
31
7.7
 1

 7
ROMANS
 40
0.06
 41
1
 50
359.567205
 72
1
 73
3
 0
LINE
 8
UNIFILAR
 6
CONTINUOUS
 62
30
10
21.590026
20
11.189052
30
7.7
11
21.591804
21
11.474838
31
7.7
 0
TEXT
 8
TEXTO_RAMAS
 6
CONTINUOUS
 62
30
10
21.575915
20
11.332038
30
7.7
11
21.575915
21
11.332038
31
7.7
 1
118 Ø20x22
 7
ROMANS
 40
0.06
 41
1
 50
89.643509
 72
1
 73
0
 0
TEXT
 8
TEXTO_RAMAS
 6
CONTINUOUS
 62
30
10
21.605915
20
11.331852
30
7.7
11
21.605915
21
11.331852
31
7.7
 1
Cobre
 7
ROMANS
 40
0.06
 41
1
 50
89.643509
 72
1
 73
3
 0
LINE
 8
UNIFILAR
 6
CONTINUOUS
 62
30
10
21.576604
20
11.282033
30
7.7
11
21.590915
21
11.331945
31
7.7
 0
LINE
 8
UNIFILAR
 6
CONTINUOUS
 62
30
10
21.604604
20
11.281859
30
7.7
11
21.590915
21
11.331945
31
7.7
 0
INSERT
 8
UNIFILAR
 6
CONTINUOUS
 62
30
 2
LLAVE_PASO_GAS
10
21.373011
20
11.500749
30
7.7
41
0.0375
42
0.0375
43
1
 50
180.088708
 0
LINE
 8
UNIFILAR
 6
CONTINUOUS
 62
30
10
21.565718
20
11.501047
30
7.7
11
21.429261
21
11.500836
31
7.7
 0
LINE
 8
UNIFILAR
 6
CONTINUOUS
 62
30
10
21.316761
20
11.500662
30
7.7
11
21.244054
21
11.500549
31
7.7
 0
TEXT
 8
TEXTO_RAMAS
 6
CONTINUOUS
 62
30
10
21.3729
20
11.571999
30
7.7
11
21.3729
21
11.571999
31
7.7
 1
Ø3/4"
 7
ROMANS
 40
0.06
 41
1
 50
0.088708
 72
1
 73
0
 0
TEXT
 8
TEXTO_RAMAS
 6
CONTINUOUS
 62
30
10
21.373121
20
11.429499
30
7.7
11
21.373121
21
11.429499
31
7.7
 1

 7
ROMANS
 40
0.06
 41
1
 50
0.088708
 72
1
 73
3
 0
LINE
 8
UNIFILAR
 6
CONTINUOUS
 62
30
10
16.654898
20
12.577145
30
7.7
11
16.417745
21
12.433045
31
7.7
 0
TEXT
 8
TEXTO_RAMAS
 6
CONTINUOUS
 62
30
10
16.528532
20
12.517914
30
7.7
11
16.528532
21
12.517914
31
7.7
 1
124 Ø16x2
 7
ROMANS
 40
0.06
 41
1
 50
31.283907
 72
1
 73
0
 0
TEXT
 8
TEXTO_RAMAS
 6
CONTINUOUS
 62
30
10
16.54411
20
12.492276
30
7.7
11
16.54411
21
12.492276
31
7.7
 1
P/Al/PEX
 7
ROMANS
 40
0.06
 41
1
 50
31.283907
 72
1
 73
3
 0
LINE
 8
UNIFILAR
 6
CONTINUOUS
 62
30
10
16.586321
20
12.519094
30
7.7
11
16.536321
21
12.505095
31
7.7
 0
LINE
 8
UNIFILAR
 6
CONTINUOUS
 62
30
10
16.571782
20
12.543023
30
7.7
11
16.536321
21
12.505095
31
7.7
 0
INSERT
 8
UNIFILAR
 6
CONTINUOUS
 62
30
 2
LLAVE_PASO_GAS
10
16.527224
20
12.206189
30
7.7
41
0.0375
42
0.0375
43
1
 50
301.743256
 0
LINE
 8
UNIFILAR
 6
CONTINUOUS
 62
30
10
16.409122
20
12.39709
30
7.7
11
16.49763
21
12.254025
31
7.7
 0
LINE
 8
UNIFILAR
 6
CONTINUOUS
 62
30
10
16.556818
20
12.158353
30
7.7
11
16.603458
21
12.082965
31
7.7
 0
TEXT
 8
TEXTO_RAMAS
 6
CONTINUOUS
 62
30
10
16.587816
20
12.243675
30
7.7
11
16.587816
21
12.243675
31
7.7
 1
Ø3/8"
 7
ROMANS
 40
0.06
 41
1
 50
301.743256
 72
1
 73
0
 0
TEXT
 8
TEXTO_RAMAS
 6
CONTINUOUS
 62
30
10
16.466632
20
12.168704
30
7.7
11
16.466632
21
12.168704
31
7.7
 1

 7
ROMANS
 40
0.06
 41
1
 50
301.743256
 72
1
 73
3
 0
INSERT
 8
UNIFILAR
 6
CONTINUOUS
 62
30
 2
CONEXION_PLANTAS_GAS
10
22.858292
20
7.722758
30
10.3
41
0.035
42
0.035
43
1
 50
0
 0
TEXT
 8
TEXTO_NUDOS
 6
CONTINUOUS
 62
30
10
22.858292
20
7.815258
30
10.3
11
22.858292
21
7.815258
31
10.3
 1
51
 7
ROMANS
 40
0.06
 41
1
 50
0
 72
1
 73
0
 0
INSERT
 8
UNIFILAR
 6
CONTINUOUS
 62
30
 2
NUDO_DERIVACION_GAS
10
22.6943
20
7.722758
30
10.3
41
0.035
42
0.035
43
1
 50
0
 0
TEXT
 8
TEXTO_NUDOS
 6
CONTINUOUS
 62
30
10
22.6943
20
7.789008
30
10.3
11
22.6943
21
7.789008
31
10.3
 1
52
 7
ROMANS
 40
0.06
 41
1
 50
0
 72
1
 73
0
 0
INSERT
 8
UNIFILAR
 6
CONTINUOUS
 62
30
 2
NUDO_DERIVACION_GAS
10
22.45471
20
7.722758
30
10.3
41
0.035
42
0.035
43
1
 50
0
 0
TEXT
 8
TEXTO_NUDOS
 6
CONTINUOUS
 62
30
10
22.45471
20
7.789008
30
10.3
11
22.45471
21
7.789008
31
10.3
 1
53
 7
ROMANS
 40
0.06
 41
1
 50
0
 72
1
 73
0
 0
INSERT
 8
UNIFILAR
 6
CONTINUOUS
 62
30
 2
NUDO_DERIVACION_GAS
10
22.177311
20
7.722758
30
10.3
41
0.035
42
0.035
43
1
 50
0
 0
TEXT
 8
TEXTO_NUDOS
 6
CONTINUOUS
 62
30
10
22.177311
20
7.789008
30
10.3
11
22.177311
21
7.789008
31
10.3
 1
54
 7
ROMANS
 40
0.06
 41
1
 50
0
 72
1
 73
0
 0
INSERT
 8
UNIFILAR
 6
CONTINUOUS
 62
30
 2
APARATO_GAS
10
21.154054
20
7.392758
30
10.3
41
0.08
42
0.08
43
1
 50
0
 0
TEXT
 8
TEXTO_NUDOS
 6
CONTINUOUS
 62
30
10
21.154054
20
7.522758
30
10.3
11
21.154054
21
7.522758
31
10.3
 1
58
 7
ROMANS
 40
0.06
 41
1
 50
0
 72
1
 73
0
 0
INSERT
 8
UNIFILAR
 6
CONTINUOUS
 62
30
 2
NUDO_PASO_GAS
10
20.909068
20
7.570693
30
10.3
41
0.02
42
0.02
43
1
 50
0
 0
TEXT
 8
TEXTO_NUDOS
 6
CONTINUOUS
 62
30
10
20.909068
20
7.625693
30
10.3
11
20.909068
21
7.625693
31
10.3
 1

 7
ROMANS
 40
0.06
 41
1
 50
0
 72
1
 73
0
 0
INSERT
 8
UNIFILAR
 6
CONTINUOUS
 62
30
 2
NUDO_DERIVACION_GAS
10
19.518292
20
7.574029
30
10.3
41
0.035
42
0.035
43
1
 50
0
 0
TEXT
 8
TEXTO_NUDOS
 6
CONTINUOUS
 62
30
10
19.518292
20
7.640279
30
10.3
11
19.518292
21
7.640279
31
10.3
 1
60
 7
ROMANS
 40
0.06
 41
1
 50
0
 72
1
 73
0
 0
INSERT
 8
UNIFILAR
 6
CONTINUOUS
 62
30
 2
NUDO_PASO_GAS
10
18.968292
20
7.573876
30
10.3
41
0.02
42
0.02
43
1
 50
0
 0
TEXT
 8
TEXTO_NUDOS
 6
CONTINUOUS
 62
30
10
18.968292
20
7.628876
30
10.3
11
18.968292
21
7.628876
31
10.3
 1

 7
ROMANS
 40
0.06
 41
1
 50
0
 72
1
 73
0
 0
INSERT
 8
UNIFILAR
 6
CONTINUOUS
 62
30
 2
NUDO_PASO_GAS
10
18.968292
20
4.902758
30
10.3
41
0.02
42
0.02
43
1
 50
0
 0
TEXT
 8
TEXTO_NUDOS
 6
CONTINUOUS
 62
30
10
19.023292
20
4.902758
30
10.3
11
19.023292
21
4.902758
31
10.3
 1

 7
ROMANS
 40
0.06
 41
1
 50
0
 72
0
 73
2
 0
INSERT
 8
UNIFILAR
 6
CONTINUOUS
 62
30
 2
NUDO_PASO_GAS
10
17.008292
20
4.902758
30
10.3
41
0.02
42
0.02
43
1
 50
0
 0
TEXT
 8
TEXTO_NUDOS
 6
CONTINUOUS
 62
30
10
16.953292
20
4.902758
30
10.3
11
16.953292
21
4.902758
31
10.3
 1

 7
ROMANS
 40
0.06
 41
1
 50
0
 72
2
 73
2
 0
INSERT
 8
UNIFILAR
 6
CONTINUOUS
 62
30
 2
NUDO_PASO_GAS
10
17.008292
20
6.102758
30
10.3
41
0.02
42
0.02
43
1
 50
0
 0
TEXT
 8
TEXTO_NUDOS
 6
CONTINUOUS
 62
30
10
17.008292
20
6.157758
30
10.3
11
17.008292
21
6.157758
31
10.3
 1

 7
ROMANS
 40
0.06
 41
1
 50
0
 72
1
 73
0
 0
INSERT
 8
UNIFILAR
 6
CONTINUOUS
 62
30
 2
NUDO_DERIVACION_GAS
10
16.677331
20
6.302392
30
10.3
41
0.035
42
0.035
43
1
 50
0
 0
TEXT
 8
TEXTO_NUDOS
 6
CONTINUOUS
 62
30
10
16.677331
20
6.368642
30
10.3
11
16.677331
21
6.368642
31
10.3
 1
61
 7
ROMANS
 40
0.06
 41
1
 50
0
 72
1
 73
0
 0
INSERT
 8
UNIFILAR
 6
CONTINUOUS
 62
30
 2
APARATO_GAS
10
16.936092
20
6.737663
30
10.3
41
0.08
42
0.08
43
1
 50
0
 0
TEXT
 8
TEXTO_NUDOS
 6
CONTINUOUS
 62
30
10
16.936092
20
6.867663
30
10.3
11
16.936092
21
6.867663
31
10.3
 1
62
 7
ROMANS
 40
0.06
 41
1
 50
0
 72
1
 73
0
 0
INSERT
 8
UNIFILAR
 6
CONTINUOUS
 62
30
 2
APARATO_GAS
10
19.516917
20
7.098894
30
10.3
41
0.08
42
0.08
43
1
 50
0
 0
TEXT
 8
TEXTO_NUDOS
 6
CONTINUOUS
 62
30
10
19.386917
20
7.098894
30
10.3
11
19.386917
21
7.098894
31
10.3
 1
65
 7
ROMANS
 40
0.06
 41
1
 50
0
 72
2
 73
2
 0
INSERT
 8
UNIFILAR
 6
CONTINUOUS
 62
30
 2
TOMA_PRESION_GAS
10
20.909052
20
7.392758
30
10.3
41
1
42
1
43
1
 50
180
 0
TEXT
 8
TEXTO_NUDOS
 6
CONTINUOUS
 62
30
10
20.842852
20
7.392758
30
10.3
11
20.842852
21
7.392758
31
10.3
 1
59
 7
ROMANS
 40
0.06
 41
1
 50
0
 72
2
 73
2
 0
INSERT
 8
UNIFILAR
 6
CONTINUOUS
 62
30
 2
NUDO_DERIVACION_GAS
10
21.897403
20
7.722758
30
10.3
41
0.035
42
0.035
43
1
 50
0
 0
TEXT
 8
TEXTO_NUDOS
 6
CONTINUOUS
 62
30
10
21.897403
20
7.789008
30
10.3
11
21.897403
21
7.789008
31
10.3
 1
55
 7
ROMANS
 40
0.06
 41
1
 50
0
 72
1
 73
0
 0
INSERT
 8
UNIFILAR
 6
CONTINUOUS
 62
30
 2
NUDO_DERIVACION_GAS
10
21.589809
20
7.722758
30
10.3
41
0.035
42
0.035
43
1
 50
0
 0
TEXT
 8
TEXTO_NUDOS
 6
CONTINUOUS
 62
30
10
21.589809
20
7.789008
30
10.3
11
21.589809
21
7.789008
31
10.3
 1
56
 7
ROMANS
 40
0.06
 41
1
 50
0
 72
1
 73
0
 0
INSERT
 8
UNIFILAR
 6
CONTINUOUS
 62
30
 2
NUDO_DERIVACION_GAS
10
21.589809
20
7.392073
30
10.3
41
0.035
42
0.035
43
1
 50
0
 0
TEXT
 8
TEXTO_NUDOS
 6
CONTINUOUS
 62
30
10
21.656059
20
7.392073
30
10.3
11
21.656059
21
7.392073
31
10.3
 1
57
 7
ROMANS
 40
0.06
 41
1
 50
0
 72
0
 73
2
 0
INSERT
 8
UNIFILAR
 6
CONTINUOUS
 62
30
 2
NUDO_DERIVACION_GAS
10
16.395311
20
6.473754
30
10.3
41
0.035
42
0.035
43
1
 50
0
 0
TEXT
 8
TEXTO_NUDOS
 6
CONTINUOUS
 62
30
10
16.395311
20
6.540004
30
10.3
11
16.395311
21
6.540004
31
10.3
 1
63
 7
ROMANS
 40
0.06
 41
1
 50
0
 72
1
 73
0
 0
INSERT
 8
UNIFILAR
 6
CONTINUOUS
 62
30
 2
APARATO_GAS
10
16.659137
20
6.900203
30
10.3
41
0.08
42
0.08
43
1
 50
0
 0
TEXT
 8
TEXTO_NUDOS
 6
CONTINUOUS
 62
30
10
16.659137
20
7.030203
30
10.3
11
16.659137
21
7.030203
31
10.3
 1
64
 7
ROMANS
 40
0.06
 41
1
 50
0
 72
1
 73
0
 0
INSERT
 8
UNIFILAR
 6
CONTINUOUS
 62
30
 2
CONEXION_PLANTAS_GAS
10
22.858292
20
11.17041
30
10.3
41
0.035
42
0.035
43
1
 50
0
 0
TEXT
 8
TEXTO_NUDOS
 6
CONTINUOUS
 62
30
10
22.858292
20
11.26291
30
10.3
11
22.858292
21
11.26291
31
10.3
 1
128
 7
ROMANS
 40
0.06
 41
1
 50
0
 72
1
 73
0
 0
INSERT
 8
UNIFILAR
 6
CONTINUOUS
 62
30
 2
NUDO_DERIVACION_GAS
10
22.694384
20
11.165165
30
10.3
41
0.035
42
0.035
43
1
 50
0
 0
TEXT
 8
TEXTO_NUDOS
 6
CONTINUOUS
 62
30
10
22.694384
20
11.231415
30
10.3
11
22.694384
21
11.231415
31
10.3
 1
129
 7
ROMANS
 40
0.06
 41
1
 50
0
 72
1
 73
0
 0
INSERT
 8
UNIFILAR
 6
CONTINUOUS
 62
30
 2
NUDO_DERIVACION_GAS
10
22.454768
20
11.165955
30
10.3
41
0.035
42
0.035
43
1
 50
0
 0
TEXT
 8
TEXTO_NUDOS
 6
CONTINUOUS
 62
30
10
22.454768
20
11.232205
30
10.3
11
22.454768
21
11.232205
31
10.3
 1
130
 7
ROMANS
 40
0.06
 41
1
 50
0
 72
1
 73
0
 0
INSERT
 8
UNIFILAR
 6
CONTINUOUS
 62
30
 2
NUDO_DERIVACION_GAS
10
22.177364
20
11.163775
30
10.3
41
0.035
42
0.035
43
1
 50
0
 0
TEXT
 8
TEXTO_NUDOS
 6
CONTINUOUS
 62
30
10
22.177364
20
11.230025
30
10.3
11
22.177364
21
11.230025
31
10.3
 1
131
 7
ROMANS
 40
0.06
 41
1
 50
0
 72
1
 73
0
 0
INSERT
 8
UNIFILAR
 6
CONTINUOUS
 62
30
 2
APARATO_GAS
10
21.154054
20
11.50041
30
10.3
41
0.08
42
0.08
43
1
 50
0
 0
TEXT
 8
TEXTO_NUDOS
 6
CONTINUOUS
 62
30
10
21.154054
20
11.63041
30
10.3
11
21.154054
21
11.63041
31
10.3
 1
135
 7
ROMANS
 40
0.06
 41
1
 50
0
 72
1
 73
0
 0
INSERT
 8
UNIFILAR
 6
CONTINUOUS
 62
30
 2
NUDO_PASO_GAS
10
20.909068
20
11.322475
30
10.3
41
0.02
42
0.02
43
1
 50
0
 0
TEXT
 8
TEXTO_NUDOS
 6
CONTINUOUS
 62
30
10
20.964068
20
11.322475
30
10.3
11
20.964068
21
11.322475
31
10.3
 1

 7
ROMANS
 40
0.06
 41
1
 50
0
 72
0
 73
2
 0
INSERT
 8
UNIFILAR
 6
CONTINUOUS
 62
30
 2
NUDO_DERIVACION_GAS
10
19.518292
20
11.319138
30
10.3
41
0.035
42
0.035
43
1
 50
0
 0
TEXT
 8
TEXTO_NUDOS
 6
CONTINUOUS
 62
30
10
19.518292
20
11.252888
30
10.3
11
19.518292
21
11.252888
31
10.3
 1
137
 7
ROMANS
 40
0.06
 41
1
 50
0
 72
1
 73
3
 0
INSERT
 8
UNIFILAR
 6
CONTINUOUS
 62
30
 2
NUDO_PASO_GAS
10
18.968292
20
11.319291
30
10.3
41
0.02
42
0.02
43
1
 50
0
 0
TEXT
 8
TEXTO_NUDOS
 6
CONTINUOUS
 62
30
10
18.913292
20
11.319291
30
10.3
11
18.913292
21
11.319291
31
10.3
 1

 7
ROMANS
 40
0.06
 41
1
 50
0
 72
2
 73
2
 0
INSERT
 8
UNIFILAR
 6
CONTINUOUS
 62
30
 2
NUDO_PASO_GAS
10
18.968292
20
13.99041
30
10.3
41
0.02
42
0.02
43
1
 50
0
 0
TEXT
 8
TEXTO_NUDOS
 6
CONTINUOUS
 62
30
10
18.968292
20
14.04541
30
10.3
11
18.968292
21
14.04541
31
10.3
 1

 7
ROMANS
 40
0.06
 41
1
 50
0
 72
1
 73
0
 0
INSERT
 8
UNIFILAR
 6
CONTINUOUS
 62
30
 2
NUDO_PASO_GAS
10
17.008292
20
13.99041
30
10.3
41
0.02
42
0.02
43
1
 50
0
 0
TEXT
 8
TEXTO_NUDOS
 6
CONTINUOUS
 62
30
10
17.008292
20
14.04541
30
10.3
11
17.008292
21
14.04541
31
10.3
 1

 7
ROMANS
 40
0.06
 41
1
 50
0
 72
1
 73
0
 0
INSERT
 8
UNIFILAR
 6
CONTINUOUS
 62
30
 2
NUDO_PASO_GAS
10
17.008292
20
12.79041
30
10.3
41
0.02
42
0.02
43
1
 50
0
 0
TEXT
 8
TEXTO_NUDOS
 6
CONTINUOUS
 62
30
10
16.953292
20
12.79041
30
10.3
11
16.953292
21
12.79041
31
10.3
 1

 7
ROMANS
 40
0.06
 41
1
 50
0
 72
2
 73
2
 0
INSERT
 8
UNIFILAR
 6
CONTINUOUS
 62
30
 2
NUDO_DERIVACION_GAS
10
16.677331
20
12.590776
30
10.3
41
0.035
42
0.035
43
1
 50
0
 0
TEXT
 8
TEXTO_NUDOS
 6
CONTINUOUS
 62
30
10
16.677331
20
12.657026
30
10.3
11
16.677331
21
12.657026
31
10.3
 1
138
 7
ROMANS
 40
0.06
 41
1
 50
0
 72
1
 73
0
 0
INSERT
 8
UNIFILAR
 6
CONTINUOUS
 62
30
 2
APARATO_GAS
10
16.936092
20
12.155505
30
10.3
41
0.08
42
0.08
43
1
 50
0
 0
TEXT
 8
TEXTO_NUDOS
 6
CONTINUOUS
 62
30
10
16.936092
20
12.285505
30
10.3
11
16.936092
21
12.285505
31
10.3
 1
139
 7
ROMANS
 40
0.06
 41
1
 50
0
 72
1
 73
0
 0
INSERT
 8
UNIFILAR
 6
CONTINUOUS
 62
30
 2
APARATO_GAS
10
19.516917
20
11.794273
30
10.3
41
0.08
42
0.08
43
1
 50
0
 0
TEXT
 8
TEXTO_NUDOS
 6
CONTINUOUS
 62
30
10
19.516917
20
11.924273
30
10.3
11
19.516917
21
11.924273
31
10.3
 1
142
 7
ROMANS
 40
0.06
 41
1
 50
0
 72
1
 73
0
 0
INSERT
 8
UNIFILAR
 6
CONTINUOUS
 62
30
 2
TOMA_PRESION_GAS
10
20.909052
20
11.50041
30
10.3
41
1
42
1
43
1
 50
0
 0
TEXT
 8
TEXTO_NUDOS
 6
CONTINUOUS
 62
30
10
20.842852
20
11.50041
30
10.3
11
20.842852
21
11.50041
31
10.3
 1
136
 7
ROMANS
 40
0.06
 41
1
 50
0
 72
2
 73
2
 0
INSERT
 8
UNIFILAR
 6
CONTINUOUS
 62
30
 2
NUDO_DERIVACION_GAS
10
21.897491
20
11.160479
30
10.3
41
0.035
42
0.035
43
1
 50
0
 0
TEXT
 8
TEXTO_NUDOS
 6
CONTINUOUS
 62
30
10
21.897491
20
11.226729
30
10.3
11
21.897491
21
11.226729
31
10.3
 1
132
 7
ROMANS
 40
0.06
 41
1
 50
0
 72
1
 73
0
 0
INSERT
 8
UNIFILAR
 6
CONTINUOUS
 62
30
 2
NUDO_DERIVACION_GAS
10
21.589863
20
11.162803
30
10.3
41
0.035
42
0.035
43
1
 50
0
 0
TEXT
 8
TEXTO_NUDOS
 6
CONTINUOUS
 62
30
10
21.523613
20
11.162803
30
10.3
11
21.523613
21
11.162803
31
10.3
 1
133
 7
ROMANS
 40
0.06
 41
1
 50
0
 72
2
 73
2
 0
INSERT
 8
UNIFILAR
 6
CONTINUOUS
 62
30
 2
NUDO_DERIVACION_GAS
10
21.591968
20
11.501088
30
10.3
41
0.035
42
0.035
43
1
 50
0
 0
TEXT
 8
TEXTO_NUDOS
 6
CONTINUOUS
 62
30
10
21.591968
20
11.567338
30
10.3
11
21.591968
21
11.567338
31
10.3
 1
134
 7
ROMANS
 40
0.06
 41
1
 50
0
 72
1
 73
0
 0
INSERT
 8
UNIFILAR
 6
CONTINUOUS
 62
30
 2
NUDO_DERIVACION_GAS
10
16.395311
20
12.419414
30
10.3
41
0.035
42
0.035
43
1
 50
0
 0
TEXT
 8
TEXTO_NUDOS
 6
CONTINUOUS
 62
30
10
16.395311
20
12.485664
30
10.3
11
16.395311
21
12.485664
31
10.3
 1
140
 7
ROMANS
 40
0.06
 41
1
 50
0
 72
1
 73
0
 0
INSERT
 8
UNIFILAR
 6
CONTINUOUS
 62
30
 2
APARATO_GAS
10
16.659137
20
11.992965
30
10.3
41
0.08
42
0.08
43
1
 50
0
 0
TEXT
 8
TEXTO_NUDOS
 6
CONTINUOUS
 62
30
10
16.659137
20
12.122965
30
10.3
11
16.659137
21
12.122965
31
10.3
 1
141
 7
ROMANS
 40
0.06
 41
1
 50
0
 72
1
 73
0
 0
LINE
 8
UNIFILAR
 6
CONTINUOUS
 62
30
10
22.805792
20
7.722758
30
10.3
11
22.72055
21
7.722758
31
10.3
 0
TEXT
 8
TEXTO_RAMAS
 6
CONTINUOUS
 62
30
10
22.776296
20
7.737758
30
10.3
11
22.776296
21
7.737758
31
10.3
 1
51 Ø20x22
 7
ROMANS
 40
0.06
 41
1
 50
0
 72
1
 73
0
 0
TEXT
 8
TEXTO_RAMAS
 6
CONTINUOUS
 62
30
10
22.776296
20
7.707758
30
10.3
11
22.776296
21
7.707758
31
10.3
 1
Cobre
 7
ROMANS
 40
0.06
 41
1
 50
0
 72
1
 73
3
 0
LINE
 8
UNIFILAR
 6
CONTINUOUS
 62
30
10
22.826296
20
7.708758
30
10.3
11
22.776296
21
7.722758
31
10.3
 0
LINE
 8
UNIFILAR
 6
CONTINUOUS
 62
30
10
22.826296
20
7.736758
30
10.3
11
22.776296
21
7.722758
31
10.3
 0
INSERT
 8
UNIFILAR
 6
CONTINUOUS
 62
30
 2
LLAVE_PASO_GAS
10
22.574505
20
7.722758
30
10.3
41
0.0375
42
0.0375
43
1
 50
180
 0
LINE
 8
UNIFILAR
 6
CONTINUOUS
 62
30
10
22.66805
20
7.722758
30
10.3
11
22.630755
21
7.722758
31
10.3
 0
LINE
 8
UNIFILAR
 6
CONTINUOUS
 62
30
10
22.518255
20
7.722758
30
10.3
11
22.48096
21
7.722758
31
10.3
 0
TEXT
 8
TEXTO_RAMAS
 6
CONTINUOUS
 62
30
10
22.574505
20
7.794008
30
10.3
11
22.574505
21
7.794008
31
10.3
 1
Ø3/4"
 7
ROMANS
 40
0.06
 41
1
 50
0
 72
1
 73
0
 0
TEXT
 8
TEXTO_RAMAS
 6
CONTINUOUS
 62
30
10
22.574505
20
7.651508
30
10.3
11
22.574505
21
7.651508
31
10.3
 1

 7
ROMANS
 40
0.06
 41
1
 50
0
 72
1
 73
3
 0
INSERT
 8
UNIFILAR
 6
CONTINUOUS
 62
30
 2
VALVULA_REG_PRESION_GAS
10
22.31601
20
7.722758
30
10.3
41
0.0375
42
0.0375
43
1
 50
180
 0
LINE
 8
UNIFILAR
 6
CONTINUOUS
 62
30
10
22.42846
20
7.722758
30
10.3
11
22.37226
21
7.722758
31
10.3
 0
LINE
 8
UNIFILAR
 6
CONTINUOUS
 62
30
10
22.25976
20
7.722758
30
10.3
11
22.203561
21
7.722758
31
10.3
 0
TEXT
 8
TEXTO_RAMAS
 6
CONTINUOUS
 62
30
10
22.31601
20
7.779945
30
10.3
11
22.31601
21
7.779945
31
10.3
 1

 7
ROMANS
 40
0.06
 41
1
 50
0
 72
1
 73
0
 0
TEXT
 8
TEXTO_RAMAS
 6
CONTINUOUS
 62
30
10
22.31601
20
7.66557
30
10.3
11
22.31601
21
7.66557
31
10.3
 1

 7
ROMANS
 40
0.06
 41
1
 50
0
 72
1
 73
3
 0
LINE
 8
UNIFILAR
 6
CONTINUOUS
 62
30
10
20.894068
20
7.570729
30
10.3
11
19.544542
21
7.573966
31
10.3
 0
LINE
 8
UNIFILAR
 6
CONTINUOUS
 62
30
10
20.909054
20
7.418958
30
10.3
11
20.909067
21
7.555693
31
10.3
 0
TEXT
 8
TEXTO_RAMAS
 6
CONTINUOUS
 62
30
10
20.213716
20
7.587361
30
10.3
11
20.213716
21
7.587361
31
10.3
 1
59 Ø20x2
 7
ROMANS
 40
0.06
 41
1
 50
359.862541
 72
1
 73
0
 0
TEXT
 8
TEXTO_RAMAS
 6
CONTINUOUS
 62
30
10
20.213644
20
7.557361
30
10.3
11
20.213644
21
7.557361
31
10.3
 1
P/Al/PEX
 7
ROMANS
 40
0.06
 41
1
 50
359.862541
 72
1
 73
3
 0
LINE
 8
UNIFILAR
 6
CONTINUOUS
 62
30
10
20.263647
20
7.558241
30
10.3
11
20.21368
21
7.572361
31
10.3
 0
LINE
 8
UNIFILAR
 6
CONTINUOUS
 62
30
10
20.263714
20
7.586241
30
10.3
11
20.21368
21
7.572361
31
10.3
 0
LINE
 8
UNIFILAR
 6
CONTINUOUS
 62
30
10
19.492042
20
7.574022
30
10.3
11
18.983292
21
7.57388
31
10.3
 0
LINE
 8
UNIFILAR
 6
CONTINUOUS
 62
30
10
18.968292
20
7.558876
30
10.3
11
18.968292
21
4.917758
31
10.3
 0
LINE
 8
UNIFILAR
 6
CONTINUOUS
 62
30
10
18.953292
20
4.902758
30
10.3
11
17.023292
21
4.902758
31
10.3
 0
LINE
 8
UNIFILAR
 6
CONTINUOUS
 62
30
10
17.008292
20
4.917758
30
10.3
11
17.008292
21
6.087758
31
10.3
 0
LINE
 8
UNIFILAR
 6
CONTINUOUS
 62
30
10
16.995448
20
6.110505
30
10.3
11
16.699808
21
6.288833
31
10.3
 0
TEXT
 8
TEXTO_RAMAS
 6
CONTINUOUS
 62
30
10
17.988292
20
4.917758
30
10.3
11
17.988292
21
4.917758
31
10.3
 1
60 Ø20x2
 7
ROMANS
 40
0.06
 41
1
 50
0
 72
1
 73
0
 0
TEXT
 8
TEXTO_RAMAS
 6
CONTINUOUS
 62
30
10
17.988292
20
4.887758
30
10.3
11
17.988292
21
4.887758
31
10.3
 1
P/Al/PEX
 7
ROMANS
 40
0.06
 41
1
 50
0
 72
1
 73
3
 0
LINE
 8
UNIFILAR
 6
CONTINUOUS
 62
30
10
18.038292
20
4.888758
30
10.3
11
17.988292
21
4.902758
31
10.3
 0
LINE
 8
UNIFILAR
 6
CONTINUOUS
 62
30
10
18.038292
20
4.916758
30
10.3
11
17.988292
21
4.902758
31
10.3
 0
INSERT
 8
UNIFILAR
 6
CONTINUOUS
 62
30
 2
LLAVE_PASO_GAS
10
16.806712
20
6.520027
30
10.3
41
0.0375
42
0.0375
43
1
 50
59.269241
 0
LINE
 8
UNIFILAR
 6
CONTINUOUS
 62
30
10
16.690745
20
6.324956
30
10.3
11
16.777968
21
6.471676
31
10.3
 0
LINE
 8
UNIFILAR
 6
CONTINUOUS
 62
30
10
16.835456
20
6.568379
30
10.3
11
16.882589
21
6.647663
31
10.3
 0
TEXT
 8
TEXTO_RAMAS
 6
CONTINUOUS
 62
30
10
16.745467
20
6.556436
30
10.3
11
16.745467
21
6.556436
31
10.3
 1
Ø1/2"
 7
ROMANS
 40
0.06
 41
1
 50
59.269241
 72
1
 73
0
 0
TEXT
 8
TEXTO_RAMAS
 6
CONTINUOUS
 62
30
10
16.867957
20
6.483618
30
10.3
11
16.867957
21
6.483618
31
10.3
 1

 7
ROMANS
 40
0.06
 41
1
 50
59.269241
 72
1
 73
3
 0
INSERT
 8
UNIFILAR
 6
CONTINUOUS
 62
30
 2
LLAVE_PASO_GAS
10
19.517605
20
7.336462
30
10.3
41
0.0375
42
0.0375
43
1
 50
269.834212
 0
LINE
 8
UNIFILAR
 6
CONTINUOUS
 62
30
10
19.518216
20
7.547779
30
10.3
11
19.517768
21
7.392712
31
10.3
 0
LINE
 8
UNIFILAR
 6
CONTINUOUS
 62
30
10
19.517442
20
7.280212
30
10.3
11
19.517178
21
7.188894
31
10.3
 0
TEXT
 8
TEXTO_RAMAS
 6
CONTINUOUS
 62
30
10
19.446355
20
7.336668
30
10.3
11
19.446355
21
7.336668
31
10.3
 1
Ø1/2"
 7
ROMANS
 40
0.06
 41
1
 50
89.834212
 72
1
 73
0
 0
TEXT
 8
TEXTO_RAMAS
 6
CONTINUOUS
 62
30
10
19.588855
20
7.336256
30
10.3
11
19.588855
21
7.336256
31
10.3
 1

 7
ROMANS
 40
0.06
 41
1
 50
89.834212
 72
1
 73
3
 0
LINE
 8
UNIFILAR
 6
CONTINUOUS
 62
30
10
21.064054
20
7.392758
30
10.3
11
20.935252
21
7.392758
31
10.3
 0
TEXT
 8
TEXTO_RAMAS
 6
CONTINUOUS
 62
30
10
21.031553
20
7.407758
30
10.3
11
21.031553
21
7.407758
31
10.3
 1
58 Ø20x2
 7
ROMANS
 40
0.06
 41
1
 50
0
 72
1
 73
0
 0
TEXT
 8
TEXTO_RAMAS
 6
CONTINUOUS
 62
30
10
21.031553
20
7.377758
30
10.3
11
21.031553
21
7.377758
31
10.3
 1
P/Al/PEX
 7
ROMANS
 40
0.06
 41
1
 50
0
 72
1
 73
3
 0
LINE
 8
UNIFILAR
 6
CONTINUOUS
 62
30
10
21.081553
20
7.378758
30
10.3
11
21.031553
21
7.392758
31
10.3
 0
LINE
 8
UNIFILAR
 6
CONTINUOUS
 62
30
10
21.081553
20
7.406758
30
10.3
11
21.031553
21
7.392758
31
10.3
 0
INSERT
 8
UNIFILAR
 6
CONTINUOUS
 62
30
 2
CONTADOR_GAS
10
22.037357
20
7.722758
30
10.3
41
0.0565
42
0.0565
43
1
 50
180
 0
LINE
 8
UNIFILAR
 6
CONTINUOUS
 62
30
10
22.151061
20
7.722758
30
10.3
11
22.100919
21
7.722758
31
10.3
 0
LINE
 8
UNIFILAR
 6
CONTINUOUS
 62
30
10
21.973794
20
7.722758
30
10.3
11
21.923653
21
7.722758
31
10.3
 0
TEXT
 8
TEXTO_RAMAS
 6
CONTINUOUS
 62
30
10
22.037357
20
7.80132
30
10.3
11
22.037357
21
7.80132
31
10.3
 1

 7
ROMANS
 40
0.06
 41
1
 50
0
 72
1
 73
0
 0
TEXT
 8
TEXTO_RAMAS
 6
CONTINUOUS
 62
30
10
22.037357
20
7.644195
30
10.3
11
22.037357
21
7.644195
31
10.3
 1

 7
ROMANS
 40
0.06
 41
1
 50
0
 72
1
 73
3
 0
INSERT
 8
UNIFILAR
 6
CONTINUOUS
 62
30
 2
LLAVE_PASO_GAS
10
21.743606
20
7.722758
30
10.3
41
0.0375
42
0.0375
43
1
 50
180
 0
LINE
 8
UNIFILAR
 6
CONTINUOUS
 62
30
10
21.871153
20
7.722758
30
10.3
11
21.799856
21
7.722758
31
10.3
 0
LINE
 8
UNIFILAR
 6
CONTINUOUS
 62
30
10
21.687356
20
7.722758
30
10.3
11
21.616059
21
7.722758
31
10.3
 0
TEXT
 8
TEXTO_RAMAS
 6
CONTINUOUS
 62
30
10
21.743606
20
7.794008
30
10.3
11
21.743606
21
7.794008
31
10.3
 1
Ø3/4"
 7
ROMANS
 40
0.06
 41
1
 50
0
 72
1
 73
0
 0
TEXT
 8
TEXTO_RAMAS
 6
CONTINUOUS
 62
30
10
21.743606
20
7.651508
30
10.3
11
21.743606
21
7.651508
31
10.3
 1

 7
ROMANS
 40
0.06
 41
1
 50
0
 72
1
 73
3
 0
LINE
 8
UNIFILAR
 6
CONTINUOUS
 62
30
10
21.589809
20
7.696508
30
10.3
11
21.589809
21
7.418323
31
10.3
 0
TEXT
 8
TEXTO_RAMAS
 6
CONTINUOUS
 62
30
10
21.574809
20
7.557415
30
10.3
11
21.574809
21
7.557415
31
10.3
 1
56 Ø20x22
 7
ROMANS
 40
0.06
 41
1
 50
90
 72
1
 73
0
 0
TEXT
 8
TEXTO_RAMAS
 6
CONTINUOUS
 62
30
10
21.604809
20
7.557415
30
10.3
11
21.604809
21
7.557415
31
10.3
 1
Cobre
 7
ROMANS
 40
0.06
 41
1
 50
90
 72
1
 73
3
 0
LINE
 8
UNIFILAR
 6
CONTINUOUS
 62
30
10
21.603809
20
7.607415
30
10.3
11
21.589809
21
7.557415
31
10.3
 0
LINE
 8
UNIFILAR
 6
CONTINUOUS
 62
30
10
21.575809
20
7.607415
30
10.3
11
21.589809
21
7.557415
31
10.3
 0
INSERT
 8
UNIFILAR
 6
CONTINUOUS
 62
30
 2
LLAVE_PASO_GAS
10
21.371931
20
7.392415
30
10.3
41
0.0375
42
0.0375
43
1
 50
179.909977
 0
LINE
 8
UNIFILAR
 6
CONTINUOUS
 62
30
10
21.563559
20
7.392114
30
10.3
11
21.428181
21
7.392327
31
10.3
 0
LINE
 8
UNIFILAR
 6
CONTINUOUS
 62
30
10
21.315681
20
7.392504
30
10.3
11
21.244054
21
7.392616
31
10.3
 0
TEXT
 8
TEXTO_RAMAS
 6
CONTINUOUS
 62
30
10
21.372043
20
7.463665
30
10.3
11
21.372043
21
7.463665
31
10.3
 1
Ø3/4"
 7
ROMANS
 40
0.06
 41
1
 50
359.909977
 72
1
 73
0
 0
TEXT
 8
TEXTO_RAMAS
 6
CONTINUOUS
 62
30
10
21.371819
20
7.321166
30
10.3
11
21.371819
21
7.321166
31
10.3
 1

 7
ROMANS
 40
0.06
 41
1
 50
359.909977
 72
1
 73
3
 0
LINE
 8
UNIFILAR
 6
CONTINUOUS
 62
30
10
16.654898
20
6.316023
30
10.3
11
16.417745
21
6.460123
31
10.3
 0
TEXT
 8
TEXTO_RAMAS
 6
CONTINUOUS
 62
30
10
16.54411
20
6.400892
30
10.3
11
16.54411
21
6.400892
31
10.3
 1
62 Ø16x2
 7
ROMANS
 40
0.06
 41
1
 50
328.716093
 72
1
 73
0
 0
TEXT
 8
TEXTO_RAMAS
 6
CONTINUOUS
 62
30
10
16.528532
20
6.375254
30
10.3
11
16.528532
21
6.375254
31
10.3
 1
P/Al/PEX
 7
ROMANS
 40
0.06
 41
1
 50
328.716093
 72
1
 73
3
 0
LINE
 8
UNIFILAR
 6
CONTINUOUS
 62
30
10
16.571782
20
6.350144
30
10.3
11
16.536321
21
6.388073
31
10.3
 0
LINE
 8
UNIFILAR
 6
CONTINUOUS
 62
30
10
16.586321
20
6.374073
30
10.3
11
16.536321
21
6.388073
31
10.3
 0
INSERT
 8
UNIFILAR
 6
CONTINUOUS
 62
30
 2
LLAVE_PASO_GAS
10
16.527224
20
6.686978
30
10.3
41
0.0375
42
0.0375
43
1
 50
58.256744
 0
LINE
 8
UNIFILAR
 6
CONTINUOUS
 62
30
10
16.409122
20
6.496077
30
10.3
11
16.49763
21
6.639143
31
10.3
 0
LINE
 8
UNIFILAR
 6
CONTINUOUS
 62
30
10
16.556818
20
6.734814
30
10.3
11
16.603458
21
6.810203
31
10.3
 0
TEXT
 8
TEXTO_RAMAS
 6
CONTINUOUS
 62
30
10
16.466632
20
6.724464
30
10.3
11
16.466632
21
6.724464
31
10.3
 1
Ø3/8"
 7
ROMANS
 40
0.06
 41
1
 50
58.256744
 72
1
 73
0
 0
TEXT
 8
TEXTO_RAMAS
 6
CONTINUOUS
 62
30
10
16.587816
20
6.649493
30
10.3
11
16.587816
21
6.649493
31
10.3
 1

 7
ROMANS
 40
0.06
 41
1
 50
58.256744
 72
1
 73
3
 0
LINE
 8
UNIFILAR
 6
CONTINUOUS
 62
30
10
22.805819
20
11.168731
30
10.3
11
22.720621
21
11.166004
31
10.3
 0
TEXT
 8
TEXTO_RAMAS
 6
CONTINUOUS
 62
30
10
22.775859
20
11.18278
30
10.3
11
22.775859
21
11.18278
31
10.3
 1
128 Ø20x22
 7
ROMANS
 40
0.06
 41
1
 50
1.832804
 72
1
 73
0
 0
TEXT
 8
TEXTO_RAMAS
 6
CONTINUOUS
 62
30
10
22.776818
20
11.152795
30
10.3
11
22.776818
21
11.152795
31
10.3
 1
Cobre
 7
ROMANS
 40
0.06
 41
1
 50
1.832804
 72
1
 73
3
 0
LINE
 8
UNIFILAR
 6
CONTINUOUS
 62
30
10
22.82676
20
11.155394
30
10.3
11
22.776338
21
11.167787
31
10.3
 0
LINE
 8
UNIFILAR
 6
CONTINUOUS
 62
30
10
22.825865
20
11.183379
30
10.3
11
22.776338
21
11.167787
31
10.3
 0
INSERT
 8
UNIFILAR
 6
CONTINUOUS
 62
30
 2
LLAVE_PASO_GAS
10
22.574576
20
11.16556
30
10.3
41
0.0375
42
0.0375
43
1
 50
179.811089
 0
LINE
 8
UNIFILAR
 6
CONTINUOUS
 62
30
10
22.668134
20
11.165251
30
10.3
11
22.630826
21
11.165374
31
10.3
 0
LINE
 8
UNIFILAR
 6
CONTINUOUS
 62
30
10
22.518327
20
11.165745
30
10.3
11
22.481018
21
11.165868
31
10.3
 0
TEXT
 8
TEXTO_RAMAS
 6
CONTINUOUS
 62
30
10
22.574811
20
11.236809
30
10.3
11
22.574811
21
11.236809
31
10.3
 1
Ø3/4"
 7
ROMANS
 40
0.06
 41
1
 50
359.811089
 72
1
 73
0
 0
TEXT
 8
TEXTO_RAMAS
 6
CONTINUOUS
 62
30
10
22.574341
20
11.09431
30
10.3
11
22.574341
21
11.09431
31
10.3
 1

 7
ROMANS
 40
0.06
 41
1
 50
359.811089
 72
1
 73
3
 0
INSERT
 8
UNIFILAR
 6
CONTINUOUS
 62
30
 2
VALVULA_REG_PRESION_GAS
10
22.316066
20
11.164865
30
10.3
41
0.0375
42
0.0375
43
1
 50
180.45019
 0
LINE
 8
UNIFILAR
 6
CONTINUOUS
 62
30
10
22.428519
20
11.165749
30
10.3
11
22.372314
21
11.165307
31
10.3
 0
LINE
 8
UNIFILAR
 6
CONTINUOUS
 62
30
10
22.259818
20
11.164423
30
10.3
11
22.203613
21
11.163981
31
10.3
 0
TEXT
 8
TEXTO_RAMAS
 6
CONTINUOUS
 62
30
10
22.315617
20
11.222051
30
10.3
11
22.315617
21
11.222051
31
10.3
 1

 7
ROMANS
 40
0.06
 41
1
 50
0.45019
 72
1
 73
0
 0
TEXT
 8
TEXTO_RAMAS
 6
CONTINUOUS
 62
30
10
22.316516
20
11.107679
30
10.3
11
22.316516
21
11.107679
31
10.3
 1

 7
ROMANS
 40
0.06
 41
1
 50
0.45019
 72
1
 73
3
 0
LINE
 8
UNIFILAR
 6
CONTINUOUS
 62
30
10
20.894068
20
11.322439
30
10.3
11
19.544542
21
11.319201
31
10.3
 0
LINE
 8
UNIFILAR
 6
CONTINUOUS
 62
30
10
20.909054
20
11.47421
30
10.3
11
20.909067
21
11.337475
31
10.3
 0
TEXT
 8
TEXTO_RAMAS
 6
CONTINUOUS
 62
30
10
20.213644
20
11.335806
30
10.3
11
20.213644
21
11.335806
31
10.3
 1
136 Ø20x2
 7
ROMANS
 40
0.06
 41
1
 50
0.137459
 72
1
 73
0
 0
TEXT
 8
TEXTO_RAMAS
 6
CONTINUOUS
 62
30
10
20.213716
20
11.305806
30
10.3
11
20.213716
21
11.305806
31
10.3
 1
P/Al/PEX
 7
ROMANS
 40
0.06
 41
1
 50
0.137459
 72
1
 73
3
 0
LINE
 8
UNIFILAR
 6
CONTINUOUS
 62
30
10
20.263714
20
11.306926
30
10.3
11
20.21368
21
11.320806
31
10.3
 0
LINE
 8
UNIFILAR
 6
CONTINUOUS
 62
30
10
20.263647
20
11.334926
30
10.3
11
20.21368
21
11.320806
31
10.3
 0
LINE
 8
UNIFILAR
 6
CONTINUOUS
 62
30
10
19.492042
20
11.319145
30
10.3
11
18.983292
21
11.319287
31
10.3
 0
LINE
 8
UNIFILAR
 6
CONTINUOUS
 62
30
10
18.968292
20
11.334291
30
10.3
11
18.968292
21
13.97541
31
10.3
 0
LINE
 8
UNIFILAR
 6
CONTINUOUS
 62
30
10
18.953292
20
13.99041
30
10.3
11
17.023292
21
13.99041
31
10.3
 0
LINE
 8
UNIFILAR
 6
CONTINUOUS
 62
30
10
17.008292
20
13.97541
30
10.3
11
17.008292
21
12.80541
31
10.3
 0
LINE
 8
UNIFILAR
 6
CONTINUOUS
 62
30
10
16.995448
20
12.782662
30
10.3
11
16.699808
21
12.604334
31
10.3
 0
TEXT
 8
TEXTO_RAMAS
 6
CONTINUOUS
 62
30
10
17.988292
20
14.00541
30
10.3
11
17.988292
21
14.00541
31
10.3
 1
137 Ø20x2
 7
ROMANS
 40
0.06
 41
1
 50
0
 72
1
 73
0
 0
TEXT
 8
TEXTO_RAMAS
 6
CONTINUOUS
 62
30
10
17.988292
20
13.97541
30
10.3
11
17.988292
21
13.97541
31
10.3
 1
P/Al/PEX
 7
ROMANS
 40
0.06
 41
1
 50
0
 72
1
 73
3
 0
LINE
 8
UNIFILAR
 6
CONTINUOUS
 62
30
10
18.038292
20
13.97641
30
10.3
11
17.988292
21
13.99041
31
10.3
 0
LINE
 8
UNIFILAR
 6
CONTINUOUS
 62
30
10
18.038292
20
14.00441
30
10.3
11
17.988292
21
13.99041
31
10.3
 0
INSERT
 8
UNIFILAR
 6
CONTINUOUS
 62
30
 2
LLAVE_PASO_GAS
10
16.806712
20
12.37314
30
10.3
41
0.0375
42
0.0375
43
1
 50
300.730759
 0
LINE
 8
UNIFILAR
 6
CONTINUOUS
 62
30
10
16.690745
20
12.568212
30
10.3
11
16.777968
21
12.421491
31
10.3
 0
LINE
 8
UNIFILAR
 6
CONTINUOUS
 62
30
10
16.835456
20
12.324789
30
10.3
11
16.882589
21
12.245505
31
10.3
 0
TEXT
 8
TEXTO_RAMAS
 6
CONTINUOUS
 62
30
10
16.867957
20
12.409549
30
10.3
11
16.867957
21
12.409549
31
10.3
 1
Ø1/2"
 7
ROMANS
 40
0.06
 41
1
 50
300.730759
 72
1
 73
0
 0
TEXT
 8
TEXTO_RAMAS
 6
CONTINUOUS
 62
30
10
16.745467
20
12.336731
30
10.3
11
16.745467
21
12.336731
31
10.3
 1

 7
ROMANS
 40
0.06
 41
1
 50
300.730759
 72
1
 73
3
 0
INSERT
 8
UNIFILAR
 6
CONTINUOUS
 62
30
 2
LLAVE_PASO_GAS
10
19.517605
20
11.556706
30
10.3
41
0.0375
42
0.0375
43
1
 50
90.165788
 0
LINE
 8
UNIFILAR
 6
CONTINUOUS
 62
30
10
19.518216
20
11.345388
30
10.3
11
19.517768
21
11.500456
31
10.3
 0
LINE
 8
UNIFILAR
 6
CONTINUOUS
 62
30
10
19.517442
20
11.612955
30
10.3
11
19.517178
21
11.704273
31
10.3
 0
TEXT
 8
TEXTO_RAMAS
 6
CONTINUOUS
 62
30
10
19.588855
20
11.556912
30
10.3
11
19.588855
21
11.556912
31
10.3
 1
Ø1/2"
 7
ROMANS
 40
0.06
 41
1
 50
270.165788
 72
1
 73
0
 0
TEXT
 8
TEXTO_RAMAS
 6
CONTINUOUS
 62
30
10
19.446355
20
11.5565
30
10.3
11
19.446355
21
11.5565
31
10.3
 1

 7
ROMANS
 40
0.06
 41
1
 50
270.165788
 72
1
 73
3
 0
LINE
 8
UNIFILAR
 6
CONTINUOUS
 62
30
10
21.064054
20
11.50041
30
10.3
11
20.935252
21
11.50041
31
10.3
 0
TEXT
 8
TEXTO_RAMAS
 6
CONTINUOUS
 62
30
10
21.031553
20
11.51541
30
10.3
11
21.031553
21
11.51541
31
10.3
 1
135 Ø20x2
 7
ROMANS
 40
0.06
 41
1
 50
0
 72
1
 73
0
 0
TEXT
 8
TEXTO_RAMAS
 6
CONTINUOUS
 62
30
10
21.031553
20
11.48541
30
10.3
11
21.031553
21
11.48541
31
10.3
 1
P/Al/PEX
 7
ROMANS
 40
0.06
 41
1
 50
0
 72
1
 73
3
 0
LINE
 8
UNIFILAR
 6
CONTINUOUS
 62
30
10
21.081553
20
11.48641
30
10.3
11
21.031553
21
11.50041
31
10.3
 0
LINE
 8
UNIFILAR
 6
CONTINUOUS
 62
30
10
21.081553
20
11.51441
30
10.3
11
21.031553
21
11.50041
31
10.3
 0
INSERT
 8
UNIFILAR
 6
CONTINUOUS
 62
30
 2
CONTADOR_GAS
10
22.037427
20
11.162127
30
10.3
41
0.0565
42
0.0565
43
1
 50
180.674776
 0
LINE
 8
UNIFILAR
 6
CONTINUOUS
 62
30
10
22.151116
20
11.163466
30
10.3
11
22.100986
21
11.162876
31
10.3
 0
LINE
 8
UNIFILAR
 6
CONTINUOUS
 62
30
10
21.973869
20
11.161378
30
10.3
11
21.923739
21
11.160788
31
10.3
 0
TEXT
 8
TEXTO_RAMAS
 6
CONTINUOUS
 62
30
10
22.036502
20
11.240684
30
10.3
11
22.036502
21
11.240684
31
10.3
 1

 7
ROMANS
 40
0.06
 41
1
 50
0.674776
 72
1
 73
0
 0
TEXT
 8
TEXTO_RAMAS
 6
CONTINUOUS
 62
30
10
22.038353
20
11.08357
30
10.3
11
22.038353
21
11.08357
31
10.3
 1

 7
ROMANS
 40
0.06
 41
1
 50
0.674776
 72
1
 73
3
 0
INSERT
 8
UNIFILAR
 6
CONTINUOUS
 62
30
 2
LLAVE_PASO_GAS
10
21.743677
20
11.161641
30
10.3
41
0.0375
42
0.0375
43
1
 50
179.567205
 0
LINE
 8
UNIFILAR
 6
CONTINUOUS
 62
30
10
21.871242
20
11.160677
30
10.3
11
21.799925
21
11.161216
31
10.3
 0
LINE
 8
UNIFILAR
 6
CONTINUOUS
 62
30
10
21.687428
20
11.162066
30
10.3
11
21.616112
21
11.162604
31
10.3
 0
TEXT
 8
TEXTO_RAMAS
 6
CONTINUOUS
 62
30
10
21.744215
20
11.232889
30
10.3
11
21.744215
21
11.232889
31
10.3
 1
Ø3/4"
 7
ROMANS
 40
0.06
 41
1
 50
359.567205
 72
1
 73
0
 0
TEXT
 8
TEXTO_RAMAS
 6
CONTINUOUS
 62
30
10
21.743139
20
11.090393
30
10.3
11
21.743139
21
11.090393
31
10.3
 1

 7
ROMANS
 40
0.06
 41
1
 50
359.567205
 72
1
 73
3
 0
LINE
 8
UNIFILAR
 6
CONTINUOUS
 62
30
10
21.590026
20
11.189052
30
10.3
11
21.591804
21
11.474838
31
10.3
 0
TEXT
 8
TEXTO_RAMAS
 6
CONTINUOUS
 62
30
10
21.575915
20
11.332038
30
10.3
11
21.575915
21
11.332038
31
10.3
 1
133 Ø20x22
 7
ROMANS
 40
0.06
 41
1
 50
89.643509
 72
1
 73
0
 0
TEXT
 8
TEXTO_RAMAS
 6
CONTINUOUS
 62
30
10
21.605915
20
11.331852
30
10.3
11
21.605915
21
11.331852
31
10.3
 1
Cobre
 7
ROMANS
 40
0.06
 41
1
 50
89.643509
 72
1
 73
3
 0
LINE
 8
UNIFILAR
 6
CONTINUOUS
 62
30
10
21.576604
20
11.282033
30
10.3
11
21.590915
21
11.331945
31
10.3
 0
LINE
 8
UNIFILAR
 6
CONTINUOUS
 62
30
10
21.604604
20
11.281859
30
10.3
11
21.590915
21
11.331945
31
10.3
 0
INSERT
 8
UNIFILAR
 6
CONTINUOUS
 62
30
 2
LLAVE_PASO_GAS
10
21.373011
20
11.500749
30
10.3
41
0.0375
42
0.0375
43
1
 50
180.088708
 0
LINE
 8
UNIFILAR
 6
CONTINUOUS
 62
30
10
21.565718
20
11.501047
30
10.3
11
21.429261
21
11.500836
31
10.3
 0
LINE
 8
UNIFILAR
 6
CONTINUOUS
 62
30
10
21.316761
20
11.500662
30
10.3
11
21.244054
21
11.500549
31
10.3
 0
TEXT
 8
TEXTO_RAMAS
 6
CONTINUOUS
 62
30
10
21.3729
20
11.571999
30
10.3
11
21.3729
21
11.571999
31
10.3
 1
Ø3/4"
 7
ROMANS
 40
0.06
 41
1
 50
0.088708
 72
1
 73
0
 0
TEXT
 8
TEXTO_RAMAS
 6
CONTINUOUS
 62
30
10
21.373121
20
11.429499
30
10.3
11
21.373121
21
11.429499
31
10.3
 1

 7
ROMANS
 40
0.06
 41
1
 50
0.088708
 72
1
 73
3
 0
LINE
 8
UNIFILAR
 6
CONTINUOUS
 62
30
10
16.654898
20
12.577145
30
10.3
11
16.417745
21
12.433045
31
10.3
 0
TEXT
 8
TEXTO_RAMAS
 6
CONTINUOUS
 62
30
10
16.528532
20
12.517914
30
10.3
11
16.528532
21
12.517914
31
10.3
 1
139 Ø16x2
 7
ROMANS
 40
0.06
 41
1
 50
31.283907
 72
1
 73
0
 0
TEXT
 8
TEXTO_RAMAS
 6
CONTINUOUS
 62
30
10
16.54411
20
12.492276
30
10.3
11
16.54411
21
12.492276
31
10.3
 1
P/Al/PEX
 7
ROMANS
 40
0.06
 41
1
 50
31.283907
 72
1
 73
3
 0
LINE
 8
UNIFILAR
 6
CONTINUOUS
 62
30
10
16.586321
20
12.519094
30
10.3
11
16.536321
21
12.505095
31
10.3
 0
LINE
 8
UNIFILAR
 6
CONTINUOUS
 62
30
10
16.571782
20
12.543023
30
10.3
11
16.536321
21
12.505095
31
10.3
 0
INSERT
 8
UNIFILAR
 6
CONTINUOUS
 62
30
 2
LLAVE_PASO_GAS
10
16.527224
20
12.206189
30
10.3
41
0.0375
42
0.0375
43
1
 50
301.743256
 0
LINE
 8
UNIFILAR
 6
CONTINUOUS
 62
30
10
16.409122
20
12.39709
30
10.3
11
16.49763
21
12.254025
31
10.3
 0
LINE
 8
UNIFILAR
 6
CONTINUOUS
 62
30
10
16.556818
20
12.158353
30
10.3
11
16.603458
21
12.082965
31
10.3
 0
TEXT
 8
TEXTO_RAMAS
 6
CONTINUOUS
 62
30
10
16.587816
20
12.243675
30
10.3
11
16.587816
21
12.243675
31
10.3
 1
Ø3/8"
 7
ROMANS
 40
0.06
 41
1
 50
301.743256
 72
1
 73
0
 0
TEXT
 8
TEXTO_RAMAS
 6
CONTINUOUS
 62
30
10
16.466632
20
12.168704
30
10.3
11
16.466632
21
12.168704
31
10.3
 1

 7
ROMANS
 40
0.06
 41
1
 50
301.743256
 72
1
 73
3
 0
INSERT
 8
UNIFILAR
 6
CONTINUOUS
 62
30
 2
CONEXION_PLANTAS_GAS
10
22.858292
20
7.722758
30
12.9
41
0.035
42
0.035
43
1
 50
0
 0
TEXT
 8
TEXTO_NUDOS
 6
CONTINUOUS
 62
30
10
22.858292
20
7.815258
30
12.9
11
22.858292
21
7.815258
31
12.9
 1
66
 7
ROMANS
 40
0.06
 41
1
 50
0
 72
1
 73
0
 0
INSERT
 8
UNIFILAR
 6
CONTINUOUS
 62
30
 2
NUDO_DERIVACION_GAS
10
22.6943
20
7.722758
30
12.9
41
0.035
42
0.035
43
1
 50
0
 0
TEXT
 8
TEXTO_NUDOS
 6
CONTINUOUS
 62
30
10
22.6943
20
7.789008
30
12.9
11
22.6943
21
7.789008
31
12.9
 1
67
 7
ROMANS
 40
0.06
 41
1
 50
0
 72
1
 73
0
 0
INSERT
 8
UNIFILAR
 6
CONTINUOUS
 62
30
 2
NUDO_DERIVACION_GAS
10
22.454727
20
7.722758
30
12.9
41
0.035
42
0.035
43
1
 50
0
 0
TEXT
 8
TEXTO_NUDOS
 6
CONTINUOUS
 62
30
10
22.454727
20
7.789008
30
12.9
11
22.454727
21
7.789008
31
12.9
 1
68
 7
ROMANS
 40
0.06
 41
1
 50
0
 72
1
 73
0
 0
INSERT
 8
UNIFILAR
 6
CONTINUOUS
 62
30
 2
NUDO_DERIVACION_GAS
10
22.177285
20
7.722758
30
12.9
41
0.035
42
0.035
43
1
 50
0
 0
TEXT
 8
TEXTO_NUDOS
 6
CONTINUOUS
 62
30
10
22.177285
20
7.789008
30
12.9
11
22.177285
21
7.789008
31
12.9
 1
69
 7
ROMANS
 40
0.06
 41
1
 50
0
 72
1
 73
0
 0
INSERT
 8
UNIFILAR
 6
CONTINUOUS
 62
30
 2
APARATO_GAS
10
21.154054
20
7.392758
30
12.9
41
0.08
42
0.08
43
1
 50
0
 0
TEXT
 8
TEXTO_NUDOS
 6
CONTINUOUS
 62
30
10
21.154054
20
7.522758
30
12.9
11
21.154054
21
7.522758
31
12.9
 1
73
 7
ROMANS
 40
0.06
 41
1
 50
0
 72
1
 73
0
 0
INSERT
 8
UNIFILAR
 6
CONTINUOUS
 62
30
 2
NUDO_PASO_GAS
10
20.909068
20
7.570693
30
12.9
41
0.02
42
0.02
43
1
 50
0
 0
TEXT
 8
TEXTO_NUDOS
 6
CONTINUOUS
 62
30
10
20.909068
20
7.625693
30
12.9
11
20.909068
21
7.625693
31
12.9
 1

 7
ROMANS
 40
0.06
 41
1
 50
0
 72
1
 73
0
 0
INSERT
 8
UNIFILAR
 6
CONTINUOUS
 62
30
 2
NUDO_DERIVACION_GAS
10
19.518292
20
7.574029
30
12.9
41
0.035
42
0.035
43
1
 50
0
 0
TEXT
 8
TEXTO_NUDOS
 6
CONTINUOUS
 62
30
10
19.518292
20
7.640279
30
12.9
11
19.518292
21
7.640279
31
12.9
 1
75
 7
ROMANS
 40
0.06
 41
1
 50
0
 72
1
 73
0
 0
INSERT
 8
UNIFILAR
 6
CONTINUOUS
 62
30
 2
NUDO_PASO_GAS
10
18.968292
20
7.573876
30
12.9
41
0.02
42
0.02
43
1
 50
0
 0
TEXT
 8
TEXTO_NUDOS
 6
CONTINUOUS
 62
30
10
18.968292
20
7.628876
30
12.9
11
18.968292
21
7.628876
31
12.9
 1

 7
ROMANS
 40
0.06
 41
1
 50
0
 72
1
 73
0
 0
INSERT
 8
UNIFILAR
 6
CONTINUOUS
 62
30
 2
NUDO_PASO_GAS
10
18.968292
20
4.902758
30
12.9
41
0.02
42
0.02
43
1
 50
0
 0
TEXT
 8
TEXTO_NUDOS
 6
CONTINUOUS
 62
30
10
19.023292
20
4.902758
30
12.9
11
19.023292
21
4.902758
31
12.9
 1

 7
ROMANS
 40
0.06
 41
1
 50
0
 72
0
 73
2
 0
INSERT
 8
UNIFILAR
 6
CONTINUOUS
 62
30
 2
NUDO_PASO_GAS
10
17.008292
20
4.902758
30
12.9
41
0.02
42
0.02
43
1
 50
0
 0
TEXT
 8
TEXTO_NUDOS
 6
CONTINUOUS
 62
30
10
16.953292
20
4.902758
30
12.9
11
16.953292
21
4.902758
31
12.9
 1

 7
ROMANS
 40
0.06
 41
1
 50
0
 72
2
 73
2
 0
INSERT
 8
UNIFILAR
 6
CONTINUOUS
 62
30
 2
NUDO_PASO_GAS
10
17.008292
20
6.102758
30
12.9
41
0.02
42
0.02
43
1
 50
0
 0
TEXT
 8
TEXTO_NUDOS
 6
CONTINUOUS
 62
30
10
17.008292
20
6.157758
30
12.9
11
17.008292
21
6.157758
31
12.9
 1

 7
ROMANS
 40
0.06
 41
1
 50
0
 72
1
 73
0
 0
INSERT
 8
UNIFILAR
 6
CONTINUOUS
 62
30
 2
NUDO_DERIVACION_GAS
10
16.677331
20
6.302392
30
12.9
41
0.035
42
0.035
43
1
 50
0
 0
TEXT
 8
TEXTO_NUDOS
 6
CONTINUOUS
 62
30
10
16.677331
20
6.368642
30
12.9
11
16.677331
21
6.368642
31
12.9
 1
76
 7
ROMANS
 40
0.06
 41
1
 50
0
 72
1
 73
0
 0
INSERT
 8
UNIFILAR
 6
CONTINUOUS
 62
30
 2
APARATO_GAS
10
16.936092
20
6.737663
30
12.9
41
0.08
42
0.08
43
1
 50
0
 0
TEXT
 8
TEXTO_NUDOS
 6
CONTINUOUS
 62
30
10
16.936092
20
6.867663
30
12.9
11
16.936092
21
6.867663
31
12.9
 1
77
 7
ROMANS
 40
0.06
 41
1
 50
0
 72
1
 73
0
 0
INSERT
 8
UNIFILAR
 6
CONTINUOUS
 62
30
 2
APARATO_GAS
10
19.516917
20
7.098894
30
12.9
41
0.08
42
0.08
43
1
 50
0
 0
TEXT
 8
TEXTO_NUDOS
 6
CONTINUOUS
 62
30
10
19.386917
20
7.098894
30
12.9
11
19.386917
21
7.098894
31
12.9
 1
80
 7
ROMANS
 40
0.06
 41
1
 50
0
 72
2
 73
2
 0
INSERT
 8
UNIFILAR
 6
CONTINUOUS
 62
30
 2
TOMA_PRESION_GAS
10
20.909052
20
7.392758
30
12.9
41
1
42
1
43
1
 50
180
 0
TEXT
 8
TEXTO_NUDOS
 6
CONTINUOUS
 62
30
10
20.842852
20
7.392758
30
12.9
11
20.842852
21
7.392758
31
12.9
 1
74
 7
ROMANS
 40
0.06
 41
1
 50
0
 72
2
 73
2
 0
INSERT
 8
UNIFILAR
 6
CONTINUOUS
 62
30
 2
NUDO_DERIVACION_GAS
10
21.897315
20
7.722758
30
12.9
41
0.035
42
0.035
43
1
 50
0
 0
TEXT
 8
TEXTO_NUDOS
 6
CONTINUOUS
 62
30
10
21.897315
20
7.789008
30
12.9
11
21.897315
21
7.789008
31
12.9
 1
70
 7
ROMANS
 40
0.06
 41
1
 50
0
 72
1
 73
0
 0
INSERT
 8
UNIFILAR
 6
CONTINUOUS
 62
30
 2
NUDO_DERIVACION_GAS
10
21.589769
20
7.722758
30
12.9
41
0.035
42
0.035
43
1
 50
0
 0
TEXT
 8
TEXTO_NUDOS
 6
CONTINUOUS
 62
30
10
21.589769
20
7.789008
30
12.9
11
21.589769
21
7.789008
31
12.9
 1
71
 7
ROMANS
 40
0.06
 41
1
 50
0
 72
1
 73
0
 0
INSERT
 8
UNIFILAR
 6
CONTINUOUS
 62
30
 2
NUDO_DERIVACION_GAS
10
21.589769
20
7.392072
30
12.9
41
0.035
42
0.035
43
1
 50
0
 0
TEXT
 8
TEXTO_NUDOS
 6
CONTINUOUS
 62
30
10
21.656019
20
7.392072
30
12.9
11
21.656019
21
7.392072
31
12.9
 1
72
 7
ROMANS
 40
0.06
 41
1
 50
0
 72
0
 73
2
 0
INSERT
 8
UNIFILAR
 6
CONTINUOUS
 62
30
 2
NUDO_DERIVACION_GAS
10
16.395311
20
6.473754
30
12.9
41
0.035
42
0.035
43
1
 50
0
 0
TEXT
 8
TEXTO_NUDOS
 6
CONTINUOUS
 62
30
10
16.395311
20
6.540004
30
12.9
11
16.395311
21
6.540004
31
12.9
 1
78
 7
ROMANS
 40
0.06
 41
1
 50
0
 72
1
 73
0
 0
INSERT
 8
UNIFILAR
 6
CONTINUOUS
 62
30
 2
APARATO_GAS
10
16.659137
20
6.900203
30
12.9
41
0.08
42
0.08
43
1
 50
0
 0
TEXT
 8
TEXTO_NUDOS
 6
CONTINUOUS
 62
30
10
16.659137
20
7.030203
30
12.9
11
16.659137
21
7.030203
31
12.9
 1
79
 7
ROMANS
 40
0.06
 41
1
 50
0
 72
1
 73
0
 0
INSERT
 8
UNIFILAR
 6
CONTINUOUS
 62
30
 2
CONEXION_PLANTAS_GAS
10
22.858292
20
11.17041
30
12.9
41
0.035
42
0.035
43
1
 50
0
 0
TEXT
 8
TEXTO_NUDOS
 6
CONTINUOUS
 62
30
10
22.858292
20
11.26291
30
12.9
11
22.858292
21
11.26291
31
12.9
 1
143
 7
ROMANS
 40
0.06
 41
1
 50
0
 72
1
 73
0
 0
INSERT
 8
UNIFILAR
 6
CONTINUOUS
 62
30
 2
NUDO_DERIVACION_GAS
10
22.694384
20
11.165165
30
12.9
41
0.035
42
0.035
43
1
 50
0
 0
TEXT
 8
TEXTO_NUDOS
 6
CONTINUOUS
 62
30
10
22.694384
20
11.231415
30
12.9
11
22.694384
21
11.231415
31
12.9
 1
144
 7
ROMANS
 40
0.06
 41
1
 50
0
 72
1
 73
0
 0
INSERT
 8
UNIFILAR
 6
CONTINUOUS
 62
30
 2
NUDO_DERIVACION_GAS
10
22.454768
20
11.165955
30
12.9
41
0.035
42
0.035
43
1
 50
0
 0
TEXT
 8
TEXTO_NUDOS
 6
CONTINUOUS
 62
30
10
22.454768
20
11.232205
30
12.9
11
22.454768
21
11.232205
31
12.9
 1
145
 7
ROMANS
 40
0.06
 41
1
 50
0
 72
1
 73
0
 0
INSERT
 8
UNIFILAR
 6
CONTINUOUS
 62
30
 2
NUDO_DERIVACION_GAS
10
22.177364
20
11.163775
30
12.9
41
0.035
42
0.035
43
1
 50
0
 0
TEXT
 8
TEXTO_NUDOS
 6
CONTINUOUS
 62
30
10
22.177364
20
11.230025
30
12.9
11
22.177364
21
11.230025
31
12.9
 1
146
 7
ROMANS
 40
0.06
 41
1
 50
0
 72
1
 73
0
 0
INSERT
 8
UNIFILAR
 6
CONTINUOUS
 62
30
 2
APARATO_GAS
10
21.154054
20
11.50041
30
12.9
41
0.08
42
0.08
43
1
 50
0
 0
TEXT
 8
TEXTO_NUDOS
 6
CONTINUOUS
 62
30
10
21.154054
20
11.63041
30
12.9
11
21.154054
21
11.63041
31
12.9
 1
150
 7
ROMANS
 40
0.06
 41
1
 50
0
 72
1
 73
0
 0
INSERT
 8
UNIFILAR
 6
CONTINUOUS
 62
30
 2
NUDO_PASO_GAS
10
20.909068
20
11.322475
30
12.9
41
0.02
42
0.02
43
1
 50
0
 0
TEXT
 8
TEXTO_NUDOS
 6
CONTINUOUS
 62
30
10
20.964068
20
11.322475
30
12.9
11
20.964068
21
11.322475
31
12.9
 1

 7
ROMANS
 40
0.06
 41
1
 50
0
 72
0
 73
2
 0
INSERT
 8
UNIFILAR
 6
CONTINUOUS
 62
30
 2
NUDO_DERIVACION_GAS
10
19.518292
20
11.319138
30
12.9
41
0.035
42
0.035
43
1
 50
0
 0
TEXT
 8
TEXTO_NUDOS
 6
CONTINUOUS
 62
30
10
19.518292
20
11.252888
30
12.9
11
19.518292
21
11.252888
31
12.9
 1
152
 7
ROMANS
 40
0.06
 41
1
 50
0
 72
1
 73
3
 0
INSERT
 8
UNIFILAR
 6
CONTINUOUS
 62
30
 2
NUDO_PASO_GAS
10
18.968292
20
11.319291
30
12.9
41
0.02
42
0.02
43
1
 50
0
 0
TEXT
 8
TEXTO_NUDOS
 6
CONTINUOUS
 62
30
10
18.913292
20
11.319291
30
12.9
11
18.913292
21
11.319291
31
12.9
 1

 7
ROMANS
 40
0.06
 41
1
 50
0
 72
2
 73
2
 0
INSERT
 8
UNIFILAR
 6
CONTINUOUS
 62
30
 2
NUDO_PASO_GAS
10
18.968292
20
13.99041
30
12.9
41
0.02
42
0.02
43
1
 50
0
 0
TEXT
 8
TEXTO_NUDOS
 6
CONTINUOUS
 62
30
10
18.968292
20
14.04541
30
12.9
11
18.968292
21
14.04541
31
12.9
 1

 7
ROMANS
 40
0.06
 41
1
 50
0
 72
1
 73
0
 0
INSERT
 8
UNIFILAR
 6
CONTINUOUS
 62
30
 2
NUDO_PASO_GAS
10
17.008292
20
13.99041
30
12.9
41
0.02
42
0.02
43
1
 50
0
 0
TEXT
 8
TEXTO_NUDOS
 6
CONTINUOUS
 62
30
10
17.008292
20
14.04541
30
12.9
11
17.008292
21
14.04541
31
12.9
 1

 7
ROMANS
 40
0.06
 41
1
 50
0
 72
1
 73
0
 0
INSERT
 8
UNIFILAR
 6
CONTINUOUS
 62
30
 2
NUDO_PASO_GAS
10
17.008292
20
12.79041
30
12.9
41
0.02
42
0.02
43
1
 50
0
 0
TEXT
 8
TEXTO_NUDOS
 6
CONTINUOUS
 62
30
10
16.953292
20
12.79041
30
12.9
11
16.953292
21
12.79041
31
12.9
 1

 7
ROMANS
 40
0.06
 41
1
 50
0
 72
2
 73
2
 0
INSERT
 8
UNIFILAR
 6
CONTINUOUS
 62
30
 2
NUDO_DERIVACION_GAS
10
16.677331
20
12.590776
30
12.9
41
0.035
42
0.035
43
1
 50
0
 0
TEXT
 8
TEXTO_NUDOS
 6
CONTINUOUS
 62
30
10
16.677331
20
12.657026
30
12.9
11
16.677331
21
12.657026
31
12.9
 1
153
 7
ROMANS
 40
0.06
 41
1
 50
0
 72
1
 73
0
 0
INSERT
 8
UNIFILAR
 6
CONTINUOUS
 62
30
 2
APARATO_GAS
10
16.936092
20
12.155505
30
12.9
41
0.08
42
0.08
43
1
 50
0
 0
TEXT
 8
TEXTO_NUDOS
 6
CONTINUOUS
 62
30
10
16.936092
20
12.285505
30
12.9
11
16.936092
21
12.285505
31
12.9
 1
154
 7
ROMANS
 40
0.06
 41
1
 50
0
 72
1
 73
0
 0
INSERT
 8
UNIFILAR
 6
CONTINUOUS
 62
30
 2
APARATO_GAS
10
19.516917
20
11.794273
30
12.9
41
0.08
42
0.08
43
1
 50
0
 0
TEXT
 8
TEXTO_NUDOS
 6
CONTINUOUS
 62
30
10
19.516917
20
11.924273
30
12.9
11
19.516917
21
11.924273
31
12.9
 1
157
 7
ROMANS
 40
0.06
 41
1
 50
0
 72
1
 73
0
 0
INSERT
 8
UNIFILAR
 6
CONTINUOUS
 62
30
 2
TOMA_PRESION_GAS
10
20.909052
20
11.50041
30
12.9
41
1
42
1
43
1
 50
0
 0
TEXT
 8
TEXTO_NUDOS
 6
CONTINUOUS
 62
30
10
20.842852
20
11.50041
30
12.9
11
20.842852
21
11.50041
31
12.9
 1
151
 7
ROMANS
 40
0.06
 41
1
 50
0
 72
2
 73
2
 0
INSERT
 8
UNIFILAR
 6
CONTINUOUS
 62
30
 2
NUDO_DERIVACION_GAS
10
21.897491
20
11.160479
30
12.9
41
0.035
42
0.035
43
1
 50
0
 0
TEXT
 8
TEXTO_NUDOS
 6
CONTINUOUS
 62
30
10
21.897491
20
11.226729
30
12.9
11
21.897491
21
11.226729
31
12.9
 1
147
 7
ROMANS
 40
0.06
 41
1
 50
0
 72
1
 73
0
 0
INSERT
 8
UNIFILAR
 6
CONTINUOUS
 62
30
 2
NUDO_DERIVACION_GAS
10
21.589863
20
11.162803
30
12.9
41
0.035
42
0.035
43
1
 50
0
 0
TEXT
 8
TEXTO_NUDOS
 6
CONTINUOUS
 62
30
10
21.523613
20
11.162803
30
12.9
11
21.523613
21
11.162803
31
12.9
 1
148
 7
ROMANS
 40
0.06
 41
1
 50
0
 72
2
 73
2
 0
INSERT
 8
UNIFILAR
 6
CONTINUOUS
 62
30
 2
NUDO_DERIVACION_GAS
10
21.591968
20
11.501088
30
12.9
41
0.035
42
0.035
43
1
 50
0
 0
TEXT
 8
TEXTO_NUDOS
 6
CONTINUOUS
 62
30
10
21.591968
20
11.567338
30
12.9
11
21.591968
21
11.567338
31
12.9
 1
149
 7
ROMANS
 40
0.06
 41
1
 50
0
 72
1
 73
0
 0
INSERT
 8
UNIFILAR
 6
CONTINUOUS
 62
30
 2
NUDO_DERIVACION_GAS
10
16.395311
20
12.419414
30
12.9
41
0.035
42
0.035
43
1
 50
0
 0
TEXT
 8
TEXTO_NUDOS
 6
CONTINUOUS
 62
30
10
16.395311
20
12.485664
30
12.9
11
16.395311
21
12.485664
31
12.9
 1
155
 7
ROMANS
 40
0.06
 41
1
 50
0
 72
1
 73
0
 0
INSERT
 8
UNIFILAR
 6
CONTINUOUS
 62
30
 2
APARATO_GAS
10
16.659137
20
11.992965
30
12.9
41
0.08
42
0.08
43
1
 50
0
 0
TEXT
 8
TEXTO_NUDOS
 6
CONTINUOUS
 62
30
10
16.659137
20
12.122965
30
12.9
11
16.659137
21
12.122965
31
12.9
 1
156
 7
ROMANS
 40
0.06
 41
1
 50
0
 72
1
 73
0
 0
LINE
 8
UNIFILAR
 6
CONTINUOUS
 62
30
10
22.805792
20
7.722758
30
12.9
11
22.72055
21
7.722758
31
12.9
 0
TEXT
 8
TEXTO_RAMAS
 6
CONTINUOUS
 62
30
10
22.776296
20
7.737758
30
12.9
11
22.776296
21
7.737758
31
12.9
 1
66 Ø20x22
 7
ROMANS
 40
0.06
 41
1
 50
0
 72
1
 73
0
 0
TEXT
 8
TEXTO_RAMAS
 6
CONTINUOUS
 62
30
10
22.776296
20
7.707758
30
12.9
11
22.776296
21
7.707758
31
12.9
 1
Cobre
 7
ROMANS
 40
0.06
 41
1
 50
0
 72
1
 73
3
 0
LINE
 8
UNIFILAR
 6
CONTINUOUS
 62
30
10
22.826296
20
7.708758
30
12.9
11
22.776296
21
7.722758
31
12.9
 0
LINE
 8
UNIFILAR
 6
CONTINUOUS
 62
30
10
22.826296
20
7.736758
30
12.9
11
22.776296
21
7.722758
31
12.9
 0
INSERT
 8
UNIFILAR
 6
CONTINUOUS
 62
30
 2
LLAVE_PASO_GAS
10
22.574514
20
7.722758
30
12.9
41
0.0375
42
0.0375
43
1
 50
180
 0
LINE
 8
UNIFILAR
 6
CONTINUOUS
 62
30
10
22.66805
20
7.722758
30
12.9
11
22.630764
21
7.722758
31
12.9
 0
LINE
 8
UNIFILAR
 6
CONTINUOUS
 62
30
10
22.518264
20
7.722758
30
12.9
11
22.480977
21
7.722758
31
12.9
 0
TEXT
 8
TEXTO_RAMAS
 6
CONTINUOUS
 62
30
10
22.574514
20
7.794008
30
12.9
11
22.574514
21
7.794008
31
12.9
 1
Ø3/4"
 7
ROMANS
 40
0.06
 41
1
 50
0
 72
1
 73
0
 0
TEXT
 8
TEXTO_RAMAS
 6
CONTINUOUS
 62
30
10
22.574514
20
7.651508
30
12.9
11
22.574514
21
7.651508
31
12.9
 1

 7
ROMANS
 40
0.06
 41
1
 50
0
 72
1
 73
3
 0
INSERT
 8
UNIFILAR
 6
CONTINUOUS
 62
30
 2
VALVULA_REG_PRESION_GAS
10
22.316006
20
7.722758
30
12.9
41
0.0375
42
0.0375
43
1
 50
180
 0
LINE
 8
UNIFILAR
 6
CONTINUOUS
 62
30
10
22.428477
20
7.722758
30
12.9
11
22.372256
21
7.722758
31
12.9
 0
LINE
 8
UNIFILAR
 6
CONTINUOUS
 62
30
10
22.259756
20
7.722758
30
12.9
11
22.203535
21
7.722758
31
12.9
 0
TEXT
 8
TEXTO_RAMAS
 6
CONTINUOUS
 62
30
10
22.316006
20
7.779945
30
12.9
11
22.316006
21
7.779945
31
12.9
 1

 7
ROMANS
 40
0.06
 41
1
 50
0
 72
1
 73
0
 0
TEXT
 8
TEXTO_RAMAS
 6
CONTINUOUS
 62
30
10
22.316006
20
7.66557
30
12.9
11
22.316006
21
7.66557
31
12.9
 1

 7
ROMANS
 40
0.06
 41
1
 50
0
 72
1
 73
3
 0
LINE
 8
UNIFILAR
 6
CONTINUOUS
 62
30
10
20.894068
20
7.570729
30
12.9
11
19.544542
21
7.573966
31
12.9
 0
LINE
 8
UNIFILAR
 6
CONTINUOUS
 62
30
10
20.909054
20
7.418958
30
12.9
11
20.909067
21
7.555693
31
12.9
 0
TEXT
 8
TEXTO_RAMAS
 6
CONTINUOUS
 62
30
10
20.213716
20
7.587361
30
12.9
11
20.213716
21
7.587361
31
12.9
 1
74 Ø20x2
 7
ROMANS
 40
0.06
 41
1
 50
359.862541
 72
1
 73
0
 0
TEXT
 8
TEXTO_RAMAS
 6
CONTINUOUS
 62
30
10
20.213644
20
7.557361
30
12.9
11
20.213644
21
7.557361
31
12.9
 1
P/Al/PEX
 7
ROMANS
 40
0.06
 41
1
 50
359.862541
 72
1
 73
3
 0
LINE
 8
UNIFILAR
 6
CONTINUOUS
 62
30
10
20.263647
20
7.558241
30
12.9
11
20.21368
21
7.572361
31
12.9
 0
LINE
 8
UNIFILAR
 6
CONTINUOUS
 62
30
10
20.263714
20
7.586241
30
12.9
11
20.21368
21
7.572361
31
12.9
 0
LINE
 8
UNIFILAR
 6
CONTINUOUS
 62
30
10
19.492042
20
7.574022
30
12.9
11
18.983292
21
7.57388
31
12.9
 0
LINE
 8
UNIFILAR
 6
CONTINUOUS
 62
30
10
18.968292
20
7.558876
30
12.9
11
18.968292
21
4.917758
31
12.9
 0
LINE
 8
UNIFILAR
 6
CONTINUOUS
 62
30
10
18.953292
20
4.902758
30
12.9
11
17.023292
21
4.902758
31
12.9
 0
LINE
 8
UNIFILAR
 6
CONTINUOUS
 62
30
10
17.008292
20
4.917758
30
12.9
11
17.008292
21
6.087758
31
12.9
 0
LINE
 8
UNIFILAR
 6
CONTINUOUS
 62
30
10
16.995448
20
6.110505
30
12.9
11
16.699808
21
6.288833
31
12.9
 0
TEXT
 8
TEXTO_RAMAS
 6
CONTINUOUS
 62
30
10
17.988292
20
4.917758
30
12.9
11
17.988292
21
4.917758
31
12.9
 1
75 Ø20x2
 7
ROMANS
 40
0.06
 41
1
 50
0
 72
1
 73
0
 0
TEXT
 8
TEXTO_RAMAS
 6
CONTINUOUS
 62
30
10
17.988292
20
4.887758
30
12.9
11
17.988292
21
4.887758
31
12.9
 1
P/Al/PEX
 7
ROMANS
 40
0.06
 41
1
 50
0
 72
1
 73
3
 0
LINE
 8
UNIFILAR
 6
CONTINUOUS
 62
30
10
18.038292
20
4.888758
30
12.9
11
17.988292
21
4.902758
31
12.9
 0
LINE
 8
UNIFILAR
 6
CONTINUOUS
 62
30
10
18.038292
20
4.916758
30
12.9
11
17.988292
21
4.902758
31
12.9
 0
INSERT
 8
UNIFILAR
 6
CONTINUOUS
 62
30
 2
LLAVE_PASO_GAS
10
16.806712
20
6.520027
30
12.9
41
0.0375
42
0.0375
43
1
 50
59.269241
 0
LINE
 8
UNIFILAR
 6
CONTINUOUS
 62
30
10
16.690745
20
6.324956
30
12.9
11
16.777968
21
6.471676
31
12.9
 0
LINE
 8
UNIFILAR
 6
CONTINUOUS
 62
30
10
16.835456
20
6.568379
30
12.9
11
16.882589
21
6.647663
31
12.9
 0
TEXT
 8
TEXTO_RAMAS
 6
CONTINUOUS
 62
30
10
16.745467
20
6.556436
30
12.9
11
16.745467
21
6.556436
31
12.9
 1
Ø1/2"
 7
ROMANS
 40
0.06
 41
1
 50
59.269241
 72
1
 73
0
 0
TEXT
 8
TEXTO_RAMAS
 6
CONTINUOUS
 62
30
10
16.867957
20
6.483618
30
12.9
11
16.867957
21
6.483618
31
12.9
 1

 7
ROMANS
 40
0.06
 41
1
 50
59.269241
 72
1
 73
3
 0
INSERT
 8
UNIFILAR
 6
CONTINUOUS
 62
30
 2
LLAVE_PASO_GAS
10
19.517605
20
7.336462
30
12.9
41
0.0375
42
0.0375
43
1
 50
269.834212
 0
LINE
 8
UNIFILAR
 6
CONTINUOUS
 62
30
10
19.518216
20
7.547779
30
12.9
11
19.517768
21
7.392712
31
12.9
 0
LINE
 8
UNIFILAR
 6
CONTINUOUS
 62
30
10
19.517442
20
7.280212
30
12.9
11
19.517178
21
7.188894
31
12.9
 0
TEXT
 8
TEXTO_RAMAS
 6
CONTINUOUS
 62
30
10
19.446355
20
7.336668
30
12.9
11
19.446355
21
7.336668
31
12.9
 1
Ø1/2"
 7
ROMANS
 40
0.06
 41
1
 50
89.834212
 72
1
 73
0
 0
TEXT
 8
TEXTO_RAMAS
 6
CONTINUOUS
 62
30
10
19.588855
20
7.336256
30
12.9
11
19.588855
21
7.336256
31
12.9
 1

 7
ROMANS
 40
0.06
 41
1
 50
89.834212
 72
1
 73
3
 0
LINE
 8
UNIFILAR
 6
CONTINUOUS
 62
30
10
21.064054
20
7.392758
30
12.9
11
20.935252
21
7.392758
31
12.9
 0
TEXT
 8
TEXTO_RAMAS
 6
CONTINUOUS
 62
30
10
21.031553
20
7.407758
30
12.9
11
21.031553
21
7.407758
31
12.9
 1
73 Ø20x2
 7
ROMANS
 40
0.06
 41
1
 50
0
 72
1
 73
0
 0
TEXT
 8
TEXTO_RAMAS
 6
CONTINUOUS
 62
30
10
21.031553
20
7.377758
30
12.9
11
21.031553
21
7.377758
31
12.9
 1
P/Al/PEX
 7
ROMANS
 40
0.06
 41
1
 50
0
 72
1
 73
3
 0
LINE
 8
UNIFILAR
 6
CONTINUOUS
 62
30
10
21.081553
20
7.378758
30
12.9
11
21.031553
21
7.392758
31
12.9
 0
LINE
 8
UNIFILAR
 6
CONTINUOUS
 62
30
10
21.081553
20
7.406758
30
12.9
11
21.031553
21
7.392758
31
12.9
 0
INSERT
 8
UNIFILAR
 6
CONTINUOUS
 62
30
 2
CONTADOR_GAS
10
22.0373
20
7.722758
30
12.9
41
0.0565
42
0.0565
43
1
 50
180
 0
LINE
 8
UNIFILAR
 6
CONTINUOUS
 62
30
10
22.151035
20
7.722758
30
12.9
11
22.100862
21
7.722758
31
12.9
 0
LINE
 8
UNIFILAR
 6
CONTINUOUS
 62
30
10
21.973737
20
7.722758
30
12.9
11
21.923565
21
7.722758
31
12.9
 0
TEXT
 8
TEXTO_RAMAS
 6
CONTINUOUS
 62
30
10
22.0373
20
7.80132
30
12.9
11
22.0373
21
7.80132
31
12.9
 1

 7
ROMANS
 40
0.06
 41
1
 50
0
 72
1
 73
0
 0
TEXT
 8
TEXTO_RAMAS
 6
CONTINUOUS
 62
30
10
22.0373
20
7.644195
30
12.9
11
22.0373
21
7.644195
31
12.9
 1

 7
ROMANS
 40
0.06
 41
1
 50
0
 72
1
 73
3
 0
INSERT
 8
UNIFILAR
 6
CONTINUOUS
 62
30
 2
LLAVE_PASO_GAS
10
21.743542
20
7.722758
30
12.9
41
0.0375
42
0.0375
43
1
 50
180
 0
LINE
 8
UNIFILAR
 6
CONTINUOUS
 62
30
10
21.871065
20
7.722758
30
12.9
11
21.799792
21
7.722758
31
12.9
 0
LINE
 8
UNIFILAR
 6
CONTINUOUS
 62
30
10
21.687292
20
7.722758
30
12.9
11
21.616019
21
7.722758
31
12.9
 0
TEXT
 8
TEXTO_RAMAS
 6
CONTINUOUS
 62
30
10
21.743542
20
7.794008
30
12.9
11
21.743542
21
7.794008
31
12.9
 1
Ø3/4"
 7
ROMANS
 40
0.06
 41
1
 50
0
 72
1
 73
0
 0
TEXT
 8
TEXTO_RAMAS
 6
CONTINUOUS
 62
30
10
21.743542
20
7.651508
30
12.9
11
21.743542
21
7.651508
31
12.9
 1

 7
ROMANS
 40
0.06
 41
1
 50
0
 72
1
 73
3
 0
LINE
 8
UNIFILAR
 6
CONTINUOUS
 62
30
10
21.589769
20
7.696508
30
12.9
11
21.589769
21
7.418322
31
12.9
 0
TEXT
 8
TEXTO_RAMAS
 6
CONTINUOUS
 62
30
10
21.574769
20
7.557415
30
12.9
11
21.574769
21
7.557415
31
12.9
 1
71 Ø20x22
 7
ROMANS
 40
0.06
 41
1
 50
90
 72
1
 73
0
 0
TEXT
 8
TEXTO_RAMAS
 6
CONTINUOUS
 62
30
10
21.604769
20
7.557415
30
12.9
11
21.604769
21
7.557415
31
12.9
 1
Cobre
 7
ROMANS
 40
0.06
 41
1
 50
90
 72
1
 73
3
 0
LINE
 8
UNIFILAR
 6
CONTINUOUS
 62
30
10
21.603769
20
7.607415
30
12.9
11
21.589769
21
7.557415
31
12.9
 0
LINE
 8
UNIFILAR
 6
CONTINUOUS
 62
30
10
21.575769
20
7.607415
30
12.9
11
21.589769
21
7.557415
31
12.9
 0
INSERT
 8
UNIFILAR
 6
CONTINUOUS
 62
30
 2
LLAVE_PASO_GAS
10
21.371911
20
7.392415
30
12.9
41
0.0375
42
0.0375
43
1
 50
179.909882
 0
LINE
 8
UNIFILAR
 6
CONTINUOUS
 62
30
10
21.563519
20
7.392114
30
12.9
11
21.428161
21
7.392327
31
12.9
 0
LINE
 8
UNIFILAR
 6
CONTINUOUS
 62
30
10
21.315661
20
7.392504
30
12.9
11
21.244054
21
7.392616
31
12.9
 0
TEXT
 8
TEXTO_RAMAS
 6
CONTINUOUS
 62
30
10
21.372023
20
7.463665
30
12.9
11
21.372023
21
7.463665
31
12.9
 1
Ø3/4"
 7
ROMANS
 40
0.06
 41
1
 50
359.909882
 72
1
 73
0
 0
TEXT
 8
TEXTO_RAMAS
 6
CONTINUOUS
 62
30
10
21.371799
20
7.321165
30
12.9
11
21.371799
21
7.321165
31
12.9
 1

 7
ROMANS
 40
0.06
 41
1
 50
359.909882
 72
1
 73
3
 0
LINE
 8
UNIFILAR
 6
CONTINUOUS
 62
30
10
16.654898
20
6.316023
30
12.9
11
16.417745
21
6.460123
31
12.9
 0
TEXT
 8
TEXTO_RAMAS
 6
CONTINUOUS
 62
30
10
16.54411
20
6.400892
30
12.9
11
16.54411
21
6.400892
31
12.9
 1
77 Ø16x2
 7
ROMANS
 40
0.06
 41
1
 50
328.716093
 72
1
 73
0
 0
TEXT
 8
TEXTO_RAMAS
 6
CONTINUOUS
 62
30
10
16.528532
20
6.375254
30
12.9
11
16.528532
21
6.375254
31
12.9
 1
P/Al/PEX
 7
ROMANS
 40
0.06
 41
1
 50
328.716093
 72
1
 73
3
 0
LINE
 8
UNIFILAR
 6
CONTINUOUS
 62
30
10
16.571782
20
6.350144
30
12.9
11
16.536321
21
6.388073
31
12.9
 0
LINE
 8
UNIFILAR
 6
CONTINUOUS
 62
30
10
16.586321
20
6.374073
30
12.9
11
16.536321
21
6.388073
31
12.9
 0
INSERT
 8
UNIFILAR
 6
CONTINUOUS
 62
30
 2
LLAVE_PASO_GAS
10
16.527224
20
6.686978
30
12.9
41
0.0375
42
0.0375
43
1
 50
58.256744
 0
LINE
 8
UNIFILAR
 6
CONTINUOUS
 62
30
10
16.409122
20
6.496077
30
12.9
11
16.49763
21
6.639143
31
12.9
 0
LINE
 8
UNIFILAR
 6
CONTINUOUS
 62
30
10
16.556818
20
6.734814
30
12.9
11
16.603458
21
6.810203
31
12.9
 0
TEXT
 8
TEXTO_RAMAS
 6
CONTINUOUS
 62
30
10
16.466632
20
6.724464
30
12.9
11
16.466632
21
6.724464
31
12.9
 1
Ø3/8"
 7
ROMANS
 40
0.06
 41
1
 50
58.256744
 72
1
 73
0
 0
TEXT
 8
TEXTO_RAMAS
 6
CONTINUOUS
 62
30
10
16.587816
20
6.649493
30
12.9
11
16.587816
21
6.649493
31
12.9
 1

 7
ROMANS
 40
0.06
 41
1
 50
58.256744
 72
1
 73
3
 0
LINE
 8
UNIFILAR
 6
CONTINUOUS
 62
30
10
22.805819
20
11.168731
30
12.9
11
22.720621
21
11.166004
31
12.9
 0
TEXT
 8
TEXTO_RAMAS
 6
CONTINUOUS
 62
30
10
22.775859
20
11.18278
30
12.9
11
22.775859
21
11.18278
31
12.9
 1
143 Ø20x22
 7
ROMANS
 40
0.06
 41
1
 50
1.832804
 72
1
 73
0
 0
TEXT
 8
TEXTO_RAMAS
 6
CONTINUOUS
 62
30
10
22.776818
20
11.152795
30
12.9
11
22.776818
21
11.152795
31
12.9
 1
Cobre
 7
ROMANS
 40
0.06
 41
1
 50
1.832804
 72
1
 73
3
 0
LINE
 8
UNIFILAR
 6
CONTINUOUS
 62
30
10
22.82676
20
11.155394
30
12.9
11
22.776338
21
11.167787
31
12.9
 0
LINE
 8
UNIFILAR
 6
CONTINUOUS
 62
30
10
22.825865
20
11.183379
30
12.9
11
22.776338
21
11.167787
31
12.9
 0
INSERT
 8
UNIFILAR
 6
CONTINUOUS
 62
30
 2
LLAVE_PASO_GAS
10
22.574576
20
11.16556
30
12.9
41
0.0375
42
0.0375
43
1
 50
179.811089
 0
LINE
 8
UNIFILAR
 6
CONTINUOUS
 62
30
10
22.668134
20
11.165251
30
12.9
11
22.630826
21
11.165374
31
12.9
 0
LINE
 8
UNIFILAR
 6
CONTINUOUS
 62
30
10
22.518327
20
11.165745
30
12.9
11
22.481018
21
11.165868
31
12.9
 0
TEXT
 8
TEXTO_RAMAS
 6
CONTINUOUS
 62
30
10
22.574811
20
11.236809
30
12.9
11
22.574811
21
11.236809
31
12.9
 1
Ø3/4"
 7
ROMANS
 40
0.06
 41
1
 50
359.811089
 72
1
 73
0
 0
TEXT
 8
TEXTO_RAMAS
 6
CONTINUOUS
 62
30
10
22.574341
20
11.09431
30
12.9
11
22.574341
21
11.09431
31
12.9
 1

 7
ROMANS
 40
0.06
 41
1
 50
359.811089
 72
1
 73
3
 0
INSERT
 8
UNIFILAR
 6
CONTINUOUS
 62
30
 2
VALVULA_REG_PRESION_GAS
10
22.316066
20
11.164865
30
12.9
41
0.0375
42
0.0375
43
1
 50
180.45019
 0
LINE
 8
UNIFILAR
 6
CONTINUOUS
 62
30
10
22.428519
20
11.165749
30
12.9
11
22.372314
21
11.165307
31
12.9
 0
LINE
 8
UNIFILAR
 6
CONTINUOUS
 62
30
10
22.259818
20
11.164423
30
12.9
11
22.203613
21
11.163981
31
12.9
 0
TEXT
 8
TEXTO_RAMAS
 6
CONTINUOUS
 62
30
10
22.315617
20
11.222051
30
12.9
11
22.315617
21
11.222051
31
12.9
 1

 7
ROMANS
 40
0.06
 41
1
 50
0.45019
 72
1
 73
0
 0
TEXT
 8
TEXTO_RAMAS
 6
CONTINUOUS
 62
30
10
22.316516
20
11.107679
30
12.9
11
22.316516
21
11.107679
31
12.9
 1

 7
ROMANS
 40
0.06
 41
1
 50
0.45019
 72
1
 73
3
 0
LINE
 8
UNIFILAR
 6
CONTINUOUS
 62
30
10
20.894068
20
11.322439
30
12.9
11
19.544542
21
11.319201
31
12.9
 0
LINE
 8
UNIFILAR
 6
CONTINUOUS
 62
30
10
20.909054
20
11.47421
30
12.9
11
20.909067
21
11.337475
31
12.9
 0
TEXT
 8
TEXTO_RAMAS
 6
CONTINUOUS
 62
30
10
20.213644
20
11.335806
30
12.9
11
20.213644
21
11.335806
31
12.9
 1
151 Ø20x2
 7
ROMANS
 40
0.06
 41
1
 50
0.137459
 72
1
 73
0
 0
TEXT
 8
TEXTO_RAMAS
 6
CONTINUOUS
 62
30
10
20.213716
20
11.305806
30
12.9
11
20.213716
21
11.305806
31
12.9
 1
P/Al/PEX
 7
ROMANS
 40
0.06
 41
1
 50
0.137459
 72
1
 73
3
 0
LINE
 8
UNIFILAR
 6
CONTINUOUS
 62
30
10
20.263714
20
11.306926
30
12.9
11
20.21368
21
11.320806
31
12.9
 0
LINE
 8
UNIFILAR
 6
CONTINUOUS
 62
30
10
20.263647
20
11.334926
30
12.9
11
20.21368
21
11.320806
31
12.9
 0
LINE
 8
UNIFILAR
 6
CONTINUOUS
 62
30
10
19.492042
20
11.319145
30
12.9
11
18.983292
21
11.319287
31
12.9
 0
LINE
 8
UNIFILAR
 6
CONTINUOUS
 62
30
10
18.968292
20
11.334291
30
12.9
11
18.968292
21
13.97541
31
12.9
 0
LINE
 8
UNIFILAR
 6
CONTINUOUS
 62
30
10
18.953292
20
13.99041
30
12.9
11
17.023292
21
13.99041
31
12.9
 0
LINE
 8
UNIFILAR
 6
CONTINUOUS
 62
30
10
17.008292
20
13.97541
30
12.9
11
17.008292
21
12.80541
31
12.9
 0
LINE
 8
UNIFILAR
 6
CONTINUOUS
 62
30
10
16.995448
20
12.782662
30
12.9
11
16.699808
21
12.604334
31
12.9
 0
TEXT
 8
TEXTO_RAMAS
 6
CONTINUOUS
 62
30
10
17.988292
20
14.00541
30
12.9
11
17.988292
21
14.00541
31
12.9
 1
152 Ø20x2
 7
ROMANS
 40
0.06
 41
1
 50
0
 72
1
 73
0
 0
TEXT
 8
TEXTO_RAMAS
 6
CONTINUOUS
 62
30
10
17.988292
20
13.97541
30
12.9
11
17.988292
21
13.97541
31
12.9
 1
P/Al/PEX
 7
ROMANS
 40
0.06
 41
1
 50
0
 72
1
 73
3
 0
LINE
 8
UNIFILAR
 6
CONTINUOUS
 62
30
10
18.038292
20
13.97641
30
12.9
11
17.988292
21
13.99041
31
12.9
 0
LINE
 8
UNIFILAR
 6
CONTINUOUS
 62
30
10
18.038292
20
14.00441
30
12.9
11
17.988292
21
13.99041
31
12.9
 0
INSERT
 8
UNIFILAR
 6
CONTINUOUS
 62
30
 2
LLAVE_PASO_GAS
10
16.806712
20
12.37314
30
12.9
41
0.0375
42
0.0375
43
1
 50
300.730759
 0
LINE
 8
UNIFILAR
 6
CONTINUOUS
 62
30
10
16.690745
20
12.568212
30
12.9
11
16.777968
21
12.421491
31
12.9
 0
LINE
 8
UNIFILAR
 6
CONTINUOUS
 62
30
10
16.835456
20
12.324789
30
12.9
11
16.882589
21
12.245505
31
12.9
 0
TEXT
 8
TEXTO_RAMAS
 6
CONTINUOUS
 62
30
10
16.867957
20
12.409549
30
12.9
11
16.867957
21
12.409549
31
12.9
 1
Ø1/2"
 7
ROMANS
 40
0.06
 41
1
 50
300.730759
 72
1
 73
0
 0
TEXT
 8
TEXTO_RAMAS
 6
CONTINUOUS
 62
30
10
16.745467
20
12.336731
30
12.9
11
16.745467
21
12.336731
31
12.9
 1

 7
ROMANS
 40
0.06
 41
1
 50
300.730759
 72
1
 73
3
 0
INSERT
 8
UNIFILAR
 6
CONTINUOUS
 62
30
 2
LLAVE_PASO_GAS
10
19.517605
20
11.556706
30
12.9
41
0.0375
42
0.0375
43
1
 50
90.165788
 0
LINE
 8
UNIFILAR
 6
CONTINUOUS
 62
30
10
19.518216
20
11.345388
30
12.9
11
19.517768
21
11.500456
31
12.9
 0
LINE
 8
UNIFILAR
 6
CONTINUOUS
 62
30
10
19.517442
20
11.612955
30
12.9
11
19.517178
21
11.704273
31
12.9
 0
TEXT
 8
TEXTO_RAMAS
 6
CONTINUOUS
 62
30
10
19.588855
20
11.556912
30
12.9
11
19.588855
21
11.556912
31
12.9
 1
Ø1/2"
 7
ROMANS
 40
0.06
 41
1
 50
270.165788
 72
1
 73
0
 0
TEXT
 8
TEXTO_RAMAS
 6
CONTINUOUS
 62
30
10
19.446355
20
11.5565
30
12.9
11
19.446355
21
11.5565
31
12.9
 1

 7
ROMANS
 40
0.06
 41
1
 50
270.165788
 72
1
 73
3
 0
LINE
 8
UNIFILAR
 6
CONTINUOUS
 62
30
10
21.064054
20
11.50041
30
12.9
11
20.935252
21
11.50041
31
12.9
 0
TEXT
 8
TEXTO_RAMAS
 6
CONTINUOUS
 62
30
10
21.031553
20
11.51541
30
12.9
11
21.031553
21
11.51541
31
12.9
 1
150 Ø20x2
 7
ROMANS
 40
0.06
 41
1
 50
0
 72
1
 73
0
 0
TEXT
 8
TEXTO_RAMAS
 6
CONTINUOUS
 62
30
10
21.031553
20
11.48541
30
12.9
11
21.031553
21
11.48541
31
12.9
 1
P/Al/PEX
 7
ROMANS
 40
0.06
 41
1
 50
0
 72
1
 73
3
 0
LINE
 8
UNIFILAR
 6
CONTINUOUS
 62
30
10
21.081553
20
11.48641
30
12.9
11
21.031553
21
11.50041
31
12.9
 0
LINE
 8
UNIFILAR
 6
CONTINUOUS
 62
30
10
21.081553
20
11.51441
30
12.9
11
21.031553
21
11.50041
31
12.9
 0
INSERT
 8
UNIFILAR
 6
CONTINUOUS
 62
30
 2
CONTADOR_GAS
10
22.037427
20
11.162127
30
12.9
41
0.0565
42
0.0565
43
1
 50
180.674776
 0
LINE
 8
UNIFILAR
 6
CONTINUOUS
 62
30
10
22.151116
20
11.163466
30
12.9
11
22.100986
21
11.162876
31
12.9
 0
LINE
 8
UNIFILAR
 6
CONTINUOUS
 62
30
10
21.973869
20
11.161378
30
12.9
11
21.923739
21
11.160788
31
12.9
 0
TEXT
 8
TEXTO_RAMAS
 6
CONTINUOUS
 62
30
10
22.036502
20
11.240684
30
12.9
11
22.036502
21
11.240684
31
12.9
 1

 7
ROMANS
 40
0.06
 41
1
 50
0.674776
 72
1
 73
0
 0
TEXT
 8
TEXTO_RAMAS
 6
CONTINUOUS
 62
30
10
22.038353
20
11.08357
30
12.9
11
22.038353
21
11.08357
31
12.9
 1

 7
ROMANS
 40
0.06
 41
1
 50
0.674776
 72
1
 73
3
 0
INSERT
 8
UNIFILAR
 6
CONTINUOUS
 62
30
 2
LLAVE_PASO_GAS
10
21.743677
20
11.161641
30
12.9
41
0.0375
42
0.0375
43
1
 50
179.567205
 0
LINE
 8
UNIFILAR
 6
CONTINUOUS
 62
30
10
21.871242
20
11.160677
30
12.9
11
21.799925
21
11.161216
31
12.9
 0
LINE
 8
UNIFILAR
 6
CONTINUOUS
 62
30
10
21.687428
20
11.162066
30
12.9
11
21.616112
21
11.162604
31
12.9
 0
TEXT
 8
TEXTO_RAMAS
 6
CONTINUOUS
 62
30
10
21.744215
20
11.232889
30
12.9
11
21.744215
21
11.232889
31
12.9
 1
Ø3/4"
 7
ROMANS
 40
0.06
 41
1
 50
359.567205
 72
1
 73
0
 0
TEXT
 8
TEXTO_RAMAS
 6
CONTINUOUS
 62
30
10
21.743139
20
11.090393
30
12.9
11
21.743139
21
11.090393
31
12.9
 1

 7
ROMANS
 40
0.06
 41
1
 50
359.567205
 72
1
 73
3
 0
LINE
 8
UNIFILAR
 6
CONTINUOUS
 62
30
10
21.590026
20
11.189052
30
12.9
11
21.591804
21
11.474838
31
12.9
 0
TEXT
 8
TEXTO_RAMAS
 6
CONTINUOUS
 62
30
10
21.575915
20
11.332038
30
12.9
11
21.575915
21
11.332038
31
12.9
 1
148 Ø20x22
 7
ROMANS
 40
0.06
 41
1
 50
89.643509
 72
1
 73
0
 0
TEXT
 8
TEXTO_RAMAS
 6
CONTINUOUS
 62
30
10
21.605915
20
11.331852
30
12.9
11
21.605915
21
11.331852
31
12.9
 1
Cobre
 7
ROMANS
 40
0.06
 41
1
 50
89.643509
 72
1
 73
3
 0
LINE
 8
UNIFILAR
 6
CONTINUOUS
 62
30
10
21.576604
20
11.282033
30
12.9
11
21.590915
21
11.331945
31
12.9
 0
LINE
 8
UNIFILAR
 6
CONTINUOUS
 62
30
10
21.604604
20
11.281859
30
12.9
11
21.590915
21
11.331945
31
12.9
 0
INSERT
 8
UNIFILAR
 6
CONTINUOUS
 62
30
 2
LLAVE_PASO_GAS
10
21.373011
20
11.500749
30
12.9
41
0.0375
42
0.0375
43
1
 50
180.088708
 0
LINE
 8
UNIFILAR
 6
CONTINUOUS
 62
30
10
21.565718
20
11.501047
30
12.9
11
21.429261
21
11.500836
31
12.9
 0
LINE
 8
UNIFILAR
 6
CONTINUOUS
 62
30
10
21.316761
20
11.500662
30
12.9
11
21.244054
21
11.500549
31
12.9
 0
TEXT
 8
TEXTO_RAMAS
 6
CONTINUOUS
 62
30
10
21.3729
20
11.571999
30
12.9
11
21.3729
21
11.571999
31
12.9
 1
Ø3/4"
 7
ROMANS
 40
0.06
 41
1
 50
0.088708
 72
1
 73
0
 0
TEXT
 8
TEXTO_RAMAS
 6
CONTINUOUS
 62
30
10
21.373121
20
11.429499
30
12.9
11
21.373121
21
11.429499
31
12.9
 1

 7
ROMANS
 40
0.06
 41
1
 50
0.088708
 72
1
 73
3
 0
LINE
 8
UNIFILAR
 6
CONTINUOUS
 62
30
10
16.654898
20
12.577145
30
12.9
11
16.417745
21
12.433045
31
12.9
 0
TEXT
 8
TEXTO_RAMAS
 6
CONTINUOUS
 62
30
10
16.528532
20
12.517914
30
12.9
11
16.528532
21
12.517914
31
12.9
 1
154 Ø16x2
 7
ROMANS
 40
0.06
 41
1
 50
31.283907
 72
1
 73
0
 0
TEXT
 8
TEXTO_RAMAS
 6
CONTINUOUS
 62
30
10
16.54411
20
12.492276
30
12.9
11
16.54411
21
12.492276
31
12.9
 1
P/Al/PEX
 7
ROMANS
 40
0.06
 41
1
 50
31.283907
 72
1
 73
3
 0
LINE
 8
UNIFILAR
 6
CONTINUOUS
 62
30
10
16.586321
20
12.519094
30
12.9
11
16.536321
21
12.505095
31
12.9
 0
LINE
 8
UNIFILAR
 6
CONTINUOUS
 62
30
10
16.571782
20
12.543023
30
12.9
11
16.536321
21
12.505095
31
12.9
 0
INSERT
 8
UNIFILAR
 6
CONTINUOUS
 62
30
 2
LLAVE_PASO_GAS
10
16.527224
20
12.206189
30
12.9
41
0.0375
42
0.0375
43
1
 50
301.743256
 0
LINE
 8
UNIFILAR
 6
CONTINUOUS
 62
30
10
16.409122
20
12.39709
30
12.9
11
16.49763
21
12.254025
31
12.9
 0
LINE
 8
UNIFILAR
 6
CONTINUOUS
 62
30
10
16.556818
20
12.158353
30
12.9
11
16.603458
21
12.082965
31
12.9
 0
TEXT
 8
TEXTO_RAMAS
 6
CONTINUOUS
 62
30
10
16.587816
20
12.243675
30
12.9
11
16.587816
21
12.243675
31
12.9
 1
Ø3/8"
 7
ROMANS
 40
0.06
 41
1
 50
301.743256
 72
1
 73
0
 0
TEXT
 8
TEXTO_RAMAS
 6
CONTINUOUS
 62
30
10
16.466632
20
12.168704
30
12.9
11
16.466632
21
12.168704
31
12.9
 1

 7
ROMANS
 40
0.06
 41
1
 50
301.743256
 72
1
 73
3
 0
LINE
 8
UNIFILAR
 6
CONTINUOUS
 62
30
10
22.858292
20
7.722758
30
0
11
22.858292
21
7.722758
31
2.5
 0
LINE
 8
UNIFILAR
 6
CONTINUOUS
 62
30
10
22.858292
20
7.722758
30
0
11
22.858292
21
7.722758
31
2.5
 0
TEXT
 8
TEXTO_RAMAS
 6
CONTINUOUS
 62
30
10
22.843292
20
7.722758
30
1.25
11
22.843292
21
7.722758
31
1.25
 1
5 Ø3/4"
 7
ROMANS
 40
0.059995
 41
1
 50
90
 72
1
 73
0
 0
TEXT
 8
TEXTO_RAMAS
 6
CONTINUOUS
 62
30
10
22.873292
20
7.722758
30
1.25
11
22.873292
21
7.722758
31
1.25
 1
Acero
 7
ROMANS
 40
0.059995
 41
1
 50
90
 72
1
 73
3
 0
LINE
 8
UNIFILAR
 6
CONTINUOUS
 62
30
10
22.872292
20
7.772758
30
1.2
11
22.858292
21
7.722758
31
1.25
 0
LINE
 8
UNIFILAR
 6
CONTINUOUS
 62
30
10
22.844292
20
7.772758
30
1.2
11
22.858292
21
7.722758
31
1.25
 0
LINE
 8
UNIFILAR
 6
CONTINUOUS
 62
30
10
22.858555
20
11.16916
30
0
11
22.858292
21
11.17041
31
2.5
 0
LINE
 8
UNIFILAR
 6
CONTINUOUS
 62
30
10
22.858555
20
11.16916
30
0
11
22.858292
21
11.17041
31
2.5
 0
TEXT
 8
TEXTO_RAMAS
 6
CONTINUOUS
 62
30
10
22.873102
20
11.172876
30
1.25
11
22.873102
21
11.172876
31
1.25
 1
82 Ø3/4"
 7
ROMANS
 40
0.059995
 41
1
 50
281.890027
 72
1
 73
0
 0
TEXT
 8
TEXTO_RAMAS
 6
CONTINUOUS
 62
30
10
22.843746
20
11.166695
30
1.25
11
22.843746
21
11.166695
31
1.25
 1
Acero
 7
ROMANS
 40
0.059995
 41
1
 50
281.890027
 72
1
 73
3
 0
LINE
 8
UNIFILAR
 6
CONTINUOUS
 62
30
10
22.855026
20
11.117973
30
1.2
11
22.858424
21
11.169785
31
1.25
 0
LINE
 8
UNIFILAR
 6
CONTINUOUS
 62
30
10
22.882425
20
11.123742
30
1.2
11
22.858424
21
11.169785
31
1.25
 0
LINE
 8
UNIFILAR
 6
CONTINUOUS
 62
30
10
22.858292
20
7.722758
30
2.5
11
22.858292
21
7.722758
31
5.1
 0
LINE
 8
UNIFILAR
 6
CONTINUOUS
 62
30
10
22.858292
20
7.722758
30
2.5
11
22.858292
21
7.722758
31
5.1
 0
TEXT
 8
TEXTO_RAMAS
 6
CONTINUOUS
 62
30
10
22.843292
20
7.722758
30
3.8
11
22.843292
21
7.722758
31
3.8
 1
20 Ø3/4"
 7
ROMANS
 40
0.059995
 41
1
 50
90
 72
1
 73
0
 0
TEXT
 8
TEXTO_RAMAS
 6
CONTINUOUS
 62
30
10
22.873292
20
7.722758
30
3.8
11
22.873292
21
7.722758
31
3.8
 1
Acero
 7
ROMANS
 40
0.059995
 41
1
 50
90
 72
1
 73
3
 0
LINE
 8
UNIFILAR
 6
CONTINUOUS
 62
30
10
22.872292
20
7.772758
30
3.75
11
22.858292
21
7.722758
31
3.8
 0
LINE
 8
UNIFILAR
 6
CONTINUOUS
 62
30
10
22.844292
20
7.772758
30
3.75
11
22.858292
21
7.722758
31
3.8
 0
LINE
 8
UNIFILAR
 6
CONTINUOUS
 62
30
10
22.858292
20
11.17041
30
2.5
11
22.858292
21
11.17041
31
5.1
 0
LINE
 8
UNIFILAR
 6
CONTINUOUS
 62
30
10
22.858292
20
11.17041
30
2.5
11
22.858292
21
11.17041
31
5.1
 0
TEXT
 8
TEXTO_RAMAS
 6
CONTINUOUS
 62
30
10
22.843292
20
11.17041
30
3.8
11
22.843292
21
11.17041
31
3.8
 1
97 Ø3/4"
 7
ROMANS
 40
0.059995
 41
1
 50
90
 72
1
 73
0
 0
TEXT
 8
TEXTO_RAMAS
 6
CONTINUOUS
 62
30
10
22.873292
20
11.17041
30
3.8
11
22.873292
21
11.17041
31
3.8
 1
Acero
 7
ROMANS
 40
0.059995
 41
1
 50
90
 72
1
 73
3
 0
LINE
 8
UNIFILAR
 6
CONTINUOUS
 62
30
10
22.872292
20
11.22041
30
3.75
11
22.858292
21
11.17041
31
3.8
 0
LINE
 8
UNIFILAR
 6
CONTINUOUS
 62
30
10
22.844292
20
11.22041
30
3.75
11
22.858292
21
11.17041
31
3.8
 0
LINE
 8
UNIFILAR
 6
CONTINUOUS
 62
30
10
22.858292
20
11.17041
30
10.3
11
22.858292
21
11.17041
31
12.9
 0
LINE
 8
UNIFILAR
 6
CONTINUOUS
 62
30
10
22.858292
20
11.17041
30
10.3
11
22.858292
21
11.17041
31
12.9
 0
TEXT
 8
TEXTO_RAMAS
 6
CONTINUOUS
 62
30
10
22.843292
20
11.17041
30
11.6
11
22.843292
21
11.17041
31
11.6
 1
142 Ø3/4"
 7
ROMANS
 40
0.059995
 41
1
 50
90
 72
1
 73
0
 0
TEXT
 8
TEXTO_RAMAS
 6
CONTINUOUS
 62
30
10
22.873292
20
11.17041
30
11.6
11
22.873292
21
11.17041
31
11.6
 1
Acero
 7
ROMANS
 40
0.059995
 41
1
 50
90
 72
1
 73
3
 0
LINE
 8
UNIFILAR
 6
CONTINUOUS
 62
30
10
22.872292
20
11.22041
30
11.55
11
22.858292
21
11.17041
31
11.6
 0
LINE
 8
UNIFILAR
 6
CONTINUOUS
 62
30
10
22.844292
20
11.22041
30
11.55
11
22.858292
21
11.17041
31
11.6
 0
LINE
 8
UNIFILAR
 6
CONTINUOUS
 62
30
10
22.858292
20
7.722758
30
10.3
11
22.858292
21
7.722758
31
12.9
 0
LINE
 8
UNIFILAR
 6
CONTINUOUS
 62
30
10
22.858292
20
7.722758
30
10.3
11
22.858292
21
7.722758
31
12.9
 0
TEXT
 8
TEXTO_RAMAS
 6
CONTINUOUS
 62
30
10
22.843292
20
7.722758
30
11.6
11
22.843292
21
7.722758
31
11.6
 1
65 Ø3/4"
 7
ROMANS
 40
0.059995
 41
1
 50
90
 72
1
 73
0
 0
TEXT
 8
TEXTO_RAMAS
 6
CONTINUOUS
 62
30
10
22.873292
20
7.722758
30
11.6
11
22.873292
21
7.722758
31
11.6
 1
Acero
 7
ROMANS
 40
0.059995
 41
1
 50
90
 72
1
 73
3
 0
LINE
 8
UNIFILAR
 6
CONTINUOUS
 62
30
10
22.872292
20
7.772758
30
11.55
11
22.858292
21
7.722758
31
11.6
 0
LINE
 8
UNIFILAR
 6
CONTINUOUS
 62
30
10
22.844292
20
7.772758
30
11.55
11
22.858292
21
7.722758
31
11.6
 0
LINE
 8
UNIFILAR
 6
CONTINUOUS
 62
30
10
22.858292
20
11.17041
30
7.7
11
22.858292
21
11.17041
31
10.3
 0
LINE
 8
UNIFILAR
 6
CONTINUOUS
 62
30
10
22.858292
20
11.17041
30
7.7
11
22.858292
21
11.17041
31
10.3
 0
TEXT
 8
TEXTO_RAMAS
 6
CONTINUOUS
 62
30
10
22.843292
20
11.17041
30
9
11
22.843292
21
11.17041
31
9
 1
127 Ø3/4"
 7
ROMANS
 40
0.059995
 41
1
 50
90
 72
1
 73
0
 0
TEXT
 8
TEXTO_RAMAS
 6
CONTINUOUS
 62
30
10
22.873292
20
11.17041
30
9
11
22.873292
21
11.17041
31
9
 1
Acero
 7
ROMANS
 40
0.059995
 41
1
 50
90
 72
1
 73
3
 0
LINE
 8
UNIFILAR
 6
CONTINUOUS
 62
30
10
22.844292
20
11.12041
30
8.95
11
22.858292
21
11.17041
31
9
 0
LINE
 8
UNIFILAR
 6
CONTINUOUS
 62
30
10
22.872292
20
11.12041
30
8.95
11
22.858292
21
11.17041
31
9
 0
LINE
 8
UNIFILAR
 6
CONTINUOUS
 62
30
10
22.858292
20
7.722758
30
7.7
11
22.858292
21
7.722758
31
10.3
 0
LINE
 8
UNIFILAR
 6
CONTINUOUS
 62
30
10
22.858292
20
7.722758
30
7.7
11
22.858292
21
7.722758
31
10.3
 0
TEXT
 8
TEXTO_RAMAS
 6
CONTINUOUS
 62
30
10
22.843292
20
7.722758
30
9
11
22.843292
21
7.722758
31
9
 1
50 Ø3/4"
 7
ROMANS
 40
0.059995
 41
1
 50
90
 72
1
 73
0
 0
TEXT
 8
TEXTO_RAMAS
 6
CONTINUOUS
 62
30
10
22.873292
20
7.722758
30
9
11
22.873292
21
7.722758
31
9
 1
Acero
 7
ROMANS
 40
0.059995
 41
1
 50
90
 72
1
 73
3
 0
LINE
 8
UNIFILAR
 6
CONTINUOUS
 62
30
10
22.872292
20
7.772758
30
8.95
11
22.858292
21
7.722758
31
9
 0
LINE
 8
UNIFILAR
 6
CONTINUOUS
 62
30
10
22.844292
20
7.772758
30
8.95
11
22.858292
21
7.722758
31
9
 0
LINE
 8
UNIFILAR
 6
CONTINUOUS
 62
30
10
22.858292
20
11.17041
30
5.1
11
22.858292
21
11.17041
31
7.7
 0
LINE
 8
UNIFILAR
 6
CONTINUOUS
 62
30
10
22.858292
20
11.17041
30
5.1
11
22.858292
21
11.17041
31
7.7
 0
TEXT
 8
TEXTO_RAMAS
 6
CONTINUOUS
 62
30
10
22.843292
20
11.17041
30
6.4
11
22.843292
21
11.17041
31
6.4
 1
112 Ø3/4"
 7
ROMANS
 40
0.059995
 41
1
 50
90
 72
1
 73
0
 0
TEXT
 8
TEXTO_RAMAS
 6
CONTINUOUS
 62
30
10
22.873292
20
11.17041
30
6.4
11
22.873292
21
11.17041
31
6.4
 1
Acero
 7
ROMANS
 40
0.059995
 41
1
 50
90
 72
1
 73
3
 0
LINE
 8
UNIFILAR
 6
CONTINUOUS
 62
30
10
22.872292
20
11.22041
30
6.35
11
22.858292
21
11.17041
31
6.4
 0
LINE
 8
UNIFILAR
 6
CONTINUOUS
 62
30
10
22.844292
20
11.22041
30
6.35
11
22.858292
21
11.17041
31
6.4
 0
LINE
 8
UNIFILAR
 6
CONTINUOUS
 62
30
10
22.858292
20
7.722758
30
5.1
11
22.858292
21
7.722758
31
7.7
 0
LINE
 8
UNIFILAR
 6
CONTINUOUS
 62
30
10
22.858292
20
7.722758
30
5.1
11
22.858292
21
7.722758
31
7.7
 0
TEXT
 8
TEXTO_RAMAS
 6
CONTINUOUS
 62
30
10
22.843292
20
7.722758
30
6.4
11
22.843292
21
7.722758
31
6.4
 1
35 Ø3/4"
 7
ROMANS
 40
0.059995
 41
1
 50
90
 72
1
 73
0
 0
TEXT
 8
TEXTO_RAMAS
 6
CONTINUOUS
 62
30
10
22.873292
20
7.722758
30
6.4
11
22.873292
21
7.722758
31
6.4
 1
Acero
 7
ROMANS
 40
0.059995
 41
1
 50
90
 72
1
 73
3
 0
LINE
 8
UNIFILAR
 6
CONTINUOUS
 62
30
10
22.872292
20
7.772758
30
6.35
11
22.858292
21
7.722758
31
6.4
 0
LINE
 8
UNIFILAR
 6
CONTINUOUS
 62
30
10
22.844292
20
7.772758
30
6.35
11
22.858292
21
7.722758
31
6.4
 0
ENDSEC
 0
EOF
