 0
SECTION
 2
HEADER
 9
$ACADVER
 1
AC1004
 9
$EXTMIN
 10
6.111181
 20
1.477511
 9
$EXTMAX
 10
40.111181
 20
85.526057
 9
$LTSCALE
 40
0.5
 0
ENDSEC
 0
SECTION
 2
TABLES
 0
TABLE
 2
LTYPE
 70
2
 0
LTYPE
 2
CONTINUOUS
 70
64
 3
Solid line
 72
65
 73
0
 40
0.0
 0
LTYPE
 2
TRAZOS
 70
64
 3
TRAZOS__ __ __ __ __ __ __ __ __ __ __ __ __ _
 72
65
 73
4
 40
0.75
 49
0.5
 49
-0.25
 49
0.0
 49
0.0
 0
LTYPE
 2
PUNTOS
 70
64
 3
PUNTOS . . . . . . . . . . . . . . . . . . . .
 72
65
 73
2
 40
0.75
 49
0.0
 49
-0.75
 0
LTYPE
 2
TRAZO_PUNTO
 70
64
 3
TRAZOS_PUNTO__ . __ . __ . __ . __ . __ . __ . __
 72
65
 73
4
 40
1.0
 49
0.5
 49
-0.25
 49
0.0
 49
-0.25
 0
LTYPE
 2
TRAZO_PUNTO2
 70
64
 3
TRAZOS_PUNTO2__ . . __ . . __ . . __ . . __ . . __
 72
65
 73
6
 40
1.25
 49
0.5
 49
-0.25
 49
0.0
 49
-0.25
 49
0.0
 49
-0.25
 0
ENDTAB
 0
TABLE
 2
LAYER
 70
1
 0
LAYER
 2
0
 70
0
 62
7
 6
CONTINUOUS
 0
LAYER
 2
UNIFILAR
 70
0
 62
7
 6
CONTINUOUS
 0
LAYER
 2
TEXTO_NUDOS
 70
0
 62
7
 6
CONTINUOUS
 0
LAYER
 2
TEXTO_RAMAS
 70
0
 62
7
 6
CONTINUOUS
 0
LAYER
 2
SIMBOLOGIA_GRAFICA
 70
0
 62
7
 6
CONTINUOUS
 0
ENDTAB
 0
TABLE
 2
STYLE
 0
STYLE
 2
ROMANS
 70
0
 40
2.5
 41
1
 50
0
 71
0
 42
2.5
 3
Romans
 4

 0
ENDTAB
 0
ENDSEC
 0
SECTION
 2
BLOCKS
 0
BLOCK
 8
SIMBOLOGIA_GRAFICA
 6
CONTINUOUS
 62
7
 2
CONEXION_RED_GAS
 70
0
10
0
20
0
30
0
 3
CONEXION_RED_GAS
 1

 0
CIRCLE
 8
0
 6
CONTINUOUS
 62
0
10
0
20
0
30
0
 40
1.5
 0
LINE
 8
0
 6
CONTINUOUS
 62
0
10
-1.5
20
0
30
0
11
-3.5
21
0
31
0
 0
LINE
 8
0
 6
CONTINUOUS
 62
0
10
-1.5
20
0
30
0
11
-2.8
21
0.8
31
0
 0
LINE
 8
0
 6
CONTINUOUS
 62
0
10
-1.5
20
0
30
0
11
-2.8
21
-0.8
31
0
 0
ENDBLK
 0
BLOCK
 8
0
 6
CONTINUOUS
 62
0
 2
APARATO_GAS
 70
0
10
0
20
0
30
0
 3
APARATO_GAS
 1

 0
LINE
 8
0
 6
CONTINUOUS
 62
0
10
-1.125
20
1.125
30
0
11
1.125
21
1.125
31
0
 0
LINE
 8
0
 6
CONTINUOUS
 62
0
10
1.125
20
-1.125
30
0
11
-1.125
21
-1.125
31
0
 0
TEXT
 8
0
 6
CONTINUOUS
 62
0
10
0
20
-0.5
30
0
11
0
21
-0.5
31
0
 1
G
 7
ROMANS
 40
1
 41
1
 50
0
 72
1
 73
0
 0
LINE
 8
0
 6
CONTINUOUS
 62
0
10
-1.125
20
-1.125
30
0
11
-1.125
21
1.125
31
0
 0
LINE
 8
0
 6
CONTINUOUS
 62
0
10
1.125
20
1.125
30
0
11
1.125
21
-1.125
31
0
 0
ENDBLK
 0
BLOCK
 8
0
 6
CONTINUOUS
 62
0
 2
NUDO_DERIVACION_GAS
 70
0
10
0
20
0
30
0
 3
NUDO_DERIVACION_GAS
 1

 0
SOLID
 8
0
 6
CONTINUOUS
 62
0
10
0.75
20
0
30
0
11
0.746253
21
0.074875
31
0
13
0.737451
23
-0.136622
33
0
12
0.747407
22
-0.062317
32
0
 0
SOLID
 8
0
 6
CONTINUOUS
 62
0
10
0.746253
20
0.074875
30
0
11
0.73505
21
0.149002
31
0
13
0.720128
23
-0.209562
33
0
12
0.737451
22
-0.136622
32
0
 0
SOLID
 8
0
 6
CONTINUOUS
 62
0
10
0.73505
20
0.149002
30
0
11
0.716502
21
0.22164
31
0
13
0.695609
23
-0.280407
33
0
12
0.720128
22
-0.209562
32
0
 0
SOLID
 8
0
 6
CONTINUOUS
 62
0
10
0.716502
20
0.22164
30
0
11
0.690796
21
0.292064
31
0
13
0.66414
23
-0.348452
33
0
12
0.695609
22
-0.280407
32
0
 0
SOLID
 8
0
 6
CONTINUOUS
 62
0
10
0.690796
20
0.292064
30
0
11
0.658187
21
0.359569
31
0
13
0.626035
23
-0.413014
33
0
12
0.66414
22
-0.348452
32
0
 0
SOLID
 8
0
 6
CONTINUOUS
 62
0
10
0.658187
20
0.359569
30
0
11
0.619002
21
0.423482
31
0
13
0.581674
23
-0.47345
33
0
12
0.626035
22
-0.413014
32
0
 0
SOLID
 8
0
 6
CONTINUOUS
 62
0
10
0.619002
20
0.423482
30
0
11
0.573632
21
0.483163
31
0
13
0.531502
23
-0.529155
33
0
12
0.581674
22
-0.47345
32
0
 0
SOLID
 8
0
 6
CONTINUOUS
 62
0
10
0.573632
20
0.483163
30
0
11
0.52253
21
0.538017
31
0
13
0.47602
23
-0.579573
33
0
12
0.531502
22
-0.529155
32
0
 0
SOLID
 8
0
 6
CONTINUOUS
 62
0
10
0.52253
20
0.538017
30
0
11
0.466207
21
0.587495
31
0
13
0.415781
23
-0.624201
33
0
12
0.47602
22
-0.579573
32
0
 0
SOLID
 8
0
 6
CONTINUOUS
 62
0
10
0.466207
20
0.587495
30
0
11
0.405227
21
0.631103
31
0
13
0.351388
23
-0.662591
33
0
12
0.415781
22
-0.624201
32
0
 0
SOLID
 8
0
 6
CONTINUOUS
 62
0
10
0.405227
20
0.631103
30
0
11
0.340197
21
0.668406
31
0
13
0.283483
23
-0.694361
33
0
12
0.351388
22
-0.662591
32
0
 0
SOLID
 8
0
 6
CONTINUOUS
 62
0
10
0.340197
20
0.668406
30
0
11
0.271768
21
0.699029
31
0
13
0.212747
23
-0.719193
33
0
12
0.283483
22
-0.694361
32
0
 0
SOLID
 8
0
 6
CONTINUOUS
 62
0
10
0.271768
20
0.699029
30
0
11
0.200624
21
0.722669
31
0
13
0.139884
23
-0.736839
33
0
12
0.212747
22
-0.719193
32
0
 0
SOLID
 8
0
 6
CONTINUOUS
 62
0
10
0.200624
20
0.722669
30
0
11
0.127475
21
0.739087
31
0
13
0.065624
23
-0.747123
33
0
12
0.139884
22
-0.736839
32
0
 0
SOLID
 8
0
 6
CONTINUOUS
 62
0
10
0.127475
20
0.739087
30
0
11
0.053053
21
0.748121
31
0
13
-0.009291
23
-0.749942
33
0
12
0.065624
22
-0.747123
32
0
 0
SOLID
 8
0
 6
CONTINUOUS
 62
0
10
0.053053
20
0.748121
30
0
11
-0.0219
21
0.74968
31
0
13
-0.084114
23
-0.745268
33
0
12
-0.009291
22
-0.749942
32
0
 0
SOLID
 8
0
 6
CONTINUOUS
 62
0
10
-0.0219
20
0.74968
30
0
11
-0.096633
21
0.743749
31
0
13
-0.158097
23
-0.733148
33
0
12
-0.084114
22
-0.745268
32
0
 0
SOLID
 8
0
 6
CONTINUOUS
 62
0
10
-0.096633
20
0.743749
30
0
11
-0.170402
21
0.730386
31
0
13
-0.2305
23
-0.713702
33
0
12
-0.158097
22
-0.733148
32
0
 0
SOLID
 8
0
 6
CONTINUOUS
 62
0
10
-0.170402
20
0.730386
30
0
11
-0.242467
21
0.709725
31
0
13
-0.300599
23
-0.687124
33
0
12
-0.2305
22
-0.713702
32
0
 0
SOLID
 8
0
 6
CONTINUOUS
 62
0
10
-0.242467
20
0.709725
30
0
11
-0.31211
21
0.681973
31
0
13
-0.367696
23
-0.653682
33
0
12
-0.300599
22
-0.687124
32
0
 0
SOLID
 8
0
 6
CONTINUOUS
 62
0
10
-0.31211
20
0.681973
30
0
11
-0.378635
21
0.647407
31
0
13
-0.431118
23
-0.613708
33
0
12
-0.367696
22
-0.653682
32
0
 0
SOLID
 8
0
 6
CONTINUOUS
 62
0
10
-0.378635
20
0.647407
30
0
11
-0.441376
21
0.606372
31
0
13
-0.490233
23
-0.567602
33
0
12
-0.431118
22
-0.613708
32
0
 0
SOLID
 8
0
 6
CONTINUOUS
 62
0
10
-0.441376
20
0.606372
30
0
11
-0.499707
21
0.559279
31
0
13
-0.544449
23
-0.515825
33
0
12
-0.490233
22
-0.567602
32
0
 0
SOLID
 8
0
 6
CONTINUOUS
 62
0
10
-0.499707
20
0.559279
30
0
11
-0.553045
21
0.506597
31
0
13
-0.593226
23
-0.458893
33
0
12
-0.544449
22
-0.515825
32
0
 0
SOLID
 8
0
 6
CONTINUOUS
 62
0
10
-0.553045
20
0.506597
30
0
11
-0.600858
21
0.448854
31
0
13
-0.636075
23
-0.397377
33
0
12
-0.593226
22
-0.458893
32
0
 0
SOLID
 8
0
 6
CONTINUOUS
 62
0
10
-0.600858
20
0.448854
30
0
11
-0.642667
21
0.386626
31
0
13
-0.672569
23
-0.33189
33
0
12
-0.636075
22
-0.397377
32
0
 0
SOLID
 8
0
 6
CONTINUOUS
 62
0
10
-0.642667
20
0.386626
30
0
11
-0.678054
21
0.320535
31
0
13
-0.702343
23
-0.263087
33
0
12
-0.672569
22
-0.33189
32
0
 0
SOLID
 8
0
 6
CONTINUOUS
 62
0
10
-0.678054
20
0.320535
30
0
11
-0.706667
21
0.251241
31
0
13
-0.725099
23
-0.191656
33
0
12
-0.702343
22
-0.263087
32
0
 0
SOLID
 8
0
 6
CONTINUOUS
 62
0
10
-0.706667
20
0.251241
30
0
11
-0.728219
21
0.179437
31
0
13
-0.74061
23
-0.118309
33
0
12
-0.725099
22
-0.191656
32
0
 0
SOLID
 8
0
 6
CONTINUOUS
 62
0
10
-0.728219
20
0.179437
30
0
11
-0.742494
21
0.10584
31
0
13
-0.748721
23
-0.043781
33
0
12
-0.74061
22
-0.118309
32
0
 0
SOLID
 8
0
 6
CONTINUOUS
 62
0
10
-0.742494
20
0.10584
30
0
11
-0.749351
21
0.031185
31
0
13
-0.749351
23
0.031185
33
0
12
-0.748721
22
-0.043781
32
0
 0
ENDBLK
 0
BLOCK
 8
0
 6
CONTINUOUS
 62
0
 2
NUDO_PASO_GAS
 70
0
10
0
20
0
30
0
 3
NUDO_PASO_GAS
 1

 0
SOLID
 8
0
 6
CONTINUOUS
 62
0
10
0.75
20
0
30
0
11
0.746253
21
0.074875
31
0
13
0.737451
23
-0.136622
33
0
12
0.747407
22
-0.062317
32
0
 0
SOLID
 8
0
 6
CONTINUOUS
 62
0
10
0.746253
20
0.074875
30
0
11
0.73505
21
0.149002
31
0
13
0.720128
23
-0.209562
33
0
12
0.737451
22
-0.136622
32
0
 0
SOLID
 8
0
 6
CONTINUOUS
 62
0
10
0.73505
20
0.149002
30
0
11
0.716502
21
0.22164
31
0
13
0.695609
23
-0.280407
33
0
12
0.720128
22
-0.209562
32
0
 0
SOLID
 8
0
 6
CONTINUOUS
 62
0
10
0.716502
20
0.22164
30
0
11
0.690796
21
0.292064
31
0
13
0.66414
23
-0.348452
33
0
12
0.695609
22
-0.280407
32
0
 0
SOLID
 8
0
 6
CONTINUOUS
 62
0
10
0.690796
20
0.292064
30
0
11
0.658187
21
0.359569
31
0
13
0.626035
23
-0.413014
33
0
12
0.66414
22
-0.348452
32
0
 0
SOLID
 8
0
 6
CONTINUOUS
 62
0
10
0.658187
20
0.359569
30
0
11
0.619002
21
0.423482
31
0
13
0.581674
23
-0.47345
33
0
12
0.626035
22
-0.413014
32
0
 0
SOLID
 8
0
 6
CONTINUOUS
 62
0
10
0.619002
20
0.423482
30
0
11
0.573632
21
0.483163
31
0
13
0.531502
23
-0.529155
33
0
12
0.581674
22
-0.47345
32
0
 0
SOLID
 8
0
 6
CONTINUOUS
 62
0
10
0.573632
20
0.483163
30
0
11
0.52253
21
0.538017
31
0
13
0.47602
23
-0.579573
33
0
12
0.531502
22
-0.529155
32
0
 0
SOLID
 8
0
 6
CONTINUOUS
 62
0
10
0.52253
20
0.538017
30
0
11
0.466207
21
0.587495
31
0
13
0.415781
23
-0.624201
33
0
12
0.47602
22
-0.579573
32
0
 0
SOLID
 8
0
 6
CONTINUOUS
 62
0
10
0.466207
20
0.587495
30
0
11
0.405227
21
0.631103
31
0
13
0.351388
23
-0.662591
33
0
12
0.415781
22
-0.624201
32
0
 0
SOLID
 8
0
 6
CONTINUOUS
 62
0
10
0.405227
20
0.631103
30
0
11
0.340197
21
0.668406
31
0
13
0.283483
23
-0.694361
33
0
12
0.351388
22
-0.662591
32
0
 0
SOLID
 8
0
 6
CONTINUOUS
 62
0
10
0.340197
20
0.668406
30
0
11
0.271768
21
0.699029
31
0
13
0.212747
23
-0.719193
33
0
12
0.283483
22
-0.694361
32
0
 0
SOLID
 8
0
 6
CONTINUOUS
 62
0
10
0.271768
20
0.699029
30
0
11
0.200624
21
0.722669
31
0
13
0.139884
23
-0.736839
33
0
12
0.212747
22
-0.719193
32
0
 0
SOLID
 8
0
 6
CONTINUOUS
 62
0
10
0.200624
20
0.722669
30
0
11
0.127475
21
0.739087
31
0
13
0.065624
23
-0.747123
33
0
12
0.139884
22
-0.736839
32
0
 0
SOLID
 8
0
 6
CONTINUOUS
 62
0
10
0.127475
20
0.739087
30
0
11
0.053053
21
0.748121
31
0
13
-0.009291
23
-0.749942
33
0
12
0.065624
22
-0.747123
32
0
 0
SOLID
 8
0
 6
CONTINUOUS
 62
0
10
0.053053
20
0.748121
30
0
11
-0.0219
21
0.74968
31
0
13
-0.084114
23
-0.745268
33
0
12
-0.009291
22
-0.749942
32
0
 0
SOLID
 8
0
 6
CONTINUOUS
 62
0
10
-0.0219
20
0.74968
30
0
11
-0.096633
21
0.743749
31
0
13
-0.158097
23
-0.733148
33
0
12
-0.084114
22
-0.745268
32
0
 0
SOLID
 8
0
 6
CONTINUOUS
 62
0
10
-0.096633
20
0.743749
30
0
11
-0.170402
21
0.730386
31
0
13
-0.2305
23
-0.713702
33
0
12
-0.158097
22
-0.733148
32
0
 0
SOLID
 8
0
 6
CONTINUOUS
 62
0
10
-0.170402
20
0.730386
30
0
11
-0.242467
21
0.709725
31
0
13
-0.300599
23
-0.687124
33
0
12
-0.2305
22
-0.713702
32
0
 0
SOLID
 8
0
 6
CONTINUOUS
 62
0
10
-0.242467
20
0.709725
30
0
11
-0.31211
21
0.681973
31
0
13
-0.367696
23
-0.653682
33
0
12
-0.300599
22
-0.687124
32
0
 0
SOLID
 8
0
 6
CONTINUOUS
 62
0
10
-0.31211
20
0.681973
30
0
11
-0.378635
21
0.647407
31
0
13
-0.431118
23
-0.613708
33
0
12
-0.367696
22
-0.653682
32
0
 0
SOLID
 8
0
 6
CONTINUOUS
 62
0
10
-0.378635
20
0.647407
30
0
11
-0.441376
21
0.606372
31
0
13
-0.490233
23
-0.567602
33
0
12
-0.431118
22
-0.613708
32
0
 0
SOLID
 8
0
 6
CONTINUOUS
 62
0
10
-0.441376
20
0.606372
30
0
11
-0.499707
21
0.559279
31
0
13
-0.544449
23
-0.515825
33
0
12
-0.490233
22
-0.567602
32
0
 0
SOLID
 8
0
 6
CONTINUOUS
 62
0
10
-0.499707
20
0.559279
30
0
11
-0.553045
21
0.506597
31
0
13
-0.593226
23
-0.458893
33
0
12
-0.544449
22
-0.515825
32
0
 0
SOLID
 8
0
 6
CONTINUOUS
 62
0
10
-0.553045
20
0.506597
30
0
11
-0.600858
21
0.448854
31
0
13
-0.636075
23
-0.397377
33
0
12
-0.593226
22
-0.458893
32
0
 0
SOLID
 8
0
 6
CONTINUOUS
 62
0
10
-0.600858
20
0.448854
30
0
11
-0.642667
21
0.386626
31
0
13
-0.672569
23
-0.33189
33
0
12
-0.636075
22
-0.397377
32
0
 0
SOLID
 8
0
 6
CONTINUOUS
 62
0
10
-0.642667
20
0.386626
30
0
11
-0.678054
21
0.320535
31
0
13
-0.702343
23
-0.263087
33
0
12
-0.672569
22
-0.33189
32
0
 0
SOLID
 8
0
 6
CONTINUOUS
 62
0
10
-0.678054
20
0.320535
30
0
11
-0.706667
21
0.251241
31
0
13
-0.725099
23
-0.191656
33
0
12
-0.702343
22
-0.263087
32
0
 0
SOLID
 8
0
 6
CONTINUOUS
 62
0
10
-0.706667
20
0.251241
30
0
11
-0.728219
21
0.179437
31
0
13
-0.74061
23
-0.118309
33
0
12
-0.725099
22
-0.191656
32
0
 0
SOLID
 8
0
 6
CONTINUOUS
 62
0
10
-0.728219
20
0.179437
30
0
11
-0.742494
21
0.10584
31
0
13
-0.748721
23
-0.043781
33
0
12
-0.74061
22
-0.118309
32
0
 0
SOLID
 8
0
 6
CONTINUOUS
 62
0
10
-0.742494
20
0.10584
30
0
11
-0.749351
21
0.031185
31
0
13
-0.749351
23
0.031185
33
0
12
-0.748721
22
-0.043781
32
0
 0
ENDBLK
 0
BLOCK
 8
0
 6
CONTINUOUS
 62
0
 2
CONEXION_PLANTAS_GAS
 70
0
10
0
20
0
30
0
 3
CONEXION_PLANTAS_GAS
 1

 0
CIRCLE
 8
0
 6
CONTINUOUS
 62
0
10
-0.004736
20
-0.005671
30
0
 40
1.5
 0
SOLID
 8
0
 6
CONTINUOUS
 62
0
10
-1.069716
20
1.050651
30
0
11
-1.169852
21
0.939054
31
0
13
1.047775
23
-1.074419
33
0
12
-0.004736
22
-0.005671
32
0
 0
SOLID
 8
0
 6
CONTINUOUS
 62
0
10
-1.169852
20
0.939054
30
0
11
-1.258346
21
0.818016
31
0
13
1.0154
23
-1.105363
33
0
12
1.047775
22
-1.074419
32
0
 0
SOLID
 8
0
 6
CONTINUOUS
 62
0
10
-1.258346
20
0.818016
30
0
11
-1.334315
21
0.688749
31
0
13
0.900518
23
-1.201713
33
0
12
1.0154
22
-1.105363
32
0
 0
SOLID
 8
0
 6
CONTINUOUS
 62
0
10
-1.334315
20
0.688749
30
0
11
-1.396999
21
0.552544
31
0
13
0.77659
23
-1.286112
33
0
12
0.900518
22
-1.201713
32
0
 0
SOLID
 8
0
 6
CONTINUOUS
 62
0
10
-1.396999
20
0.552544
30
0
11
-1.445772
21
0.410761
31
0
13
0.644856
23
-1.357718
33
0
12
0.77659
22
-1.286112
32
0
 0
SOLID
 8
0
 6
CONTINUOUS
 62
0
10
-1.445772
20
0.410761
30
0
11
-1.480147
21
0.264817
31
0
13
0.506632
23
-1.415814
33
0
12
0.644856
22
-1.357718
32
0
 0
SOLID
 8
0
 6
CONTINUOUS
 62
0
10
-1.480147
20
0.264817
30
0
11
-1.499779
21
0.11617
31
0
13
0.363297
23
-1.459821
33
0
12
0.506632
22
-1.415814
32
0
 0
SOLID
 8
0
 6
CONTINUOUS
 62
0
10
-1.499779
20
0.11617
30
0
11
-1.504474
21
-0.033694
31
0
13
0.216286
23
-1.489298
33
0
12
0.363297
22
-1.459821
32
0
 0
SOLID
 8
0
 6
CONTINUOUS
 62
0
10
-1.504474
20
-0.033694
30
0
11
-1.494184
21
-0.183278
31
0
13
0.067066
23
-1.503952
33
0
12
0.216286
22
-1.489298
32
0
 0
SOLID
 8
0
 6
CONTINUOUS
 62
0
10
-1.494184
20
-0.183278
30
0
11
-1.469012
21
-0.331087
31
0
13
-0.082871
23
-1.503635
33
0
12
0.067066
22
-1.503952
32
0
 0
SOLID
 8
0
 6
CONTINUOUS
 62
0
10
-1.469012
20
-0.331087
30
0
11
-1.429209
21
-0.475645
31
0
13
-0.232027
23
-1.488351
33
0
12
-0.082871
22
-1.503635
32
0
 0
SOLID
 8
0
 6
CONTINUOUS
 62
0
10
-1.429209
20
-0.475645
30
0
11
-1.375174
21
-0.615507
31
0
13
-0.378913
23
-1.458252
33
0
12
-0.232027
22
-1.488351
32
0
 0
SOLID
 8
0
 6
CONTINUOUS
 62
0
10
-1.375174
20
-0.615507
30
0
11
-1.307445
21
-0.749276
31
0
13
-0.52206
23
-1.41364
33
0
12
-0.378913
22
-1.458252
32
0
 0
SOLID
 8
0
 6
CONTINUOUS
 62
0
10
-1.307445
20
-0.749276
30
0
11
-1.226701
21
-0.875615
31
0
13
-0.660037
23
-1.35496
33
0
12
-0.52206
22
-1.41364
32
0
 0
SOLID
 8
0
 6
CONTINUOUS
 62
0
10
-1.226701
20
-0.875615
30
0
11
-1.133746
21
-0.993262
31
0
13
-0.791468
23
-1.282798
33
0
12
-0.660037
22
-1.35496
32
0
 0
SOLID
 8
0
 6
CONTINUOUS
 62
0
10
-1.133746
20
-0.993262
30
0
11
-1.029511
21
-1.101041
31
0
13
-0.915037
23
-1.197876
33
0
12
-0.791468
22
-1.282798
32
0
 0
ENDBLK
 0
BLOCK
 8
0
 6
CONTINUOUS
 62
0
 2
LLAVE_PASO_GAS
 70
0
10
0
20
0
30
0
 3
LLAVE_PASO_GAS
 1

 0
LINE
 8
0
 6
CONTINUOUS
 62
0
10
-1.5
20
1.125
30
0
11
1.5
21
-1.125
31
0
 0
LINE
 8
0
 6
CONTINUOUS
 62
0
10
1.5
20
1.125
30
0
11
-1.5
21
-1.125
31
0
 0
LINE
 8
0
 6
CONTINUOUS
 62
0
10
-1.5
20
-1.125
30
0
11
-1.5
21
1.125
31
0
 0
LINE
 8
0
 6
CONTINUOUS
 62
0
10
1.5
20
-1.125
30
0
11
1.5
21
1.125
31
0
 0
ENDBLK
 0
BLOCK
 8
0
 6
CONTINUOUS
 62
0
 2
VALVULA_REG_PRESION_GAS
 70
0
10
0
20
0
30
0
 3
VALVULA_REG_PRESION_GAS
 1

 0
LINE
 8
0
 6
CONTINUOUS
 62
0
10
-1.50002
20
1.125
30
0
11
1.49998
21
0
31
0
 0
LINE
 8
0
 6
CONTINUOUS
 62
0
10
-1.50002
20
-1.125
30
0
11
1.49998
21
0
31
0
 0
LINE
 8
0
 6
CONTINUOUS
 62
0
10
1.49998
20
1.125
30
0
11
-1.50002
21
1.125
31
0
 0
LINE
 8
0
 6
CONTINUOUS
 62
0
10
-1.50002
20
-1.125
30
0
11
1.49998
21
-1.125
31
0
 0
LINE
 8
0
 6
CONTINUOUS
 62
0
10
-1.50002
20
1.125
30
0
11
-1.50002
21
-1.125
31
0
 0
LINE
 8
0
 6
CONTINUOUS
 62
0
10
1.49998
20
-1.125
30
0
11
1.49998
21
1.125
31
0
 0
ENDBLK
 0
BLOCK
 8
0
 6
CONTINUOUS
 62
0
 2
DEPOSITO_PRESION_GAS
 70
0
10
0
20
0
30
0
 3
DEPOSITO_PRESION_GAS
 1

 0
LINE
 8
0
 6
CONTINUOUS
 62
0
10
-10.105408
20
-6.875
30
0
11
-30.282558
21
-6.875
31
0
 0
LINE
 8
0
 6
CONTINUOUS
 62
0
10
-30.282558
20
6.875
30
0
11
-10.105408
21
6.875
31
0
 0
LINE
 8
0
 6
CONTINUOUS
 62
0
10
-30.282558
20
-6.875
30
0
11
-30.282558
21
6.875
31
0
 0
ARC
 8
0
 6
CONTINUOUS
 62
0
10
-17.858229
20
0
30
0
 40
14.199634
 50
151.042053
 51
208.957947
 0
LINE
 8
0
 6
CONTINUOUS
 62
0
10
-10.105408
20
6.875
30
0
11
-10.105408
21
-6.875
31
0
 0
ARC
 8
0
 6
CONTINUOUS
 62
0
10
-22.529737
20
0
30
0
 40
14.199634
 50
331.042053
 51
28.957939
 0
LINE
 8
0
 6
CONTINUOUS
 62
0
10
-4.605
20
1.125
30
0
11
-7.605
21
-1.125
31
0
 0
LINE
 8
0
 6
CONTINUOUS
 62
0
10
-7.605
20
1.125
30
0
11
-4.605
21
-1.125
31
0
 0
LINE
 8
0
 6
CONTINUOUS
 62
0
10
-7.605
20
-1.125
30
0
11
-7.605
21
1.125
31
0
 0
LINE
 8
0
 6
CONTINUOUS
 62
0
10
-8.330104
20
0
30
0
11
-7.605
21
0
31
0
 0
LINE
 8
0
 6
CONTINUOUS
 62
0
10
-3.864444
20
1.125
30
0
11
-0.864444
21
0
31
0
 0
LINE
 8
0
 6
CONTINUOUS
 62
0
10
-3.864444
20
-1.125
30
0
11
-0.864444
21
-1.125
31
0
 0
LINE
 8
0
 6
CONTINUOUS
 62
0
10
-3.864444
20
-1.125
30
0
11
-0.864444
21
0
31
0
 0
LINE
 8
0
 6
CONTINUOUS
 62
0
10
-0.864444
20
1.125
30
0
11
-3.864444
21
1.125
31
0
 0
LINE
 8
0
 6
CONTINUOUS
 62
0
10
-4.605
20
0
30
0
11
-3.864422
21
0
31
0
 0
LINE
 8
0
 6
CONTINUOUS
 62
0
10
-4.605
20
-1.125
30
0
11
-4.605
21
1.125
31
0
 0
LINE
 8
0
 6
CONTINUOUS
 62
0
10
-3.864444
20
1.125
30
0
11
-3.864444
21
-1.125
31
0
 0
LINE
 8
0
 6
CONTINUOUS
 62
0
10
-0.864444
20
-1.125
30
0
11
-0.864444
21
1.125
31
0
 0
LINE
 8
0
 6
CONTINUOUS
 62
0
10
-0.864443
20
0
30
0
11
-0.22583
21
0
31
0
 0
CIRCLE
 8
0
 6
CONTINUOUS
 62
0
10
0
20
0
30
0
 40
0.225838
 0
ENDBLK
 0
BLOCK
 8
0
 6
CONTINUOUS
 62
0
 2
ESTACION_REG_GAS
 70
0
10
0
20
0
30
0
 3
ESTACION_REG_GAS
 1

 0
LINE
 8
0
 6
CONTINUOUS
 62
0
10
1.125
20
-1.125
30
0
11
-1.125
21
-1.125
31
0
 0
LINE
 8
0
 6
CONTINUOUS
 62
0
10
-1.125
20
1.125
30
0
11
1.125
21
1.125
31
0
 0
TEXT
 8
0
 6
CONTINUOUS
 62
0
10
0
20
-0.25
30
0
11
0
21
-0.25
31
0
 1
ER
 7
ROMANS
 40
0.5
 41
1
 50
0
 72
1
 73
0
 0
LINE
 8
0
 6
CONTINUOUS
 62
0
10
-1.125
20
-1.125
30
0
11
-1.125
21
1.125
31
0
 0
LINE
 8
0
 6
CONTINUOUS
 62
0
10
1.125
20
1.125
30
0
11
1.125
21
-1.125
31
0
 0
ENDBLK
 0
BLOCK
 8
0
 6
CONTINUOUS
 62
0
 2
ESTACION_REG_M_GAS
 70
0
10
0
20
0
30
0
 3
ESTACION_REG_M_GAS
 1

 0
LINE
 8
0
 6
CONTINUOUS
 62
0
10
-1.125
20
1.125
30
0
11
1.125
21
1.125
31
0
 0
LINE
 8
0
 6
CONTINUOUS
 62
0
10
1.125
20
-1.125
30
0
11
-1.125
21
-1.125
31
0
 0
TEXT
 8
0
 6
CONTINUOUS
 62
0
10
0
20
-0.25
30
0
11
0
21
-0.25
31
0
 1
ERM
 7
ROMANS
 40
0.5
 41
1
 50
0
 72
1
 73
0
 0
LINE
 8
0
 6
CONTINUOUS
 62
0
10
-1.125
20
-1.125
30
0
11
-1.125
21
1.125
31
0
 0
LINE
 8
0
 6
CONTINUOUS
 62
0
10
1.125
20
1.125
30
0
11
1.125
21
-1.125
31
0
 0
ENDBLK
 0
BLOCK
 8
0
 6
CONTINUOUS
 62
0
 2
LIMITADOR_PRESION_GAS
 70
0
10
0
20
0
30
0
 3
LIMITADOR_PRESION_GAS
 1

 0
LINE
 8
0
 6
CONTINUOUS
 62
0
10
1.125
20
1.125
30
0
11
-1.125
21
-1.125
31
0
 0
LINE
 8
0
 6
CONTINUOUS
 62
0
10
-1.125
20
1.125
30
0
11
1.125
21
1.125
31
0
 0
LINE
 8
0
 6
CONTINUOUS
 62
0
10
1.125
20
-1.125
30
0
11
-1.125
21
-1.125
31
0
 0
LINE
 8
0
 6
CONTINUOUS
 62
0
10
-1.125
20
-1.125
30
0
11
-1.125
21
1.125
31
0
 0
LINE
 8
0
 6
CONTINUOUS
 62
0
10
1.125
20
1.125
30
0
11
1.125
21
-1.125
31
0
 0
ENDBLK
 0
BLOCK
 8
0
 6
CONTINUOUS
 62
0
 2
CONTADOR_GAS
 70
0
10
0
20
0
30
0
 3
CONTADOR_GAS
 1

 0
LINE
 8
0
 6
CONTINUOUS
 62
0
10
-0.775
20
0.775
30
0
11
0.775
21
0.775
31
0
 0
LINE
 8
0
 6
CONTINUOUS
 62
0
10
0.775
20
0.367113
30
0
11
-0.775
21
0.367113
31
0
 0
LINE
 8
0
 6
CONTINUOUS
 62
0
10
1.125
20
-1.125
30
0
11
-1.125
21
-1.125
31
0
 0
LINE
 8
0
 6
CONTINUOUS
 62
0
10
-1.125
20
1.125
30
0
11
1.125
21
1.125
31
0
 0
LINE
 8
0
 6
CONTINUOUS
 62
0
10
-0.775
20
0.367113
30
0
11
-0.775
21
0.775
31
0
 0
LINE
 8
0
 6
CONTINUOUS
 62
0
10
-1.125
20
-1.125
30
0
11
-1.125
21
1.125
31
0
 0
LINE
 8
0
 6
CONTINUOUS
 62
0
10
0.775
20
0.775
30
0
11
0.775
21
0.367113
31
0
 0
LINE
 8
0
 6
CONTINUOUS
 62
0
10
1.125
20
1.125
30
0
11
1.125
21
-1.125
31
0
 0
ENDBLK
 0
BLOCK
 8
0
 6
CONTINUOUS
 62
0
 2
VALVULA_SEG_E_GAS
 70
0
10
0
20
0
30
0
 3
VALVULA_SEG_E_GAS
 1

 0
CIRCLE
 8
0
 6
CONTINUOUS
 62
0
10
-0.897241
20
2.320868
30
0
 40
0.222714
 0
LINE
 8
0
 6
CONTINUOUS
 62
0
10
-1.50002
20
2.320868
30
0
11
-1.119955
21
2.320868
31
0
 0
LINE
 8
0
 6
CONTINUOUS
 62
0
10
-1.50002
20
1.125
30
0
11
-1.50002
21
2.320868
31
0
 0
ENDBLK
 0
BLOCK
 8
0
 6
CONTINUOUS
 62
0
 2
VALVULA_SEG_C_GAS
 70
0
10
0
20
0
30
0
 3
VALVULA_SEG_C_GAS
 1

 0
LINE
 8
0
 6
CONTINUOUS
 62
0
10
-0.00002
20
0
30
0
11
-0.00002
21
2.320868
31
0
 0
CIRCLE
 8
0
 6
CONTINUOUS
 62
0
10
0.602759
20
2.320868
30
0
 40
0.222714
 0
LINE
 8
0
 6
CONTINUOUS
 62
0
10
-0.00002
20
2.320868
30
0
11
0.380045
21
2.320868
31
0
 0
ENDBLK
 0
BLOCK
 8
0
 6
CONTINUOUS
 62
0
 2
MAX_IZQ_GAS
 70
0
10
0
20
0
30
0
 3
MAX_IZQ_GAS
 1

 0
TEXT
 8
0
 6
CONTINUOUS
 62
0
10
-1.3
20
1.35
30
0
11
-1.3
21
1.35
31
0
 1
MAX
 7
ROMANS
 40
0.6
 41
1
 50
0
 72
1
 73
0
 0
ENDBLK
 0
BLOCK
 8
0
 6
CONTINUOUS
 62
0
 2
MAX_DER_GAS
 70
0
10
0
20
0
30
0
 3
MAX_DER_GAS
 1

 0
TEXT
 8
0
 6
CONTINUOUS
 62
0
10
-0.5
20
1.35
30
0
11
-0.5
21
1.35
31
0
 1
MAX
 7
ROMANS
 40
0.6
 41
1
 50
0
 72
1
 73
0
 0
ENDBLK
 0
BLOCK
 8
0
 6
CONTINUOUS
 62
0
 2
MIN_IZQ_GAS
 70
0
10
0
20
0
30
0
 3
MIN_IZQ_GAS
 1

 0
TEXT
 8
0
 6
CONTINUOUS
 62
0
10
-1.3
20
-1.95
30
0
11
-1.3
21
-1.95
31
0
 1
MIN
 7
ROMANS
 40
0.6
 41
1
 50
0
 72
1
 73
0
 0
ENDBLK
 0
BLOCK
 8
0
 6
CONTINUOUS
 62
0
 2
MIN_DER_GAS
 70
0
10
0
20
0
30
0
 3
MIN_DER_GAS
 1

 0
TEXT
 8
0
 6
CONTINUOUS
 62
0
10
-0.25
20
-1.95
30
0
11
-0.25
21
-1.95
31
0
 1
MIN
 7
ROMANS
 40
0.6
 41
1
 50
0
 72
1
 73
0
 0
ENDBLK
 0
BLOCK
 8
0
 6
CONTINUOUS
 62
0
 2
MAX_IZQ_CEN_GAS
 70
0
10
0
20
0
30
0
 3
MAX_IZQ_CEN_GAS
 1

 0
TEXT
 8
0
 6
CONTINUOUS
 62
0
10
-2
20
1.35
30
0
11
-2
21
1.35
31
0
 1
MAX
 7
ROMANS
 40
0.6
 41
1
 50
0
 72
1
 73
0
 0
ENDBLK
 0
BLOCK
 8
0
 6
CONTINUOUS
 62
0
 2
MAX_DER_CEN_GAS
 70
0
10
0
20
0
30
0
 3
MAX_DER_CEN_GAS
 1

 0
TEXT
 8
0
 6
CONTINUOUS
 62
0
10
0.2
20
1.35
30
0
11
0.2
21
1.35
31
0
 1
MAX
 7
ROMANS
 40
0.6
 41
1
 50
0
 72
1
 73
0
 0
ENDBLK
 0
BLOCK
 8
0
 6
CONTINUOUS
 62
0
 2
MIN_IZQ_CEN_GAS
 70
0
10
0
20
0
30
0
 3
MIN_IZQ_CEN_GAS
 1

 0
TEXT
 8
0
 6
CONTINUOUS
 62
0
10
-1.75
20
-1.95
30
0
11
-1.75
21
-1.95
31
0
 1
MIN
 7
ROMANS
 40
0.6
 41
1
 50
0
 72
1
 73
0
 0
ENDBLK
 0
BLOCK
 8
0
 6
CONTINUOUS
 62
0
 2
MIN_DER_CEN_GAS
 70
0
10
0
20
0
30
0
 3
MIN_DER_CEN_GAS
 1

 0
TEXT
 8
0
 6
CONTINUOUS
 62
0
10
0.25
20
-1.95
30
0
11
0.25
21
-1.95
31
0
 1
MIN
 7
ROMANS
 40
0.6
 41
1
 50
0
 72
1
 73
0
 0
ENDBLK
 0
BLOCK
 8
0
 6
CONTINUOUS
 62
0
 2
MANOMETRO_GAS
 70
0
10
0
20
0
30
0
 3
MANOMETRO_GAS
 1

 0
TEXT
 8
0
 6
CONTINUOUS
 62
0
10
0
20
0.159268
30
0
11
0
21
0.159268
31
0
 1
bar
 7
ROMANS
 40
0.05
 41
1
 50
0
 72
1
 73
0
 0
CIRCLE
 8
0
 6
CONTINUOUS
 62
0
10
0
20
0.177977
30
0
 40
0.084238
 0
LINE
 8
0
 6
CONTINUOUS
 62
0
10
0
20
0.093739
30
0
11
0
21
0.0262
31
0
 0
SOLID
 8
0
 6
CONTINUOUS
 62
0
10
0.026239
20
0
30
0
11
0.026108
21
0.00262
31
0
13
0.0258
23
-0.00478
33
0
12
0.026149
22
-0.00218
32
0
 0
SOLID
 8
0
 6
CONTINUOUS
 62
0
10
0.026108
20
0.00262
30
0
11
0.025716
21
0.005213
31
0
13
0.025194
23
-0.007332
33
0
12
0.0258
22
-0.00478
32
0
 0
SOLID
 8
0
 6
CONTINUOUS
 62
0
10
0.025716
20
0.005213
30
0
11
0.025067
21
0.007754
31
0
13
0.024336
23
-0.00981
33
0
12
0.025194
22
-0.007332
32
0
 0
SOLID
 8
0
 6
CONTINUOUS
 62
0
10
0.025067
20
0.007754
30
0
11
0.024168
21
0.010218
31
0
13
0.023235
23
-0.012191
33
0
12
0.024336
22
-0.00981
32
0
 0
SOLID
 8
0
 6
CONTINUOUS
 62
0
10
0.024168
20
0.010218
30
0
11
0.023027
21
0.01258
31
0
13
0.021902
23
-0.01445
33
0
12
0.023235
22
-0.012191
32
0
 0
SOLID
 8
0
 6
CONTINUOUS
 62
0
10
0.023027
20
0.01258
30
0
11
0.021656
21
0.014816
31
0
13
0.02035
23
-0.016564
33
0
12
0.021902
22
-0.01445
32
0
 0
SOLID
 8
0
 6
CONTINUOUS
 62
0
10
0.021656
20
0.014816
30
0
11
0.020069
21
0.016904
31
0
13
0.018595
23
-0.018513
33
0
12
0.02035
22
-0.016564
32
0
 0
SOLID
 8
0
 6
CONTINUOUS
 62
0
10
0.020069
20
0.016904
30
0
11
0.018281
21
0.018823
31
0
13
0.016654
23
-0.020277
33
0
12
0.018595
22
-0.018513
32
0
 0
SOLID
 8
0
 6
CONTINUOUS
 62
0
10
0.018281
20
0.018823
30
0
11
0.016311
21
0.020554
31
0
13
0.014546
23
-0.021838
33
0
12
0.016654
22
-0.020277
32
0
 0
SOLID
 8
0
 6
CONTINUOUS
 62
0
10
0.016311
20
0.020554
30
0
11
0.014177
21
0.02208
31
0
13
0.012294
23
-0.023181
33
0
12
0.014546
22
-0.021838
32
0
 0
SOLID
 8
0
 6
CONTINUOUS
 62
0
10
0.014177
20
0.02208
30
0
11
0.011902
21
0.023385
31
0
13
0.009918
23
-0.024293
33
0
12
0.012294
22
-0.023181
32
0
 0
SOLID
 8
0
 6
CONTINUOUS
 62
0
10
0.011902
20
0.023385
30
0
11
0.009508
21
0.024456
31
0
13
0.007443
23
-0.025162
33
0
12
0.009918
22
-0.024293
32
0
 0
SOLID
 8
0
 6
CONTINUOUS
 62
0
10
0.009508
20
0.024456
30
0
11
0.007019
21
0.025283
31
0
13
0.004894
23
-0.025779
33
0
12
0.007443
22
-0.025162
32
0
 0
SOLID
 8
0
 6
CONTINUOUS
 62
0
10
0.007019
20
0.025283
30
0
11
0.00446
21
0.025858
31
0
13
0.002296
23
-0.026139
33
0
12
0.004894
22
-0.025779
32
0
 0
SOLID
 8
0
 6
CONTINUOUS
 62
0
10
0.00446
20
0.025858
30
0
11
0.001856
21
0.026174
31
0
13
-0.000325
23
-0.026237
33
0
12
0.002296
22
-0.026139
32
0
 0
SOLID
 8
0
 6
CONTINUOUS
 62
0
10
0.001856
20
0.026174
30
0
11
-0.000766
21
0.026228
31
0
13
-0.002943
23
-0.026074
33
0
12
-0.000325
22
-0.026237
32
0
 0
SOLID
 8
0
 6
CONTINUOUS
 62
0
10
-0.000766
20
0.026228
30
0
11
-0.003381
21
0.026021
31
0
13
-0.005531
23
-0.02565
33
0
12
-0.002943
22
-0.026074
32
0
 0
SOLID
 8
0
 6
CONTINUOUS
 62
0
10
-0.003381
20
0.026021
30
0
11
-0.005962
21
0.025553
31
0
13
-0.008064
23
-0.024969
33
0
12
-0.005531
22
-0.02565
32
0
 0
SOLID
 8
0
 6
CONTINUOUS
 62
0
10
-0.005962
20
0.025553
30
0
11
-0.008483
21
0.02483
31
0
13
-0.010517
23
-0.02404
33
0
12
-0.008064
22
-0.024969
32
0
 0
SOLID
 8
0
 6
CONTINUOUS
 62
0
10
-0.008483
20
0.02483
30
0
11
-0.010919
21
0.023859
31
0
13
-0.012864
23
-0.02287
33
0
12
-0.010517
22
-0.02404
32
0
 0
SOLID
 8
0
 6
CONTINUOUS
 62
0
10
-0.010919
20
0.023859
30
0
11
-0.013247
21
0.02265
31
0
13
-0.015083
23
-0.021471
33
0
12
-0.012864
22
-0.02287
32
0
 0
SOLID
 8
0
 6
CONTINUOUS
 62
0
10
-0.013247
20
0.02265
30
0
11
-0.015442
21
0.021214
31
0
13
-0.017151
23
-0.019858
33
0
12
-0.015083
22
-0.021471
32
0
 0
SOLID
 8
0
 6
CONTINUOUS
 62
0
10
-0.015442
20
0.021214
30
0
11
-0.017483
21
0.019567
31
0
13
-0.019048
23
-0.018047
33
0
12
-0.017151
22
-0.019858
32
0
 0
SOLID
 8
0
 6
CONTINUOUS
 62
0
10
-0.017483
20
0.019567
30
0
11
-0.019349
21
0.017724
31
0
13
-0.020754
23
-0.016055
33
0
12
-0.019048
22
-0.018047
32
0
 0
SOLID
 8
0
 6
CONTINUOUS
 62
0
10
-0.019349
20
0.017724
30
0
11
-0.021021
21
0.015704
31
0
13
-0.022254
23
-0.013903
33
0
12
-0.020754
22
-0.016055
32
0
 0
SOLID
 8
0
 6
CONTINUOUS
 62
0
10
-0.021021
20
0.015704
30
0
11
-0.022484
21
0.013526
31
0
13
-0.02353
23
-0.011611
33
0
12
-0.022254
22
-0.013903
32
0
 0
SOLID
 8
0
 6
CONTINUOUS
 62
0
10
-0.022484
20
0.013526
30
0
11
-0.023722
21
0.011214
31
0
13
-0.024572
23
-0.009204
33
0
12
-0.02353
22
-0.011611
32
0
 0
SOLID
 8
0
 6
CONTINUOUS
 62
0
10
-0.023722
20
0.011214
30
0
11
-0.024723
21
0.00879
31
0
13
-0.025368
23
-0.006705
33
0
12
-0.024572
22
-0.009204
32
0
 0
SOLID
 8
0
 6
CONTINUOUS
 62
0
10
-0.024723
20
0.00879
30
0
11
-0.025477
21
0.006278
31
0
13
-0.025911
23
-0.004139
33
0
12
-0.025368
22
-0.006705
32
0
 0
SOLID
 8
0
 6
CONTINUOUS
 62
0
10
-0.025477
20
0.006278
30
0
11
-0.025977
21
0.003703
31
0
13
-0.026195
23
-0.001532
33
0
12
-0.025911
22
-0.004139
32
0
 0
SOLID
 8
0
 6
CONTINUOUS
 62
0
10
-0.025977
20
0.003703
30
0
11
-0.026217
21
0.001091
31
0
13
-0.026217
23
0.001091
33
0
12
-0.026195
22
-0.001532
32
0
 0
ENDBLK
 0
BLOCK
 8
0
 6
CONTINUOUS
 62
0
 2
VALVULA_ALIVIO_GAS
 70
0
10
0
20
0
30
0
 3
VALVULA_ALIVIO_GAS
 1

 0
SOLID
 8
0
 6
CONTINUOUS
 62
0
10
0.026239
20
0
30
0
11
0.026108
21
0.00262
31
0
13
0.0258
23
-0.00478
33
0
12
0.026149
22
-0.00218
32
0
 0
SOLID
 8
0
 6
CONTINUOUS
 62
0
10
0.026108
20
0.00262
30
0
11
0.025716
21
0.005213
31
0
13
0.025194
23
-0.007332
33
0
12
0.0258
22
-0.00478
32
0
 0
SOLID
 8
0
 6
CONTINUOUS
 62
0
10
0.025716
20
0.005213
30
0
11
0.025067
21
0.007754
31
0
13
0.024336
23
-0.00981
33
0
12
0.025194
22
-0.007332
32
0
 0
SOLID
 8
0
 6
CONTINUOUS
 62
0
10
0.025067
20
0.007754
30
0
11
0.024168
21
0.010218
31
0
13
0.023235
23
-0.012191
33
0
12
0.024336
22
-0.00981
32
0
 0
SOLID
 8
0
 6
CONTINUOUS
 62
0
10
0.024168
20
0.010218
30
0
11
0.023027
21
0.01258
31
0
13
0.021902
23
-0.01445
33
0
12
0.023235
22
-0.012191
32
0
 0
SOLID
 8
0
 6
CONTINUOUS
 62
0
10
0.023027
20
0.01258
30
0
11
0.021656
21
0.014816
31
0
13
0.02035
23
-0.016564
33
0
12
0.021902
22
-0.01445
32
0
 0
SOLID
 8
0
 6
CONTINUOUS
 62
0
10
0.021656
20
0.014816
30
0
11
0.020069
21
0.016904
31
0
13
0.018595
23
-0.018513
33
0
12
0.02035
22
-0.016564
32
0
 0
SOLID
 8
0
 6
CONTINUOUS
 62
0
10
0.020069
20
0.016904
30
0
11
0.018281
21
0.018823
31
0
13
0.016654
23
-0.020277
33
0
12
0.018595
22
-0.018513
32
0
 0
SOLID
 8
0
 6
CONTINUOUS
 62
0
10
0.018281
20
0.018823
30
0
11
0.016311
21
0.020554
31
0
13
0.014546
23
-0.021838
33
0
12
0.016654
22
-0.020277
32
0
 0
SOLID
 8
0
 6
CONTINUOUS
 62
0
10
0.016311
20
0.020554
30
0
11
0.014177
21
0.02208
31
0
13
0.012294
23
-0.023181
33
0
12
0.014546
22
-0.021838
32
0
 0
SOLID
 8
0
 6
CONTINUOUS
 62
0
10
0.014177
20
0.02208
30
0
11
0.011902
21
0.023385
31
0
13
0.009918
23
-0.024293
33
0
12
0.012294
22
-0.023181
32
0
 0
SOLID
 8
0
 6
CONTINUOUS
 62
0
10
0.011902
20
0.023385
30
0
11
0.009508
21
0.024456
31
0
13
0.007443
23
-0.025162
33
0
12
0.009918
22
-0.024293
32
0
 0
SOLID
 8
0
 6
CONTINUOUS
 62
0
10
0.009508
20
0.024456
30
0
11
0.007019
21
0.025283
31
0
13
0.004894
23
-0.025779
33
0
12
0.007443
22
-0.025162
32
0
 0
SOLID
 8
0
 6
CONTINUOUS
 62
0
10
0.007019
20
0.025283
30
0
11
0.00446
21
0.025858
31
0
13
0.002296
23
-0.026139
33
0
12
0.004894
22
-0.025779
32
0
 0
SOLID
 8
0
 6
CONTINUOUS
 62
0
10
0.00446
20
0.025858
30
0
11
0.001856
21
0.026174
31
0
13
-0.000325
23
-0.026237
33
0
12
0.002296
22
-0.026139
32
0
 0
SOLID
 8
0
 6
CONTINUOUS
 62
0
10
0.001856
20
0.026174
30
0
11
-0.000766
21
0.026228
31
0
13
-0.002943
23
-0.026074
33
0
12
-0.000325
22
-0.026237
32
0
 0
SOLID
 8
0
 6
CONTINUOUS
 62
0
10
-0.000766
20
0.026228
30
0
11
-0.003381
21
0.026021
31
0
13
-0.005531
23
-0.02565
33
0
12
-0.002943
22
-0.026074
32
0
 0
SOLID
 8
0
 6
CONTINUOUS
 62
0
10
-0.003381
20
0.026021
30
0
11
-0.005962
21
0.025553
31
0
13
-0.008064
23
-0.024969
33
0
12
-0.005531
22
-0.02565
32
0
 0
SOLID
 8
0
 6
CONTINUOUS
 62
0
10
-0.005962
20
0.025553
30
0
11
-0.008483
21
0.02483
31
0
13
-0.010517
23
-0.02404
33
0
12
-0.008064
22
-0.024969
32
0
 0
SOLID
 8
0
 6
CONTINUOUS
 62
0
10
-0.008483
20
0.02483
30
0
11
-0.010919
21
0.023859
31
0
13
-0.012864
23
-0.02287
33
0
12
-0.010517
22
-0.02404
32
0
 0
SOLID
 8
0
 6
CONTINUOUS
 62
0
10
-0.010919
20
0.023859
30
0
11
-0.013247
21
0.02265
31
0
13
-0.015083
23
-0.021471
33
0
12
-0.012864
22
-0.02287
32
0
 0
SOLID
 8
0
 6
CONTINUOUS
 62
0
10
-0.013247
20
0.02265
30
0
11
-0.015442
21
0.021214
31
0
13
-0.017151
23
-0.019858
33
0
12
-0.015083
22
-0.021471
32
0
 0
SOLID
 8
0
 6
CONTINUOUS
 62
0
10
-0.015442
20
0.021214
30
0
11
-0.017483
21
0.019567
31
0
13
-0.019048
23
-0.018047
33
0
12
-0.017151
22
-0.019858
32
0
 0
SOLID
 8
0
 6
CONTINUOUS
 62
0
10
-0.017483
20
0.019567
30
0
11
-0.019349
21
0.017724
31
0
13
-0.020754
23
-0.016055
33
0
12
-0.019048
22
-0.018047
32
0
 0
SOLID
 8
0
 6
CONTINUOUS
 62
0
10
-0.019349
20
0.017724
30
0
11
-0.021021
21
0.015704
31
0
13
-0.022254
23
-0.013903
33
0
12
-0.020754
22
-0.016055
32
0
 0
SOLID
 8
0
 6
CONTINUOUS
 62
0
10
-0.021021
20
0.015704
30
0
11
-0.022484
21
0.013526
31
0
13
-0.02353
23
-0.011611
33
0
12
-0.022254
22
-0.013903
32
0
 0
SOLID
 8
0
 6
CONTINUOUS
 62
0
10
-0.022484
20
0.013526
30
0
11
-0.023722
21
0.011214
31
0
13
-0.024572
23
-0.009204
33
0
12
-0.02353
22
-0.011611
32
0
 0
SOLID
 8
0
 6
CONTINUOUS
 62
0
10
-0.023722
20
0.011214
30
0
11
-0.024723
21
0.00879
31
0
13
-0.025368
23
-0.006705
33
0
12
-0.024572
22
-0.009204
32
0
 0
SOLID
 8
0
 6
CONTINUOUS
 62
0
10
-0.024723
20
0.00879
30
0
11
-0.025477
21
0.006278
31
0
13
-0.025911
23
-0.004139
33
0
12
-0.025368
22
-0.006705
32
0
 0
SOLID
 8
0
 6
CONTINUOUS
 62
0
10
-0.025477
20
0.006278
30
0
11
-0.025977
21
0.003703
31
0
13
-0.026195
23
-0.001532
33
0
12
-0.025911
22
-0.004139
32
0
 0
SOLID
 8
0
 6
CONTINUOUS
 62
0
10
-0.025977
20
0.003703
30
0
11
-0.026217
21
0.001091
31
0
13
-0.026217
23
0.001091
33
0
12
-0.026195
22
-0.001532
32
0
 0
LINE
 8
0
 6
CONTINUOUS
 62
0
10
0
20
0.093739
30
0
11
0
21
0.026185
31
0
 0
LINE
 8
0
 6
CONTINUOUS
 62
0
10
-0.123849
20
0.150034
30
0
11
-0.056295
21
0.150034
31
0
 0
LINE
 8
0
 6
CONTINUOUS
 62
0
10
-0
20
0.150034
30
0
11
0.029045
21
0.150034
31
0
 0
LINE
 8
0
 6
CONTINUOUS
 62
0
10
0.029045
20
0.179079
30
0
11
0.029045
21
0.150034
31
0
 0
LINE
 8
0
 6
CONTINUOUS
 62
0
10
0.058089
20
0.208124
30
0
11
0.058089
21
0.179079
31
0
 0
LINE
 8
0
 6
CONTINUOUS
 62
0
10
0.029045
20
0.179079
30
0
11
0.058089
21
0.179079
31
0
 0
LINE
 8
0
 6
CONTINUOUS
 62
0
10
0.058089
20
0.208124
30
0
11
0.087134
21
0.208124
31
0
 0
LINE
 8
0
 6
CONTINUOUS
 62
0
10
-0.123849
20
0.150034
30
0
11
-0.123849
21
0.026185
31
0
 0
LINE
 8
0
 6
CONTINUOUS
 62
0
10
-0.123849
20
0.056003
30
0
11
-0.098473
21
0.098118
31
0
 0
LINE
 8
0
 6
CONTINUOUS
 62
0
10
-0.056295
20
0.185626
30
0
11
-0.056295
21
0.113401
31
0
 0
LINE
 8
0
 6
CONTINUOUS
 62
0
10
-0
20
0.150034
30
0
11
-0.056295
21
0.113401
31
0
 0
LINE
 8
0
 6
CONTINUOUS
 62
0
10
-0
20
0.150034
30
0
11
-0.056295
21
0.185626
31
0
 0
LINE
 8
0
 6
CONTINUOUS
 62
0
10
-0
20
0.150034
30
0
11
-0.035592
21
0.093739
31
0
 0
LINE
 8
0
 6
CONTINUOUS
 62
0
10
-0.035592
20
0.093739
30
0
11
0.036633
21
0.093739
31
0
 0
LINE
 8
0
 6
CONTINUOUS
 62
0
10
-0
20
0.150034
30
0
11
0.036633
21
0.093739
31
0
 0
LINE
 8
0
 6
CONTINUOUS
 62
0
10
-0.123849
20
0.056003
30
0
11
-0.149225
21
0.098118
31
0
 0
ENDBLK
 0
BLOCK
 8
0
 6
CONTINUOUS
 62
0
 2
FILTRO_GAS
 70
0
10
0
20
0
30
0
 3
FILTRO_GAS
 1

 0
LINE
 8
0
 6
CONTINUOUS
 62
0
10
0.050264
20
-0.07506
30
0
11
0.029755
21
-0.102406
31
0
 0
LINE
 8
0
 6
CONTINUOUS
 62
0
10
0.070773
20
-0.047714
30
0
11
0.050264
21
-0.07506
31
0
 0
LINE
 8
0
 6
CONTINUOUS
 62
0
10
-0.050264
20
0
30
0
11
0.050264
21
-0.07506
31
0
 0
ENDBLK
 0
BLOCK
 8
0
 6
CONTINUOUS
 62
0
 2
TOMA_PRESION_GAS
 70
0
10
0
20
0
30
0
 3
TOMA_PRESION_GAS
 1

 0
LINE
 8
0
 6
CONTINUOUS
 62
0
10
-0.046683
20
0.093739
30
0
11
-0.046683
21
0.17616
31
0
 0
LINE
 8
0
 6
CONTINUOUS
 62
0
10
0.046683
20
0.093739
30
0
11
-0.046683
21
0.093739
31
0
 0
LINE
 8
0
 6
CONTINUOUS
 62
0
10
0.046683
20
0.17616
30
0
11
0.046683
21
0.093739
31
0
 0
LINE
 8
0
 6
CONTINUOUS
 62
0
10
-0.046683
20
0.17616
30
0
11
0.046683
21
0.17616
31
0
 0
LINE
 8
0
 6
CONTINUOUS
 62
0
10
0
20
0.093739
30
0
11
0
21
0.0262
31
0
 0
SOLID
 8
0
 6
CONTINUOUS
 62
0
10
0.026239
20
0
30
0
11
0.026108
21
0.00262
31
0
13
0.0258
23
-0.00478
33
0
12
0.026149
22
-0.00218
32
0
 0
SOLID
 8
0
 6
CONTINUOUS
 62
0
10
0.026108
20
0.00262
30
0
11
0.025716
21
0.005213
31
0
13
0.025194
23
-0.007332
33
0
12
0.0258
22
-0.00478
32
0
 0
SOLID
 8
0
 6
CONTINUOUS
 62
0
10
0.025716
20
0.005213
30
0
11
0.025067
21
0.007754
31
0
13
0.024336
23
-0.00981
33
0
12
0.025194
22
-0.007332
32
0
 0
SOLID
 8
0
 6
CONTINUOUS
 62
0
10
0.025067
20
0.007754
30
0
11
0.024168
21
0.010218
31
0
13
0.023235
23
-0.012191
33
0
12
0.024336
22
-0.00981
32
0
 0
SOLID
 8
0
 6
CONTINUOUS
 62
0
10
0.024168
20
0.010218
30
0
11
0.023027
21
0.01258
31
0
13
0.021902
23
-0.01445
33
0
12
0.023235
22
-0.012191
32
0
 0
SOLID
 8
0
 6
CONTINUOUS
 62
0
10
0.023027
20
0.01258
30
0
11
0.021656
21
0.014816
31
0
13
0.02035
23
-0.016564
33
0
12
0.021902
22
-0.01445
32
0
 0
SOLID
 8
0
 6
CONTINUOUS
 62
0
10
0.021656
20
0.014816
30
0
11
0.020069
21
0.016904
31
0
13
0.018595
23
-0.018513
33
0
12
0.02035
22
-0.016564
32
0
 0
SOLID
 8
0
 6
CONTINUOUS
 62
0
10
0.020069
20
0.016904
30
0
11
0.018281
21
0.018823
31
0
13
0.016654
23
-0.020277
33
0
12
0.018595
22
-0.018513
32
0
 0
SOLID
 8
0
 6
CONTINUOUS
 62
0
10
0.018281
20
0.018823
30
0
11
0.016311
21
0.020554
31
0
13
0.014546
23
-0.021838
33
0
12
0.016654
22
-0.020277
32
0
 0
SOLID
 8
0
 6
CONTINUOUS
 62
0
10
0.016311
20
0.020554
30
0
11
0.014177
21
0.02208
31
0
13
0.012294
23
-0.023181
33
0
12
0.014546
22
-0.021838
32
0
 0
SOLID
 8
0
 6
CONTINUOUS
 62
0
10
0.014177
20
0.02208
30
0
11
0.011902
21
0.023385
31
0
13
0.009918
23
-0.024293
33
0
12
0.012294
22
-0.023181
32
0
 0
SOLID
 8
0
 6
CONTINUOUS
 62
0
10
0.011902
20
0.023385
30
0
11
0.009508
21
0.024456
31
0
13
0.007443
23
-0.025162
33
0
12
0.009918
22
-0.024293
32
0
 0
SOLID
 8
0
 6
CONTINUOUS
 62
0
10
0.009508
20
0.024456
30
0
11
0.007019
21
0.025283
31
0
13
0.004894
23
-0.025779
33
0
12
0.007443
22
-0.025162
32
0
 0
SOLID
 8
0
 6
CONTINUOUS
 62
0
10
0.007019
20
0.025283
30
0
11
0.00446
21
0.025858
31
0
13
0.002296
23
-0.026139
33
0
12
0.004894
22
-0.025779
32
0
 0
SOLID
 8
0
 6
CONTINUOUS
 62
0
10
0.00446
20
0.025858
30
0
11
0.001856
21
0.026174
31
0
13
-0.000325
23
-0.026237
33
0
12
0.002296
22
-0.026139
32
0
 0
SOLID
 8
0
 6
CONTINUOUS
 62
0
10
0.001856
20
0.026174
30
0
11
-0.000766
21
0.026228
31
0
13
-0.002943
23
-0.026074
33
0
12
-0.000325
22
-0.026237
32
0
 0
SOLID
 8
0
 6
CONTINUOUS
 62
0
10
-0.000766
20
0.026228
30
0
11
-0.003381
21
0.026021
31
0
13
-0.005531
23
-0.02565
33
0
12
-0.002943
22
-0.026074
32
0
 0
SOLID
 8
0
 6
CONTINUOUS
 62
0
10
-0.003381
20
0.026021
30
0
11
-0.005962
21
0.025553
31
0
13
-0.008064
23
-0.024969
33
0
12
-0.005531
22
-0.02565
32
0
 0
SOLID
 8
0
 6
CONTINUOUS
 62
0
10
-0.005962
20
0.025553
30
0
11
-0.008483
21
0.02483
31
0
13
-0.010517
23
-0.02404
33
0
12
-0.008064
22
-0.024969
32
0
 0
SOLID
 8
0
 6
CONTINUOUS
 62
0
10
-0.008483
20
0.02483
30
0
11
-0.010919
21
0.023859
31
0
13
-0.012864
23
-0.02287
33
0
12
-0.010517
22
-0.02404
32
0
 0
SOLID
 8
0
 6
CONTINUOUS
 62
0
10
-0.010919
20
0.023859
30
0
11
-0.013247
21
0.02265
31
0
13
-0.015083
23
-0.021471
33
0
12
-0.012864
22
-0.02287
32
0
 0
SOLID
 8
0
 6
CONTINUOUS
 62
0
10
-0.013247
20
0.02265
30
0
11
-0.015442
21
0.021214
31
0
13
-0.017151
23
-0.019858
33
0
12
-0.015083
22
-0.021471
32
0
 0
SOLID
 8
0
 6
CONTINUOUS
 62
0
10
-0.015442
20
0.021214
30
0
11
-0.017483
21
0.019567
31
0
13
-0.019048
23
-0.018047
33
0
12
-0.017151
22
-0.019858
32
0
 0
SOLID
 8
0
 6
CONTINUOUS
 62
0
10
-0.017483
20
0.019567
30
0
11
-0.019349
21
0.017724
31
0
13
-0.020754
23
-0.016055
33
0
12
-0.019048
22
-0.018047
32
0
 0
SOLID
 8
0
 6
CONTINUOUS
 62
0
10
-0.019349
20
0.017724
30
0
11
-0.021021
21
0.015704
31
0
13
-0.022254
23
-0.013903
33
0
12
-0.020754
22
-0.016055
32
0
 0
SOLID
 8
0
 6
CONTINUOUS
 62
0
10
-0.021021
20
0.015704
30
0
11
-0.022484
21
0.013526
31
0
13
-0.02353
23
-0.011611
33
0
12
-0.022254
22
-0.013903
32
0
 0
SOLID
 8
0
 6
CONTINUOUS
 62
0
10
-0.022484
20
0.013526
30
0
11
-0.023722
21
0.011214
31
0
13
-0.024572
23
-0.009204
33
0
12
-0.02353
22
-0.011611
32
0
 0
SOLID
 8
0
 6
CONTINUOUS
 62
0
10
-0.023722
20
0.011214
30
0
11
-0.024723
21
0.00879
31
0
13
-0.025368
23
-0.006705
33
0
12
-0.024572
22
-0.009204
32
0
 0
SOLID
 8
0
 6
CONTINUOUS
 62
0
10
-0.024723
20
0.00879
30
0
11
-0.025477
21
0.006278
31
0
13
-0.025911
23
-0.004139
33
0
12
-0.025368
22
-0.006705
32
0
 0
SOLID
 8
0
 6
CONTINUOUS
 62
0
10
-0.025477
20
0.006278
30
0
11
-0.025977
21
0.003703
31
0
13
-0.026195
23
-0.001532
33
0
12
-0.025911
22
-0.004139
32
0
 0
SOLID
 8
0
 6
CONTINUOUS
 62
0
10
-0.025977
20
0.003703
30
0
11
-0.026217
21
0.001091
31
0
13
-0.026217
23
0.001091
33
0
12
-0.026195
22
-0.001532
32
0
 0
ENDBLK
 0
ENDSEC
 0
SECTION
 2
ENTITIES
 0
INSERT
 8
UNIFILAR
 6
CONTINUOUS
 62
30
 2
CONEXION_PLANTAS_GAS
10
22.858292
20
7.722758
30
0
41
0.035
42
0.035
43
1
 50
0
 0
TEXT
 8
TEXTO_NUDOS
 6
CONTINUOUS
 62
30
10
22.765792
20
7.722758
30
0
11
22.765792
21
7.722758
31
0
 1
5
 7
ROMANS
 40
0.06
 41
1
 50
0
 72
2
 73
2
 0
INSERT
 8
UNIFILAR
 6
CONTINUOUS
 62
30
 2
CONEXION_PLANTAS_GAS
10
22.858555
20
11.16916
30
0
41
0.035
42
0.035
43
1
 50
0
 0
TEXT
 8
TEXTO_NUDOS
 6
CONTINUOUS
 62
30
10
22.766055
20
11.16916
30
0
11
22.766055
21
11.16916
31
0
 1
82
 7
ROMANS
 40
0.06
 41
1
 50
0
 72
2
 73
2
 0
INSERT
 8
UNIFILAR
 6
CONTINUOUS
 62
30
 2
CONEXION_RED_GAS
10
23.394929
20
1.652511
30
0
41
0.05
42
0.05
43
1
 50
90
 0
TEXT
 8
TEXTO_NUDOS
 6
CONTINUOUS
 62
30
10
23.279929
20
1.652511
30
0
11
23.279929
21
1.652511
31
0
 1
1
 7
ROMANS
 40
0.06
 41
1
 50
0
 72
2
 73
2
 0
INSERT
 8
UNIFILAR
 6
CONTINUOUS
 62
30
 2
NUDO_DERIVACION_GAS
10
23.394929
20
7.722758
30
0
41
0.035
42
0.035
43
1
 50
0
 0
TEXT
 8
TEXTO_NUDOS
 6
CONTINUOUS
 62
30
10
23.461179
20
7.722758
30
0
11
23.461179
21
7.722758
31
0
 1
4
 7
ROMANS
 40
0.06
 41
1
 50
0
 72
0
 73
2
 0
INSERT
 8
UNIFILAR
 6
CONTINUOUS
 62
30
 2
NUDO_DERIVACION_GAS
10
23.419339
20
11.168721
30
0
41
0.035
42
0.035
43
1
 50
0
 0
TEXT
 8
TEXTO_NUDOS
 6
CONTINUOUS
 62
30
10
23.419339
20
11.234971
30
0
11
23.419339
21
11.234971
31
0
 1
81
 7
ROMANS
 40
0.06
 41
1
 50
0
 72
1
 73
0
 0
INSERT
 8
UNIFILAR
 6
CONTINUOUS
 62
30
 2
NUDO_DERIVACION_GAS
10
23.394929
20
2.092511
30
0
41
0.035
42
0.035
43
1
 50
0
 0
TEXT
 8
TEXTO_NUDOS
 6
CONTINUOUS
 62
30
10
23.328679
20
2.092511
30
0
11
23.328679
21
2.092511
31
0
 1
2
 7
ROMANS
 40
0.06
 41
1
 50
0
 72
2
 73
2
 0
INSERT
 8
UNIFILAR
 6
CONTINUOUS
 62
30
 2
NUDO_DERIVACION_GAS
10
23.394929
20
2.39252
30
0
41
0.035
42
0.035
43
1
 50
0
 0
TEXT
 8
TEXTO_NUDOS
 6
CONTINUOUS
 62
30
10
23.328679
20
2.39252
30
0
11
23.328679
21
2.39252
31
0
 1
3
 7
ROMANS
 40
0.06
 41
1
 50
0
 72
2
 73
2
 0
INSERT
 8
UNIFILAR
 6
CONTINUOUS
 62
30
 2
LLAVE_PASO_GAS
10
23.138947
20
11.168941
30
0
41
0.0375
42
0.0375
43
1
 50
179.955093
 0
LINE
 8
UNIFILAR
 6
CONTINUOUS
 62
30
10
23.393089
20
11.168741
30
0
11
23.195197
21
11.168897
31
0
 0
LINE
 8
UNIFILAR
 6
CONTINUOUS
 62
30
10
23.082697
20
11.168985
30
0
11
22.911055
21
11.169119
31
0
 0
TEXT
 8
TEXTO_RAMAS
 6
CONTINUOUS
 62
30
10
23.139003
20
11.240191
30
0
11
23.139003
21
11.240191
31
0
 1
Ø1"
 7
ROMANS
 40
0.06
 41
1
 50
359.955093
 72
1
 73
0
 0
TEXT
 8
TEXTO_RAMAS
 6
CONTINUOUS
 62
30
10
23.138891
20
11.097691
30
0
11
23.138891
21
11.097691
31
0
 1

 7
ROMANS
 40
0.06
 41
1
 50
359.955093
 72
1
 73
3
 0
INSERT
 8
UNIFILAR
 6
CONTINUOUS
 62
30
 2
LLAVE_PASO_GAS
10
23.126611
20
7.722758
30
0
41
0.0375
42
0.0375
43
1
 50
180
 0
LINE
 8
UNIFILAR
 6
CONTINUOUS
 62
30
10
23.368679
20
7.722758
30
0
11
23.182861
21
7.722758
31
0
 0
LINE
 8
UNIFILAR
 6
CONTINUOUS
 62
30
10
23.070361
20
7.722758
30
0
11
22.910792
21
7.722758
31
0
 0
TEXT
 8
TEXTO_RAMAS
 6
CONTINUOUS
 62
30
10
23.126611
20
7.794008
30
0
11
23.126611
21
7.794008
31
0
 1
Ø1"
 7
ROMANS
 40
0.06
 41
1
 50
0
 72
1
 73
0
 0
TEXT
 8
TEXTO_RAMAS
 6
CONTINUOUS
 62
30
10
23.126611
20
7.651508
30
0
11
23.126611
21
7.651508
31
0
 1

 7
ROMANS
 40
0.06
 41
1
 50
0
 72
1
 73
3
 0
LINE
 8
UNIFILAR
 6
CONTINUOUS
 62
30
10
23.394929
20
1.727511
30
0
11
23.394929
21
2.066261
31
0
 0
TEXT
 8
TEXTO_RAMAS
 6
CONTINUOUS
 62
30
10
23.379929
20
1.872511
30
0
11
23.379929
21
1.872511
31
0
 1
1 Ø1"
 7
ROMANS
 40
0.06
 41
1
 50
90
 72
1
 73
0
 0
TEXT
 8
TEXTO_RAMAS
 6
CONTINUOUS
 62
30
10
23.409929
20
1.872511
30
0
11
23.409929
21
1.872511
31
0
 1
Acero
 7
ROMANS
 40
0.06
 41
1
 50
90
 72
1
 73
3
 0
LINE
 8
UNIFILAR
 6
CONTINUOUS
 62
30
10
23.380929
20
1.822511
30
0
11
23.394929
21
1.872511
31
0
 0
LINE
 8
UNIFILAR
 6
CONTINUOUS
 62
30
10
23.408929
20
1.822511
30
0
11
23.394929
21
1.872511
31
0
 0
INSERT
 8
UNIFILAR
 6
CONTINUOUS
 62
30
 2
LLAVE_PASO_GAS
10
23.394929
20
2.242515
30
0
41
0.0375
42
0.0375
43
1
 50
90
 0
LINE
 8
UNIFILAR
 6
CONTINUOUS
 62
30
10
23.394929
20
2.118761
30
0
11
23.394929
21
2.186265
31
0
 0
LINE
 8
UNIFILAR
 6
CONTINUOUS
 62
30
10
23.394929
20
2.298765
30
0
11
23.394929
21
2.36627
31
0
 0
TEXT
 8
TEXTO_RAMAS
 6
CONTINUOUS
 62
30
10
23.323679
20
2.242515
30
0
11
23.323679
21
2.242515
31
0
 1
Ø1"
 7
ROMANS
 40
0.06
 41
1
 50
90
 72
1
 73
0
 0
TEXT
 8
TEXTO_RAMAS
 6
CONTINUOUS
 62
30
10
23.466179
20
2.242515
30
0
11
23.466179
21
2.242515
31
0
 1

 7
ROMANS
 40
0.06
 41
1
 50
90
 72
1
 73
3
 0
LINE
 8
UNIFILAR
 6
CONTINUOUS
 62
30
10
23.394929
20
2.41877
30
0
11
23.394929
21
7.696508
31
0
 0
TEXT
 8
TEXTO_RAMAS
 6
CONTINUOUS
 62
30
10
23.379929
20
5.057639
30
0
11
23.379929
21
5.057639
31
0
 1
3 Ø26x28
 7
ROMANS
 40
0.06
 41
1
 50
90
 72
1
 73
0
 0
TEXT
 8
TEXTO_RAMAS
 6
CONTINUOUS
 62
30
10
23.409929
20
5.057639
30
0
11
23.409929
21
5.057639
31
0
 1
Cobre
 7
ROMANS
 40
0.06
 41
1
 50
90
 72
1
 73
3
 0
LINE
 8
UNIFILAR
 6
CONTINUOUS
 62
30
10
23.380929
20
5.007639
30
0
11
23.394929
21
5.057639
31
0
 0
LINE
 8
UNIFILAR
 6
CONTINUOUS
 62
30
10
23.408929
20
5.007639
30
0
11
23.394929
21
5.057639
31
0
 0
LINE
 8
UNIFILAR
 6
CONTINUOUS
 62
30
10
23.395115
20
7.749007
30
0
11
23.419153
21
11.142471
31
0
 0
TEXT
 8
TEXTO_RAMAS
 6
CONTINUOUS
 62
30
10
23.392135
20
9.445846
30
0
11
23.392135
21
9.445846
31
0
 1
80 Ø26x28
 7
ROMANS
 40
0.06
 41
1
 50
89.594148
 72
1
 73
0
 0
TEXT
 8
TEXTO_RAMAS
 6
CONTINUOUS
 62
30
10
23.422134
20
9.445633
30
0
11
23.422134
21
9.445633
31
0
 1
Cobre
 7
ROMANS
 40
0.06
 41
1
 50
89.594148
 72
1
 73
3
 0
LINE
 8
UNIFILAR
 6
CONTINUOUS
 62
30
10
23.39278
20
9.39584
30
0
11
23.407134
21
9.445739
31
0
 0
LINE
 8
UNIFILAR
 6
CONTINUOUS
 62
30
10
23.42078
20
9.395641
30
0
11
23.407134
21
9.445739
31
0
 0
TEXT
 8
0
 6
CONTINUOUS
 62
7
10
23.111181
20
0.477511
30
0
11
23.111181
21
0.477511
31
0
 1
Planta  Baja
 7
ROMANS
 40
0.3
 41
1
 50
0
 72
1
 73
0
 0
INSERT
 8
UNIFILAR
 6
CONTINUOUS
 62
30
 2
CONEXION_PLANTAS_GAS
10
26.303587
20
16.232797
30
0
41
0.035
42
0.035
43
1
 50
0
 0
TEXT
 8
TEXTO_NUDOS
 6
CONTINUOUS
 62
30
10
26.303587
20
16.325297
30
0
11
26.303587
21
16.325297
31
0
 1
6
 7
ROMANS
 40
0.06
 41
1
 50
0
 72
1
 73
0
 0
INSERT
 8
UNIFILAR
 6
CONTINUOUS
 62
30
 2
NUDO_DERIVACION_GAS
10
26.139595
20
16.232797
30
0
41
0.035
42
0.035
43
1
 50
0
 0
TEXT
 8
TEXTO_NUDOS
 6
CONTINUOUS
 62
30
10
26.205845
20
16.232797
30
0
11
26.205845
21
16.232797
31
0
 1
7
 7
ROMANS
 40
0.06
 41
1
 50
0
 72
0
 73
2
 0
INSERT
 8
UNIFILAR
 6
CONTINUOUS
 62
30
 2
NUDO_DERIVACION_GAS
10
25.900022
20
16.232797
30
0
41
0.035
42
0.035
43
1
 50
0
 0
TEXT
 8
TEXTO_NUDOS
 6
CONTINUOUS
 62
30
10
25.900022
20
16.299047
30
0
11
25.900022
21
16.299047
31
0
 1
8
 7
ROMANS
 40
0.06
 41
1
 50
0
 72
1
 73
0
 0
INSERT
 8
UNIFILAR
 6
CONTINUOUS
 62
30
 2
NUDO_DERIVACION_GAS
10
25.622579
20
16.232797
30
0
41
0.035
42
0.035
43
1
 50
0
 0
TEXT
 8
TEXTO_NUDOS
 6
CONTINUOUS
 62
30
10
25.622579
20
16.299047
30
0
11
25.622579
21
16.299047
31
0
 1
9
 7
ROMANS
 40
0.06
 41
1
 50
0
 72
1
 73
0
 0
INSERT
 8
UNIFILAR
 6
CONTINUOUS
 62
30
 2
APARATO_GAS
10
24.599348
20
15.902797
30
0
41
0.08
42
0.08
43
1
 50
0
 0
TEXT
 8
TEXTO_NUDOS
 6
CONTINUOUS
 62
30
10
24.599348
20
16.032797
30
0
11
24.599348
21
16.032797
31
0
 1
13
 7
ROMANS
 40
0.06
 41
1
 50
0
 72
1
 73
0
 0
INSERT
 8
UNIFILAR
 6
CONTINUOUS
 62
30
 2
NUDO_PASO_GAS
10
24.354363
20
16.080732
30
0
41
0.02
42
0.02
43
1
 50
0
 0
TEXT
 8
TEXTO_NUDOS
 6
CONTINUOUS
 62
30
10
24.354363
20
16.135732
30
0
11
24.354363
21
16.135732
31
0
 1

 7
ROMANS
 40
0.06
 41
1
 50
0
 72
1
 73
0
 0
INSERT
 8
UNIFILAR
 6
CONTINUOUS
 62
30
 2
NUDO_DERIVACION_GAS
10
22.963587
20
16.084069
30
0
41
0.035
42
0.035
43
1
 50
0
 0
TEXT
 8
TEXTO_NUDOS
 6
CONTINUOUS
 62
30
10
22.963587
20
16.150319
30
0
11
22.963587
21
16.150319
31
0
 1
15
 7
ROMANS
 40
0.06
 41
1
 50
0
 72
1
 73
0
 0
INSERT
 8
UNIFILAR
 6
CONTINUOUS
 62
30
 2
NUDO_PASO_GAS
10
22.413587
20
16.083915
30
0
41
0.02
42
0.02
43
1
 50
0
 0
TEXT
 8
TEXTO_NUDOS
 6
CONTINUOUS
 62
30
10
22.413587
20
16.138915
30
0
11
22.413587
21
16.138915
31
0
 1

 7
ROMANS
 40
0.06
 41
1
 50
0
 72
1
 73
0
 0
INSERT
 8
UNIFILAR
 6
CONTINUOUS
 62
30
 2
NUDO_PASO_GAS
10
22.413587
20
13.412797
30
0
41
0.02
42
0.02
43
1
 50
0
 0
TEXT
 8
TEXTO_NUDOS
 6
CONTINUOUS
 62
30
10
22.468587
20
13.412797
30
0
11
22.468587
21
13.412797
31
0
 1

 7
ROMANS
 40
0.06
 41
1
 50
0
 72
0
 73
2
 0
INSERT
 8
UNIFILAR
 6
CONTINUOUS
 62
30
 2
NUDO_PASO_GAS
10
20.453587
20
13.412797
30
0
41
0.02
42
0.02
43
1
 50
0
 0
TEXT
 8
TEXTO_NUDOS
 6
CONTINUOUS
 62
30
10
20.398587
20
13.412797
30
0
11
20.398587
21
13.412797
31
0
 1

 7
ROMANS
 40
0.06
 41
1
 50
0
 72
2
 73
2
 0
INSERT
 8
UNIFILAR
 6
CONTINUOUS
 62
30
 2
NUDO_PASO_GAS
10
20.453587
20
14.612797
30
0
41
0.02
42
0.02
43
1
 50
0
 0
TEXT
 8
TEXTO_NUDOS
 6
CONTINUOUS
 62
30
10
20.453587
20
14.667797
30
0
11
20.453587
21
14.667797
31
0
 1

 7
ROMANS
 40
0.06
 41
1
 50
0
 72
1
 73
0
 0
INSERT
 8
UNIFILAR
 6
CONTINUOUS
 62
30
 2
NUDO_DERIVACION_GAS
10
20.122626
20
14.812431
30
0
41
0.035
42
0.035
43
1
 50
0
 0
TEXT
 8
TEXTO_NUDOS
 6
CONTINUOUS
 62
30
10
20.122626
20
14.878681
30
0
11
20.122626
21
14.878681
31
0
 1
16
 7
ROMANS
 40
0.06
 41
1
 50
0
 72
1
 73
0
 0
INSERT
 8
UNIFILAR
 6
CONTINUOUS
 62
30
 2
APARATO_GAS
10
20.381387
20
15.247702
30
0
41
0.08
42
0.08
43
1
 50
0
 0
TEXT
 8
TEXTO_NUDOS
 6
CONTINUOUS
 62
30
10
20.381387
20
15.377702
30
0
11
20.381387
21
15.377702
31
0
 1
17
 7
ROMANS
 40
0.06
 41
1
 50
0
 72
1
 73
0
 0
INSERT
 8
UNIFILAR
 6
CONTINUOUS
 62
30
 2
APARATO_GAS
10
22.962212
20
15.608934
30
0
41
0.08
42
0.08
43
1
 50
0
 0
TEXT
 8
TEXTO_NUDOS
 6
CONTINUOUS
 62
30
10
22.832212
20
15.608934
30
0
11
22.832212
21
15.608934
31
0
 1
20
 7
ROMANS
 40
0.06
 41
1
 50
0
 72
2
 73
2
 0
INSERT
 8
UNIFILAR
 6
CONTINUOUS
 62
30
 2
TOMA_PRESION_GAS
10
24.354346
20
15.902797
30
0
41
1
42
1
43
1
 50
180
 0
TEXT
 8
TEXTO_NUDOS
 6
CONTINUOUS
 62
30
10
24.288146
20
15.902797
30
0
11
24.288146
21
15.902797
31
0
 1
14
 7
ROMANS
 40
0.06
 41
1
 50
0
 72
2
 73
2
 0
INSERT
 8
UNIFILAR
 6
CONTINUOUS
 62
30
 2
NUDO_DERIVACION_GAS
10
25.34261
20
16.232797
30
0
41
0.035
42
0.035
43
1
 50
0
 0
TEXT
 8
TEXTO_NUDOS
 6
CONTINUOUS
 62
30
10
25.34261
20
16.299047
30
0
11
25.34261
21
16.299047
31
0
 1
10
 7
ROMANS
 40
0.06
 41
1
 50
0
 72
1
 73
0
 0
INSERT
 8
UNIFILAR
 6
CONTINUOUS
 62
30
 2
NUDO_DERIVACION_GAS
10
25.035063
20
16.232797
30
0
41
0.035
42
0.035
43
1
 50
0
 0
TEXT
 8
TEXTO_NUDOS
 6
CONTINUOUS
 62
30
10
25.035063
20
16.299047
30
0
11
25.035063
21
16.299047
31
0
 1
11
 7
ROMANS
 40
0.06
 41
1
 50
0
 72
1
 73
0
 0
INSERT
 8
UNIFILAR
 6
CONTINUOUS
 62
30
 2
NUDO_DERIVACION_GAS
10
25.035063
20
15.902112
30
0
41
0.035
42
0.035
43
1
 50
0
 0
TEXT
 8
TEXTO_NUDOS
 6
CONTINUOUS
 62
30
10
25.101313
20
15.902112
30
0
11
25.101313
21
15.902112
31
0
 1
12
 7
ROMANS
 40
0.06
 41
1
 50
0
 72
0
 73
2
 0
INSERT
 8
UNIFILAR
 6
CONTINUOUS
 62
30
 2
NUDO_DERIVACION_GAS
10
19.840606
20
14.983793
30
0
41
0.035
42
0.035
43
1
 50
0
 0
TEXT
 8
TEXTO_NUDOS
 6
CONTINUOUS
 62
30
10
19.840606
20
15.050043
30
0
11
19.840606
21
15.050043
31
0
 1
18
 7
ROMANS
 40
0.06
 41
1
 50
0
 72
1
 73
0
 0
INSERT
 8
UNIFILAR
 6
CONTINUOUS
 62
30
 2
APARATO_GAS
10
20.104431
20
15.410242
30
0
41
0.08
42
0.08
43
1
 50
0
 0
TEXT
 8
TEXTO_NUDOS
 6
CONTINUOUS
 62
30
10
20.104431
20
15.540242
30
0
11
20.104431
21
15.540242
31
0
 1
19
 7
ROMANS
 40
0.06
 41
1
 50
0
 72
1
 73
0
 0
INSERT
 8
UNIFILAR
 6
CONTINUOUS
 62
30
 2
CONEXION_PLANTAS_GAS
10
26.303587
20
19.680449
30
0
41
0.035
42
0.035
43
1
 50
0
 0
TEXT
 8
TEXTO_NUDOS
 6
CONTINUOUS
 62
30
10
26.303587
20
19.772949
30
0
11
26.303587
21
19.772949
31
0
 1
83
 7
ROMANS
 40
0.06
 41
1
 50
0
 72
1
 73
0
 0
INSERT
 8
UNIFILAR
 6
CONTINUOUS
 62
30
 2
NUDO_DERIVACION_GAS
10
26.139679
20
19.675204
30
0
41
0.035
42
0.035
43
1
 50
0
 0
TEXT
 8
TEXTO_NUDOS
 6
CONTINUOUS
 62
30
10
26.139679
20
19.741454
30
0
11
26.139679
21
19.741454
31
0
 1
84
 7
ROMANS
 40
0.06
 41
1
 50
0
 72
1
 73
0
 0
INSERT
 8
UNIFILAR
 6
CONTINUOUS
 62
30
 2
NUDO_DERIVACION_GAS
10
25.900063
20
19.675994
30
0
41
0.035
42
0.035
43
1
 50
0
 0
TEXT
 8
TEXTO_NUDOS
 6
CONTINUOUS
 62
30
10
25.900063
20
19.742244
30
0
11
25.900063
21
19.742244
31
0
 1
85
 7
ROMANS
 40
0.06
 41
1
 50
0
 72
1
 73
0
 0
INSERT
 8
UNIFILAR
 6
CONTINUOUS
 62
30
 2
NUDO_DERIVACION_GAS
10
25.622659
20
19.673814
30
0
41
0.035
42
0.035
43
1
 50
0
 0
TEXT
 8
TEXTO_NUDOS
 6
CONTINUOUS
 62
30
10
25.622659
20
19.740064
30
0
11
25.622659
21
19.740064
31
0
 1
86
 7
ROMANS
 40
0.06
 41
1
 50
0
 72
1
 73
0
 0
INSERT
 8
UNIFILAR
 6
CONTINUOUS
 62
30
 2
APARATO_GAS
10
24.599348
20
20.010449
30
0
41
0.08
42
0.08
43
1
 50
0
 0
TEXT
 8
TEXTO_NUDOS
 6
CONTINUOUS
 62
30
10
24.599348
20
20.140449
30
0
11
24.599348
21
20.140449
31
0
 1
90
 7
ROMANS
 40
0.06
 41
1
 50
0
 72
1
 73
0
 0
INSERT
 8
UNIFILAR
 6
CONTINUOUS
 62
30
 2
NUDO_PASO_GAS
10
24.354363
20
19.832514
30
0
41
0.02
42
0.02
43
1
 50
0
 0
TEXT
 8
TEXTO_NUDOS
 6
CONTINUOUS
 62
30
10
24.409363
20
19.832514
30
0
11
24.409363
21
19.832514
31
0
 1

 7
ROMANS
 40
0.06
 41
1
 50
0
 72
0
 73
2
 0
INSERT
 8
UNIFILAR
 6
CONTINUOUS
 62
30
 2
NUDO_DERIVACION_GAS
10
22.963587
20
19.829177
30
0
41
0.035
42
0.035
43
1
 50
0
 0
TEXT
 8
TEXTO_NUDOS
 6
CONTINUOUS
 62
30
10
22.963587
20
19.762927
30
0
11
22.963587
21
19.762927
31
0
 1
92
 7
ROMANS
 40
0.06
 41
1
 50
0
 72
1
 73
3
 0
INSERT
 8
UNIFILAR
 6
CONTINUOUS
 62
30
 2
NUDO_PASO_GAS
10
22.413587
20
19.829331
30
0
41
0.02
42
0.02
43
1
 50
0
 0
TEXT
 8
TEXTO_NUDOS
 6
CONTINUOUS
 62
30
10
22.358587
20
19.829331
30
0
11
22.358587
21
19.829331
31
0
 1

 7
ROMANS
 40
0.06
 41
1
 50
0
 72
2
 73
2
 0
INSERT
 8
UNIFILAR
 6
CONTINUOUS
 62
30
 2
NUDO_PASO_GAS
10
22.413587
20
22.500449
30
0
41
0.02
42
0.02
43
1
 50
0
 0
TEXT
 8
TEXTO_NUDOS
 6
CONTINUOUS
 62
30
10
22.413587
20
22.555449
30
0
11
22.413587
21
22.555449
31
0
 1

 7
ROMANS
 40
0.06
 41
1
 50
0
 72
1
 73
0
 0
INSERT
 8
UNIFILAR
 6
CONTINUOUS
 62
30
 2
NUDO_PASO_GAS
10
20.453587
20
22.500449
30
0
41
0.02
42
0.02
43
1
 50
0
 0
TEXT
 8
TEXTO_NUDOS
 6
CONTINUOUS
 62
30
10
20.453587
20
22.555449
30
0
11
20.453587
21
22.555449
31
0
 1

 7
ROMANS
 40
0.06
 41
1
 50
0
 72
1
 73
0
 0
INSERT
 8
UNIFILAR
 6
CONTINUOUS
 62
30
 2
NUDO_PASO_GAS
10
20.453587
20
21.300449
30
0
41
0.02
42
0.02
43
1
 50
0
 0
TEXT
 8
TEXTO_NUDOS
 6
CONTINUOUS
 62
30
10
20.398587
20
21.300449
30
0
11
20.398587
21
21.300449
31
0
 1

 7
ROMANS
 40
0.06
 41
1
 50
0
 72
2
 73
2
 0
INSERT
 8
UNIFILAR
 6
CONTINUOUS
 62
30
 2
NUDO_DERIVACION_GAS
10
20.122626
20
21.100815
30
0
41
0.035
42
0.035
43
1
 50
0
 0
TEXT
 8
TEXTO_NUDOS
 6
CONTINUOUS
 62
30
10
20.122626
20
21.167065
30
0
11
20.122626
21
21.167065
31
0
 1
93
 7
ROMANS
 40
0.06
 41
1
 50
0
 72
1
 73
0
 0
INSERT
 8
UNIFILAR
 6
CONTINUOUS
 62
30
 2
APARATO_GAS
10
20.381387
20
20.665544
30
0
41
0.08
42
0.08
43
1
 50
0
 0
TEXT
 8
TEXTO_NUDOS
 6
CONTINUOUS
 62
30
10
20.381387
20
20.795544
30
0
11
20.381387
21
20.795544
31
0
 1
94
 7
ROMANS
 40
0.06
 41
1
 50
0
 72
1
 73
0
 0
INSERT
 8
UNIFILAR
 6
CONTINUOUS
 62
30
 2
APARATO_GAS
10
22.962212
20
20.304313
30
0
41
0.08
42
0.08
43
1
 50
0
 0
TEXT
 8
TEXTO_NUDOS
 6
CONTINUOUS
 62
30
10
22.962212
20
20.434313
30
0
11
22.962212
21
20.434313
31
0
 1
97
 7
ROMANS
 40
0.06
 41
1
 50
0
 72
1
 73
0
 0
INSERT
 8
UNIFILAR
 6
CONTINUOUS
 62
30
 2
TOMA_PRESION_GAS
10
24.354346
20
20.010449
30
0
41
1
42
1
43
1
 50
0
 0
TEXT
 8
TEXTO_NUDOS
 6
CONTINUOUS
 62
30
10
24.288146
20
20.010449
30
0
11
24.288146
21
20.010449
31
0
 1
91
 7
ROMANS
 40
0.06
 41
1
 50
0
 72
2
 73
2
 0
INSERT
 8
UNIFILAR
 6
CONTINUOUS
 62
30
 2
NUDO_DERIVACION_GAS
10
25.342786
20
19.670518
30
0
41
0.035
42
0.035
43
1
 50
0
 0
TEXT
 8
TEXTO_NUDOS
 6
CONTINUOUS
 62
30
10
25.342786
20
19.736768
30
0
11
25.342786
21
19.736768
31
0
 1
87
 7
ROMANS
 40
0.06
 41
1
 50
0
 72
1
 73
0
 0
INSERT
 8
UNIFILAR
 6
CONTINUOUS
 62
30
 2
NUDO_DERIVACION_GAS
10
25.035158
20
19.672842
30
0
41
0.035
42
0.035
43
1
 50
0
 0
TEXT
 8
TEXTO_NUDOS
 6
CONTINUOUS
 62
30
10
24.968908
20
19.672842
30
0
11
24.968908
21
19.672842
31
0
 1
88
 7
ROMANS
 40
0.06
 41
1
 50
0
 72
2
 73
2
 0
INSERT
 8
UNIFILAR
 6
CONTINUOUS
 62
30
 2
NUDO_DERIVACION_GAS
10
25.037262
20
20.011127
30
0
41
0.035
42
0.035
43
1
 50
0
 0
TEXT
 8
TEXTO_NUDOS
 6
CONTINUOUS
 62
30
10
25.037262
20
20.077377
30
0
11
25.037262
21
20.077377
31
0
 1
89
 7
ROMANS
 40
0.06
 41
1
 50
0
 72
1
 73
0
 0
INSERT
 8
UNIFILAR
 6
CONTINUOUS
 62
30
 2
NUDO_DERIVACION_GAS
10
19.840606
20
20.929453
30
0
41
0.035
42
0.035
43
1
 50
0
 0
TEXT
 8
TEXTO_NUDOS
 6
CONTINUOUS
 62
30
10
19.840606
20
20.995703
30
0
11
19.840606
21
20.995703
31
0
 1
95
 7
ROMANS
 40
0.06
 41
1
 50
0
 72
1
 73
0
 0
INSERT
 8
UNIFILAR
 6
CONTINUOUS
 62
30
 2
APARATO_GAS
10
20.104431
20
20.503004
30
0
41
0.08
42
0.08
43
1
 50
0
 0
TEXT
 8
TEXTO_NUDOS
 6
CONTINUOUS
 62
30
10
20.104431
20
20.633004
30
0
11
20.104431
21
20.633004
31
0
 1
96
 7
ROMANS
 40
0.06
 41
1
 50
0
 72
1
 73
0
 0
LINE
 8
UNIFILAR
 6
CONTINUOUS
 62
30
10
26.251087
20
16.232797
30
0
11
26.165845
21
16.232797
31
0
 0
TEXT
 8
TEXTO_RAMAS
 6
CONTINUOUS
 62
30
10
26.221591
20
16.247797
30
0
11
26.221591
21
16.247797
31
0
 1
6 Ø20x22
 7
ROMANS
 40
0.06
 41
1
 50
0
 72
1
 73
0
 0
TEXT
 8
TEXTO_RAMAS
 6
CONTINUOUS
 62
30
10
26.221591
20
16.217797
30
0
11
26.221591
21
16.217797
31
0
 1
Cobre
 7
ROMANS
 40
0.06
 41
1
 50
0
 72
1
 73
3
 0
LINE
 8
UNIFILAR
 6
CONTINUOUS
 62
30
10
26.271591
20
16.218797
30
0
11
26.221591
21
16.232797
31
0
 0
LINE
 8
UNIFILAR
 6
CONTINUOUS
 62
30
10
26.271591
20
16.246797
30
0
11
26.221591
21
16.232797
31
0
 0
INSERT
 8
UNIFILAR
 6
CONTINUOUS
 62
30
 2
LLAVE_PASO_GAS
10
26.019808
20
16.232797
30
0
41
0.0375
42
0.0375
43
1
 50
180
 0
LINE
 8
UNIFILAR
 6
CONTINUOUS
 62
30
10
26.113345
20
16.232797
30
0
11
26.076058
21
16.232797
31
0
 0
LINE
 8
UNIFILAR
 6
CONTINUOUS
 62
30
10
25.963558
20
16.232797
30
0
11
25.926272
21
16.232797
31
0
 0
TEXT
 8
TEXTO_RAMAS
 6
CONTINUOUS
 62
30
10
26.019808
20
16.304047
30
0
11
26.019808
21
16.304047
31
0
 1
Ø3/4"
 7
ROMANS
 40
0.06
 41
1
 50
0
 72
1
 73
0
 0
TEXT
 8
TEXTO_RAMAS
 6
CONTINUOUS
 62
30
10
26.019808
20
16.161547
30
0
11
26.019808
21
16.161547
31
0
 1

 7
ROMANS
 40
0.06
 41
1
 50
0
 72
1
 73
3
 0
INSERT
 8
UNIFILAR
 6
CONTINUOUS
 62
30
 2
VALVULA_REG_PRESION_GAS
10
25.761301
20
16.232797
30
0
41
0.0375
42
0.0375
43
1
 50
180
 0
LINE
 8
UNIFILAR
 6
CONTINUOUS
 62
30
10
25.873772
20
16.232797
30
0
11
25.817551
21
16.232797
31
0
 0
LINE
 8
UNIFILAR
 6
CONTINUOUS
 62
30
10
25.705051
20
16.232797
30
0
11
25.648829
21
16.232797
31
0
 0
TEXT
 8
TEXTO_RAMAS
 6
CONTINUOUS
 62
30
10
25.761301
20
16.289985
30
0
11
25.761301
21
16.289985
31
0
 1

 7
ROMANS
 40
0.06
 41
1
 50
0
 72
1
 73
0
 0
TEXT
 8
TEXTO_RAMAS
 6
CONTINUOUS
 62
30
10
25.761301
20
16.17561
30
0
11
25.761301
21
16.17561
31
0
 1

 7
ROMANS
 40
0.06
 41
1
 50
0
 72
1
 73
3
 0
LINE
 8
UNIFILAR
 6
CONTINUOUS
 62
30
10
24.339363
20
16.080768
30
0
11
22.989837
21
16.084006
31
0
 0
LINE
 8
UNIFILAR
 6
CONTINUOUS
 62
30
10
24.354349
20
15.928997
30
0
11
24.354362
21
16.065732
31
0
 0
TEXT
 8
TEXTO_RAMAS
 6
CONTINUOUS
 62
30
10
23.659011
20
16.0974
30
0
11
23.659011
21
16.0974
31
0
 1
14 Ø20x2
 7
ROMANS
 40
0.06
 41
1
 50
359.862541
 72
1
 73
0
 0
TEXT
 8
TEXTO_RAMAS
 6
CONTINUOUS
 62
30
10
23.658939
20
16.0674
30
0
11
23.658939
21
16.0674
31
0
 1
P/Al/PEX
 7
ROMANS
 40
0.06
 41
1
 50
359.862541
 72
1
 73
3
 0
LINE
 8
UNIFILAR
 6
CONTINUOUS
 62
30
10
23.708941
20
16.06828
30
0
11
23.658975
21
16.0824
31
0
 0
LINE
 8
UNIFILAR
 6
CONTINUOUS
 62
30
10
23.709008
20
16.09628
30
0
11
23.658975
21
16.0824
31
0
 0
LINE
 8
UNIFILAR
 6
CONTINUOUS
 62
30
10
22.937337
20
16.084061
30
0
11
22.428587
21
16.08392
31
0
 0
LINE
 8
UNIFILAR
 6
CONTINUOUS
 62
30
10
22.413587
20
16.068915
30
0
11
22.413587
21
13.427797
31
0
 0
LINE
 8
UNIFILAR
 6
CONTINUOUS
 62
30
10
22.398587
20
13.412797
30
0
11
20.468587
21
13.412797
31
0
 0
LINE
 8
UNIFILAR
 6
CONTINUOUS
 62
30
10
20.453587
20
13.427797
30
0
11
20.453587
21
14.597797
31
0
 0
LINE
 8
UNIFILAR
 6
CONTINUOUS
 62
30
10
20.440743
20
14.620545
30
0
11
20.145103
21
14.798873
31
0
 0
TEXT
 8
TEXTO_RAMAS
 6
CONTINUOUS
 62
30
10
21.433587
20
13.427797
30
0
11
21.433587
21
13.427797
31
0
 1
15 Ø20x2
 7
ROMANS
 40
0.06
 41
1
 50
0
 72
1
 73
0
 0
TEXT
 8
TEXTO_RAMAS
 6
CONTINUOUS
 62
30
10
21.433587
20
13.397797
30
0
11
21.433587
21
13.397797
31
0
 1
P/Al/PEX
 7
ROMANS
 40
0.06
 41
1
 50
0
 72
1
 73
3
 0
LINE
 8
UNIFILAR
 6
CONTINUOUS
 62
30
10
21.483587
20
13.398797
30
0
11
21.433587
21
13.412797
31
0
 0
LINE
 8
UNIFILAR
 6
CONTINUOUS
 62
30
10
21.483587
20
13.426797
30
0
11
21.433587
21
13.412797
31
0
 0
INSERT
 8
UNIFILAR
 6
CONTINUOUS
 62
30
 2
LLAVE_PASO_GAS
10
20.252006
20
15.030067
30
0
41
0.0375
42
0.0375
43
1
 50
59.269241
 0
LINE
 8
UNIFILAR
 6
CONTINUOUS
 62
30
10
20.13604
20
14.834995
30
0
11
20.223262
21
14.981715
31
0
 0
LINE
 8
UNIFILAR
 6
CONTINUOUS
 62
30
10
20.28075
20
15.078418
30
0
11
20.327884
21
15.157702
31
0
 0
TEXT
 8
TEXTO_RAMAS
 6
CONTINUOUS
 62
30
10
20.190761
20
15.066476
30
0
11
20.190761
21
15.066476
31
0
 1
Ø1/2"
 7
ROMANS
 40
0.06
 41
1
 50
59.269241
 72
1
 73
0
 0
TEXT
 8
TEXTO_RAMAS
 6
CONTINUOUS
 62
30
10
20.313251
20
14.993658
30
0
11
20.313251
21
14.993658
31
0
 1

 7
ROMANS
 40
0.06
 41
1
 50
59.269241
 72
1
 73
3
 0
INSERT
 8
UNIFILAR
 6
CONTINUOUS
 62
30
 2
LLAVE_PASO_GAS
10
22.9629
20
15.846501
30
0
41
0.0375
42
0.0375
43
1
 50
269.834212
 0
LINE
 8
UNIFILAR
 6
CONTINUOUS
 62
30
10
22.963511
20
16.057819
30
0
11
22.963062
21
15.902751
31
0
 0
LINE
 8
UNIFILAR
 6
CONTINUOUS
 62
30
10
22.962737
20
15.790251
30
0
11
22.962473
21
15.698934
31
0
 0
TEXT
 8
TEXTO_RAMAS
 6
CONTINUOUS
 62
30
10
22.89165
20
15.846707
30
0
11
22.89165
21
15.846707
31
0
 1
Ø1/2"
 7
ROMANS
 40
0.06
 41
1
 50
89.834212
 72
1
 73
0
 0
TEXT
 8
TEXTO_RAMAS
 6
CONTINUOUS
 62
30
10
23.034149
20
15.846295
30
0
11
23.034149
21
15.846295
31
0
 1

 7
ROMANS
 40
0.06
 41
1
 50
89.834212
 72
1
 73
3
 0
LINE
 8
UNIFILAR
 6
CONTINUOUS
 62
30
10
24.509348
20
15.902797
30
0
11
24.380546
21
15.902797
31
0
 0
TEXT
 8
TEXTO_RAMAS
 6
CONTINUOUS
 62
30
10
24.476847
20
15.917797
30
0
11
24.476847
21
15.917797
31
0
 1
13 Ø20x2
 7
ROMANS
 40
0.06
 41
1
 50
0
 72
1
 73
0
 0
TEXT
 8
TEXTO_RAMAS
 6
CONTINUOUS
 62
30
10
24.476847
20
15.887797
30
0
11
24.476847
21
15.887797
31
0
 1
P/Al/PEX
 7
ROMANS
 40
0.06
 41
1
 50
0
 72
1
 73
3
 0
LINE
 8
UNIFILAR
 6
CONTINUOUS
 62
30
10
24.526847
20
15.888797
30
0
11
24.476847
21
15.902797
31
0
 0
LINE
 8
UNIFILAR
 6
CONTINUOUS
 62
30
10
24.526847
20
15.916797
30
0
11
24.476847
21
15.902797
31
0
 0
INSERT
 8
UNIFILAR
 6
CONTINUOUS
 62
30
 2
CONTADOR_GAS
10
25.482594
20
16.232797
30
0
41
0.0565
42
0.0565
43
1
 50
180
 0
LINE
 8
UNIFILAR
 6
CONTINUOUS
 62
30
10
25.596329
20
16.232797
30
0
11
25.546157
21
16.232797
31
0
 0
LINE
 8
UNIFILAR
 6
CONTINUOUS
 62
30
10
25.419032
20
16.232797
30
0
11
25.36886
21
16.232797
31
0
 0
TEXT
 8
TEXTO_RAMAS
 6
CONTINUOUS
 62
30
10
25.482594
20
16.31136
30
0
11
25.482594
21
16.31136
31
0
 1

 7
ROMANS
 40
0.06
 41
1
 50
0
 72
1
 73
0
 0
TEXT
 8
TEXTO_RAMAS
 6
CONTINUOUS
 62
30
10
25.482594
20
16.154235
30
0
11
25.482594
21
16.154235
31
0
 1

 7
ROMANS
 40
0.06
 41
1
 50
0
 72
1
 73
3
 0
INSERT
 8
UNIFILAR
 6
CONTINUOUS
 62
30
 2
LLAVE_PASO_GAS
10
25.188836
20
16.232797
30
0
41
0.0375
42
0.0375
43
1
 50
180
 0
LINE
 8
UNIFILAR
 6
CONTINUOUS
 62
30
10
25.31636
20
16.232797
30
0
11
25.245086
21
16.232797
31
0
 0
LINE
 8
UNIFILAR
 6
CONTINUOUS
 62
30
10
25.132586
20
16.232797
30
0
11
25.061313
21
16.232797
31
0
 0
TEXT
 8
TEXTO_RAMAS
 6
CONTINUOUS
 62
30
10
25.188836
20
16.304047
30
0
11
25.188836
21
16.304047
31
0
 1
Ø3/4"
 7
ROMANS
 40
0.06
 41
1
 50
0
 72
1
 73
0
 0
TEXT
 8
TEXTO_RAMAS
 6
CONTINUOUS
 62
30
10
25.188836
20
16.161547
30
0
11
25.188836
21
16.161547
31
0
 1

 7
ROMANS
 40
0.06
 41
1
 50
0
 72
1
 73
3
 0
LINE
 8
UNIFILAR
 6
CONTINUOUS
 62
30
10
25.035063
20
16.206547
30
0
11
25.035063
21
15.928362
31
0
 0
TEXT
 8
TEXTO_RAMAS
 6
CONTINUOUS
 62
30
10
25.020063
20
16.067454
30
0
11
25.020063
21
16.067454
31
0
 1
11 Ø20x22
 7
ROMANS
 40
0.06
 41
1
 50
90
 72
1
 73
0
 0
TEXT
 8
TEXTO_RAMAS
 6
CONTINUOUS
 62
30
10
25.050063
20
16.067454
30
0
11
25.050063
21
16.067454
31
0
 1
Cobre
 7
ROMANS
 40
0.06
 41
1
 50
90
 72
1
 73
3
 0
LINE
 8
UNIFILAR
 6
CONTINUOUS
 62
30
10
25.049063
20
16.117454
30
0
11
25.035063
21
16.067454
31
0
 0
LINE
 8
UNIFILAR
 6
CONTINUOUS
 62
30
10
25.021063
20
16.117454
30
0
11
25.035063
21
16.067454
31
0
 0
INSERT
 8
UNIFILAR
 6
CONTINUOUS
 62
30
 2
LLAVE_PASO_GAS
10
24.817206
20
15.902454
30
0
41
0.0375
42
0.0375
43
1
 50
179.909882
 0
LINE
 8
UNIFILAR
 6
CONTINUOUS
 62
30
10
25.008813
20
15.902153
30
0
11
24.873456
21
15.902366
31
0
 0
LINE
 8
UNIFILAR
 6
CONTINUOUS
 62
30
10
24.760956
20
15.902543
30
0
11
24.689348
21
15.902656
31
0
 0
TEXT
 8
TEXTO_RAMAS
 6
CONTINUOUS
 62
30
10
24.817318
20
15.973704
30
0
11
24.817318
21
15.973704
31
0
 1
Ø3/4"
 7
ROMANS
 40
0.06
 41
1
 50
359.909882
 72
1
 73
0
 0
TEXT
 8
TEXTO_RAMAS
 6
CONTINUOUS
 62
30
10
24.817094
20
15.831205
30
0
11
24.817094
21
15.831205
31
0
 1

 7
ROMANS
 40
0.06
 41
1
 50
359.909882
 72
1
 73
3
 0
LINE
 8
UNIFILAR
 6
CONTINUOUS
 62
30
10
20.100192
20
14.826062
30
0
11
19.86304
21
14.970162
31
0
 0
TEXT
 8
TEXTO_RAMAS
 6
CONTINUOUS
 62
30
10
19.989405
20
14.910931
30
0
11
19.989405
21
14.910931
31
0
 1
17 Ø16x2
 7
ROMANS
 40
0.06
 41
1
 50
328.716093
 72
1
 73
0
 0
TEXT
 8
TEXTO_RAMAS
 6
CONTINUOUS
 62
30
10
19.973827
20
14.885293
30
0
11
19.973827
21
14.885293
31
0
 1
P/Al/PEX
 7
ROMANS
 40
0.06
 41
1
 50
328.716093
 72
1
 73
3
 0
LINE
 8
UNIFILAR
 6
CONTINUOUS
 62
30
10
20.017076
20
14.860184
30
0
11
19.981616
21
14.898112
31
0
 0
LINE
 8
UNIFILAR
 6
CONTINUOUS
 62
30
10
20.031616
20
14.884113
30
0
11
19.981616
21
14.898112
31
0
 0
INSERT
 8
UNIFILAR
 6
CONTINUOUS
 62
30
 2
LLAVE_PASO_GAS
10
19.972519
20
15.197018
30
0
41
0.0375
42
0.0375
43
1
 50
58.256744
 0
LINE
 8
UNIFILAR
 6
CONTINUOUS
 62
30
10
19.854417
20
15.006117
30
0
11
19.942925
21
15.149182
31
0
 0
LINE
 8
UNIFILAR
 6
CONTINUOUS
 62
30
10
20.002113
20
15.244853
30
0
11
20.048752
21
15.320242
31
0
 0
TEXT
 8
TEXTO_RAMAS
 6
CONTINUOUS
 62
30
10
19.911927
20
15.234503
30
0
11
19.911927
21
15.234503
31
0
 1
Ø3/8"
 7
ROMANS
 40
0.06
 41
1
 50
58.256744
 72
1
 73
0
 0
TEXT
 8
TEXTO_RAMAS
 6
CONTINUOUS
 62
30
10
20.033111
20
15.159532
30
0
11
20.033111
21
15.159532
31
0
 1

 7
ROMANS
 40
0.06
 41
1
 50
58.256744
 72
1
 73
3
 0
LINE
 8
UNIFILAR
 6
CONTINUOUS
 62
30
10
26.251114
20
19.67877
30
0
11
26.165916
21
19.676044
31
0
 0
TEXT
 8
TEXTO_RAMAS
 6
CONTINUOUS
 62
30
10
26.221153
20
19.692819
30
0
11
26.221153
21
19.692819
31
0
 1
83 Ø20x22
 7
ROMANS
 40
0.06
 41
1
 50
1.832804
 72
1
 73
0
 0
TEXT
 8
TEXTO_RAMAS
 6
CONTINUOUS
 62
30
10
26.222113
20
19.662834
30
0
11
26.222113
21
19.662834
31
0
 1
Cobre
 7
ROMANS
 40
0.06
 41
1
 50
1.832804
 72
1
 73
3
 0
LINE
 8
UNIFILAR
 6
CONTINUOUS
 62
30
10
26.272055
20
19.665433
30
0
11
26.221633
21
19.677827
31
0
 0
LINE
 8
UNIFILAR
 6
CONTINUOUS
 62
30
10
26.27116
20
19.693419
30
0
11
26.221633
21
19.677827
31
0
 0
INSERT
 8
UNIFILAR
 6
CONTINUOUS
 62
30
 2
LLAVE_PASO_GAS
10
26.019871
20
19.675599
30
0
41
0.0375
42
0.0375
43
1
 50
179.811089
 0
LINE
 8
UNIFILAR
 6
CONTINUOUS
 62
30
10
26.113429
20
19.675291
30
0
11
26.076121
21
19.675414
31
0
 0
LINE
 8
UNIFILAR
 6
CONTINUOUS
 62
30
10
25.963621
20
19.675785
30
0
11
25.926313
21
19.675908
31
0
 0
TEXT
 8
TEXTO_RAMAS
 6
CONTINUOUS
 62
30
10
26.020106
20
19.746849
30
0
11
26.020106
21
19.746849
31
0
 1
Ø3/4"
 7
ROMANS
 40
0.06
 41
1
 50
359.811089
 72
1
 73
0
 0
TEXT
 8
TEXTO_RAMAS
 6
CONTINUOUS
 62
30
10
26.019636
20
19.604349
30
0
11
26.019636
21
19.604349
31
0
 1

 7
ROMANS
 40
0.06
 41
1
 50
359.811089
 72
1
 73
3
 0
INSERT
 8
UNIFILAR
 6
CONTINUOUS
 62
30
 2
VALVULA_REG_PRESION_GAS
10
25.761361
20
19.674904
30
0
41
0.0375
42
0.0375
43
1
 50
180.45019
 0
LINE
 8
UNIFILAR
 6
CONTINUOUS
 62
30
10
25.873814
20
19.675788
30
0
11
25.817609
21
19.675346
31
0
 0
LINE
 8
UNIFILAR
 6
CONTINUOUS
 62
30
10
25.705113
20
19.674462
30
0
11
25.648908
21
19.674021
31
0
 0
TEXT
 8
TEXTO_RAMAS
 6
CONTINUOUS
 62
30
10
25.760912
20
19.73209
30
0
11
25.760912
21
19.73209
31
0
 1

 7
ROMANS
 40
0.06
 41
1
 50
0.45019
 72
1
 73
0
 0
TEXT
 8
TEXTO_RAMAS
 6
CONTINUOUS
 62
30
10
25.76181
20
19.617719
30
0
11
25.76181
21
19.617719
31
0
 1

 7
ROMANS
 40
0.06
 41
1
 50
0.45019
 72
1
 73
3
 0
LINE
 8
UNIFILAR
 6
CONTINUOUS
 62
30
10
24.339363
20
19.832478
30
0
11
22.989837
21
19.82924
31
0
 0
LINE
 8
UNIFILAR
 6
CONTINUOUS
 62
30
10
24.354349
20
19.984249
30
0
11
24.354362
21
19.847514
31
0
 0
TEXT
 8
TEXTO_RAMAS
 6
CONTINUOUS
 62
30
10
23.658939
20
19.845846
30
0
11
23.658939
21
19.845846
31
0
 1
91 Ø20x2
 7
ROMANS
 40
0.06
 41
1
 50
0.137459
 72
1
 73
0
 0
TEXT
 8
TEXTO_RAMAS
 6
CONTINUOUS
 62
30
10
23.659011
20
19.815846
30
0
11
23.659011
21
19.815846
31
0
 1
P/Al/PEX
 7
ROMANS
 40
0.06
 41
1
 50
0.137459
 72
1
 73
3
 0
LINE
 8
UNIFILAR
 6
CONTINUOUS
 62
30
10
23.709008
20
19.816966
30
0
11
23.658975
21
19.830846
31
0
 0
LINE
 8
UNIFILAR
 6
CONTINUOUS
 62
30
10
23.708941
20
19.844966
30
0
11
23.658975
21
19.830846
31
0
 0
LINE
 8
UNIFILAR
 6
CONTINUOUS
 62
30
10
22.937337
20
19.829185
30
0
11
22.428587
21
19.829327
31
0
 0
LINE
 8
UNIFILAR
 6
CONTINUOUS
 62
30
10
22.413587
20
19.844331
30
0
11
22.413587
21
22.485449
31
0
 0
LINE
 8
UNIFILAR
 6
CONTINUOUS
 62
30
10
22.398587
20
22.500449
30
0
11
20.468587
21
22.500449
31
0
 0
LINE
 8
UNIFILAR
 6
CONTINUOUS
 62
30
10
20.453587
20
22.485449
30
0
11
20.453587
21
21.315449
31
0
 0
LINE
 8
UNIFILAR
 6
CONTINUOUS
 62
30
10
20.440743
20
21.292701
30
0
11
20.145103
21
21.114373
31
0
 0
TEXT
 8
TEXTO_RAMAS
 6
CONTINUOUS
 62
30
10
21.433587
20
22.515449
30
0
11
21.433587
21
22.515449
31
0
 1
92 Ø20x2
 7
ROMANS
 40
0.06
 41
1
 50
0
 72
1
 73
0
 0
TEXT
 8
TEXTO_RAMAS
 6
CONTINUOUS
 62
30
10
21.433587
20
22.485449
30
0
11
21.433587
21
22.485449
31
0
 1
P/Al/PEX
 7
ROMANS
 40
0.06
 41
1
 50
0
 72
1
 73
3
 0
LINE
 8
UNIFILAR
 6
CONTINUOUS
 62
30
10
21.483587
20
22.486449
30
0
11
21.433587
21
22.500449
31
0
 0
LINE
 8
UNIFILAR
 6
CONTINUOUS
 62
30
10
21.483587
20
22.514449
30
0
11
21.433587
21
22.500449
31
0
 0
INSERT
 8
UNIFILAR
 6
CONTINUOUS
 62
30
 2
LLAVE_PASO_GAS
10
20.252006
20
20.88318
30
0
41
0.0375
42
0.0375
43
1
 50
300.730759
 0
LINE
 8
UNIFILAR
 6
CONTINUOUS
 62
30
10
20.13604
20
21.078251
30
0
11
20.223262
21
20.931531
31
0
 0
LINE
 8
UNIFILAR
 6
CONTINUOUS
 62
30
10
20.28075
20
20.834828
30
0
11
20.327884
21
20.755544
31
0
 0
TEXT
 8
TEXTO_RAMAS
 6
CONTINUOUS
 62
30
10
20.313251
20
20.919589
30
0
11
20.313251
21
20.919589
31
0
 1
Ø1/2"
 7
ROMANS
 40
0.06
 41
1
 50
300.730759
 72
1
 73
0
 0
TEXT
 8
TEXTO_RAMAS
 6
CONTINUOUS
 62
30
10
20.190761
20
20.84677
30
0
11
20.190761
21
20.84677
31
0
 1

 7
ROMANS
 40
0.06
 41
1
 50
300.730759
 72
1
 73
3
 0
INSERT
 8
UNIFILAR
 6
CONTINUOUS
 62
30
 2
LLAVE_PASO_GAS
10
22.9629
20
20.066745
30
0
41
0.0375
42
0.0375
43
1
 50
90.165788
 0
LINE
 8
UNIFILAR
 6
CONTINUOUS
 62
30
10
22.963511
20
19.855427
30
0
11
22.963062
21
20.010495
31
0
 0
LINE
 8
UNIFILAR
 6
CONTINUOUS
 62
30
10
22.962737
20
20.122995
30
0
11
22.962473
21
20.214313
31
0
 0
TEXT
 8
TEXTO_RAMAS
 6
CONTINUOUS
 62
30
10
23.034149
20
20.066951
30
0
11
23.034149
21
20.066951
31
0
 1
Ø1/2"
 7
ROMANS
 40
0.06
 41
1
 50
270.165788
 72
1
 73
0
 0
TEXT
 8
TEXTO_RAMAS
 6
CONTINUOUS
 62
30
10
22.89165
20
20.066539
30
0
11
22.89165
21
20.066539
31
0
 1

 7
ROMANS
 40
0.06
 41
1
 50
270.165788
 72
1
 73
3
 0
LINE
 8
UNIFILAR
 6
CONTINUOUS
 62
30
10
24.509348
20
20.010449
30
0
11
24.380546
21
20.010449
31
0
 0
TEXT
 8
TEXTO_RAMAS
 6
CONTINUOUS
 62
30
10
24.476847
20
20.025449
30
0
11
24.476847
21
20.025449
31
0
 1
90 Ø20x2
 7
ROMANS
 40
0.06
 41
1
 50
0
 72
1
 73
0
 0
TEXT
 8
TEXTO_RAMAS
 6
CONTINUOUS
 62
30
10
24.476847
20
19.995449
30
0
11
24.476847
21
19.995449
31
0
 1
P/Al/PEX
 7
ROMANS
 40
0.06
 41
1
 50
0
 72
1
 73
3
 0
LINE
 8
UNIFILAR
 6
CONTINUOUS
 62
30
10
24.526847
20
19.996449
30
0
11
24.476847
21
20.010449
31
0
 0
LINE
 8
UNIFILAR
 6
CONTINUOUS
 62
30
10
24.526847
20
20.024449
30
0
11
24.476847
21
20.010449
31
0
 0
INSERT
 8
UNIFILAR
 6
CONTINUOUS
 62
30
 2
CONTADOR_GAS
10
25.482722
20
19.672166
30
0
41
0.0565
42
0.0565
43
1
 50
180.674776
 0
LINE
 8
UNIFILAR
 6
CONTINUOUS
 62
30
10
25.596411
20
19.673505
30
0
11
25.54628
21
19.672915
31
0
 0
LINE
 8
UNIFILAR
 6
CONTINUOUS
 62
30
10
25.419164
20
19.671418
30
0
11
25.369034
21
19.670827
31
0
 0
TEXT
 8
TEXTO_RAMAS
 6
CONTINUOUS
 62
30
10
25.481797
20
19.750723
30
0
11
25.481797
21
19.750723
31
0
 1

 7
ROMANS
 40
0.06
 41
1
 50
0.674776
 72
1
 73
0
 0
TEXT
 8
TEXTO_RAMAS
 6
CONTINUOUS
 62
30
10
25.483647
20
19.593609
30
0
11
25.483647
21
19.593609
31
0
 1

 7
ROMANS
 40
0.06
 41
1
 50
0.674776
 72
1
 73
3
 0
INSERT
 8
UNIFILAR
 6
CONTINUOUS
 62
30
 2
LLAVE_PASO_GAS
10
25.188972
20
19.67168
30
0
41
0.0375
42
0.0375
43
1
 50
179.567205
 0
LINE
 8
UNIFILAR
 6
CONTINUOUS
 62
30
10
25.316536
20
19.670716
30
0
11
25.24522
21
19.671255
31
0
 0
LINE
 8
UNIFILAR
 6
CONTINUOUS
 62
30
10
25.132723
20
19.672105
30
0
11
25.061407
21
19.672644
31
0
 0
TEXT
 8
TEXTO_RAMAS
 6
CONTINUOUS
 62
30
10
25.18951
20
19.742928
30
0
11
25.18951
21
19.742928
31
0
 1
Ø3/4"
 7
ROMANS
 40
0.06
 41
1
 50
359.567205
 72
1
 73
0
 0
TEXT
 8
TEXTO_RAMAS
 6
CONTINUOUS
 62
30
10
25.188433
20
19.600432
30
0
11
25.188433
21
19.600432
31
0
 1

 7
ROMANS
 40
0.06
 41
1
 50
359.567205
 72
1
 73
3
 0
LINE
 8
UNIFILAR
 6
CONTINUOUS
 62
30
10
25.035321
20
19.699091
30
0
11
25.037099
21
19.984878
31
0
 0
TEXT
 8
TEXTO_RAMAS
 6
CONTINUOUS
 62
30
10
25.02121
20
19.842078
30
0
11
25.02121
21
19.842078
31
0
 1
88 Ø20x22
 7
ROMANS
 40
0.06
 41
1
 50
89.643509
 72
1
 73
0
 0
TEXT
 8
TEXTO_RAMAS
 6
CONTINUOUS
 62
30
10
25.05121
20
19.841891
30
0
11
25.05121
21
19.841891
31
0
 1
Cobre
 7
ROMANS
 40
0.06
 41
1
 50
89.643509
 72
1
 73
3
 0
LINE
 8
UNIFILAR
 6
CONTINUOUS
 62
30
10
25.021899
20
19.792073
30
0
11
25.03621
21
19.841984
31
0
 0
LINE
 8
UNIFILAR
 6
CONTINUOUS
 62
30
10
25.049899
20
19.791898
30
0
11
25.03621
21
19.841984
31
0
 0
INSERT
 8
UNIFILAR
 6
CONTINUOUS
 62
30
 2
LLAVE_PASO_GAS
10
24.818305
20
20.010788
30
0
41
0.0375
42
0.0375
43
1
 50
180.088708
 0
LINE
 8
UNIFILAR
 6
CONTINUOUS
 62
30
10
25.011012
20
20.011086
30
0
11
24.874555
21
20.010875
31
0
 0
LINE
 8
UNIFILAR
 6
CONTINUOUS
 62
30
10
24.762055
20
20.010701
30
0
11
24.689348
21
20.010588
31
0
 0
TEXT
 8
TEXTO_RAMAS
 6
CONTINUOUS
 62
30
10
24.818195
20
20.082038
30
0
11
24.818195
21
20.082038
31
0
 1
Ø3/4"
 7
ROMANS
 40
0.06
 41
1
 50
0.088708
 72
1
 73
0
 0
TEXT
 8
TEXTO_RAMAS
 6
CONTINUOUS
 62
30
10
24.818416
20
19.939538
30
0
11
24.818416
21
19.939538
31
0
 1

 7
ROMANS
 40
0.06
 41
1
 50
0.088708
 72
1
 73
3
 0
LINE
 8
UNIFILAR
 6
CONTINUOUS
 62
30
10
20.100192
20
21.087184
30
0
11
19.86304
21
20.943084
31
0
 0
TEXT
 8
TEXTO_RAMAS
 6
CONTINUOUS
 62
30
10
19.973827
20
21.027953
30
0
11
19.973827
21
21.027953
31
0
 1
94 Ø16x2
 7
ROMANS
 40
0.06
 41
1
 50
31.283907
 72
1
 73
0
 0
TEXT
 8
TEXTO_RAMAS
 6
CONTINUOUS
 62
30
10
19.989405
20
21.002315
30
0
11
19.989405
21
21.002315
31
0
 1
P/Al/PEX
 7
ROMANS
 40
0.06
 41
1
 50
31.283907
 72
1
 73
3
 0
LINE
 8
UNIFILAR
 6
CONTINUOUS
 62
30
10
20.031616
20
21.029134
30
0
11
19.981616
21
21.015134
31
0
 0
LINE
 8
UNIFILAR
 6
CONTINUOUS
 62
30
10
20.017076
20
21.053063
30
0
11
19.981616
21
21.015134
31
0
 0
INSERT
 8
UNIFILAR
 6
CONTINUOUS
 62
30
 2
LLAVE_PASO_GAS
10
19.972519
20
20.716228
30
0
41
0.0375
42
0.0375
43
1
 50
301.743256
 0
LINE
 8
UNIFILAR
 6
CONTINUOUS
 62
30
10
19.854417
20
20.90713
30
0
11
19.942925
21
20.764064
31
0
 0
LINE
 8
UNIFILAR
 6
CONTINUOUS
 62
30
10
20.002113
20
20.668393
30
0
11
20.048752
21
20.593004
31
0
 0
TEXT
 8
TEXTO_RAMAS
 6
CONTINUOUS
 62
30
10
20.033111
20
20.753714
30
0
11
20.033111
21
20.753714
31
0
 1
Ø3/8"
 7
ROMANS
 40
0.06
 41
1
 50
301.743256
 72
1
 73
0
 0
TEXT
 8
TEXTO_RAMAS
 6
CONTINUOUS
 62
30
10
19.911927
20
20.678743
30
0
11
19.911927
21
20.678743
31
0
 1

 7
ROMANS
 40
0.06
 41
1
 50
301.743256
 72
1
 73
3
 0
TEXT
 8
0
 6
CONTINUOUS
 62
7
10
23.111181
20
12.312797
30
0
11
23.111181
21
12.312797
31
0
 1
Planta  Primera
 7
ROMANS
 40
0.3
 41
1
 50
0
 72
1
 73
0
 0
INSERT
 8
UNIFILAR
 6
CONTINUOUS
 62
30
 2
CONEXION_PLANTAS_GAS
10
26.307225
20
27.575449
30
0
41
0.035
42
0.035
43
1
 50
0
 0
TEXT
 8
TEXTO_NUDOS
 6
CONTINUOUS
 62
30
10
26.307225
20
27.667949
30
0
11
26.307225
21
27.667949
31
0
 1
21
 7
ROMANS
 40
0.06
 41
1
 50
0
 72
1
 73
0
 0
INSERT
 8
UNIFILAR
 6
CONTINUOUS
 62
30
 2
NUDO_DERIVACION_GAS
10
26.143317
20
27.580694
30
0
41
0.035
42
0.035
43
1
 50
0
 0
TEXT
 8
TEXTO_NUDOS
 6
CONTINUOUS
 62
30
10
26.143317
20
27.646944
30
0
11
26.143317
21
27.646944
31
0
 1
22
 7
ROMANS
 40
0.06
 41
1
 50
0
 72
1
 73
0
 0
INSERT
 8
UNIFILAR
 6
CONTINUOUS
 62
30
 2
NUDO_DERIVACION_GAS
10
25.9037
20
27.580694
30
0
41
0.035
42
0.035
43
1
 50
0
 0
TEXT
 8
TEXTO_NUDOS
 6
CONTINUOUS
 62
30
10
25.9037
20
27.646944
30
0
11
25.9037
21
27.646944
31
0
 1
23
 7
ROMANS
 40
0.06
 41
1
 50
0
 72
1
 73
0
 0
INSERT
 8
UNIFILAR
 6
CONTINUOUS
 62
30
 2
NUDO_DERIVACION_GAS
10
25.626293
20
27.580694
30
0
41
0.035
42
0.035
43
1
 50
0
 0
TEXT
 8
TEXTO_NUDOS
 6
CONTINUOUS
 62
30
10
25.626293
20
27.646944
30
0
11
25.626293
21
27.646944
31
0
 1
24
 7
ROMANS
 40
0.06
 41
1
 50
0
 72
1
 73
0
 0
INSERT
 8
UNIFILAR
 6
CONTINUOUS
 62
30
 2
APARATO_GAS
10
24.602987
20
27.245449
30
0
41
0.08
42
0.08
43
1
 50
0
 0
TEXT
 8
TEXTO_NUDOS
 6
CONTINUOUS
 62
30
10
24.602987
20
27.375449
30
0
11
24.602987
21
27.375449
31
0
 1
28
 7
ROMANS
 40
0.06
 41
1
 50
0
 72
1
 73
0
 0
INSERT
 8
UNIFILAR
 6
CONTINUOUS
 62
30
 2
NUDO_PASO_GAS
10
24.358001
20
27.423384
30
0
41
0.02
42
0.02
43
1
 50
0
 0
TEXT
 8
TEXTO_NUDOS
 6
CONTINUOUS
 62
30
10
24.358001
20
27.478384
30
0
11
24.358001
21
27.478384
31
0
 1

 7
ROMANS
 40
0.06
 41
1
 50
0
 72
1
 73
0
 0
INSERT
 8
UNIFILAR
 6
CONTINUOUS
 62
30
 2
NUDO_DERIVACION_GAS
10
22.967225
20
27.426721
30
0
41
0.035
42
0.035
43
1
 50
0
 0
TEXT
 8
TEXTO_NUDOS
 6
CONTINUOUS
 62
30
10
22.967225
20
27.492971
30
0
11
22.967225
21
27.492971
31
0
 1
30
 7
ROMANS
 40
0.06
 41
1
 50
0
 72
1
 73
0
 0
INSERT
 8
UNIFILAR
 6
CONTINUOUS
 62
30
 2
NUDO_PASO_GAS
10
22.417225
20
27.426567
30
0
41
0.02
42
0.02
43
1
 50
0
 0
TEXT
 8
TEXTO_NUDOS
 6
CONTINUOUS
 62
30
10
22.417225
20
27.481567
30
0
11
22.417225
21
27.481567
31
0
 1

 7
ROMANS
 40
0.06
 41
1
 50
0
 72
1
 73
0
 0
INSERT
 8
UNIFILAR
 6
CONTINUOUS
 62
30
 2
NUDO_PASO_GAS
10
22.417225
20
24.755449
30
0
41
0.02
42
0.02
43
1
 50
0
 0
TEXT
 8
TEXTO_NUDOS
 6
CONTINUOUS
 62
30
10
22.472225
20
24.755449
30
0
11
22.472225
21
24.755449
31
0
 1

 7
ROMANS
 40
0.06
 41
1
 50
0
 72
0
 73
2
 0
INSERT
 8
UNIFILAR
 6
CONTINUOUS
 62
30
 2
NUDO_PASO_GAS
10
20.457225
20
24.755449
30
0
41
0.02
42
0.02
43
1
 50
0
 0
TEXT
 8
TEXTO_NUDOS
 6
CONTINUOUS
 62
30
10
20.402225
20
24.755449
30
0
11
20.402225
21
24.755449
31
0
 1

 7
ROMANS
 40
0.06
 41
1
 50
0
 72
2
 73
2
 0
INSERT
 8
UNIFILAR
 6
CONTINUOUS
 62
30
 2
NUDO_PASO_GAS
10
20.457225
20
25.955449
30
0
41
0.02
42
0.02
43
1
 50
0
 0
TEXT
 8
TEXTO_NUDOS
 6
CONTINUOUS
 62
30
10
20.457225
20
26.010449
30
0
11
20.457225
21
26.010449
31
0
 1

 7
ROMANS
 40
0.06
 41
1
 50
0
 72
1
 73
0
 0
INSERT
 8
UNIFILAR
 6
CONTINUOUS
 62
30
 2
NUDO_DERIVACION_GAS
10
20.126264
20
26.155083
30
0
41
0.035
42
0.035
43
1
 50
0
 0
TEXT
 8
TEXTO_NUDOS
 6
CONTINUOUS
 62
30
10
20.126264
20
26.221333
30
0
11
20.126264
21
26.221333
31
0
 1
31
 7
ROMANS
 40
0.06
 41
1
 50
0
 72
1
 73
0
 0
INSERT
 8
UNIFILAR
 6
CONTINUOUS
 62
30
 2
APARATO_GAS
10
20.385025
20
26.590354
30
0
41
0.08
42
0.08
43
1
 50
0
 0
TEXT
 8
TEXTO_NUDOS
 6
CONTINUOUS
 62
30
10
20.385025
20
26.720354
30
0
11
20.385025
21
26.720354
31
0
 1
32
 7
ROMANS
 40
0.06
 41
1
 50
0
 72
1
 73
0
 0
INSERT
 8
UNIFILAR
 6
CONTINUOUS
 62
30
 2
APARATO_GAS
10
22.96585
20
26.951585
30
0
41
0.08
42
0.08
43
1
 50
0
 0
TEXT
 8
TEXTO_NUDOS
 6
CONTINUOUS
 62
30
10
22.83585
20
26.951585
30
0
11
22.83585
21
26.951585
31
0
 1
35
 7
ROMANS
 40
0.06
 41
1
 50
0
 72
2
 73
2
 0
INSERT
 8
UNIFILAR
 6
CONTINUOUS
 62
30
 2
TOMA_PRESION_GAS
10
24.357985
20
27.245449
30
0
41
1
42
1
43
1
 50
180
 0
TEXT
 8
TEXTO_NUDOS
 6
CONTINUOUS
 62
30
10
24.291785
20
27.245449
30
0
11
24.291785
21
27.245449
31
0
 1
29
 7
ROMANS
 40
0.06
 41
1
 50
0
 72
2
 73
2
 0
INSERT
 8
UNIFILAR
 6
CONTINUOUS
 62
30
 2
NUDO_DERIVACION_GAS
10
25.346385
20
27.580694
30
0
41
0.035
42
0.035
43
1
 50
0
 0
TEXT
 8
TEXTO_NUDOS
 6
CONTINUOUS
 62
30
10
25.346385
20
27.646944
30
0
11
25.346385
21
27.646944
31
0
 1
25
 7
ROMANS
 40
0.06
 41
1
 50
0
 72
1
 73
0
 0
INSERT
 8
UNIFILAR
 6
CONTINUOUS
 62
30
 2
NUDO_DERIVACION_GAS
10
25.038787
20
27.580694
30
0
41
0.035
42
0.035
43
1
 50
0
 0
TEXT
 8
TEXTO_NUDOS
 6
CONTINUOUS
 62
30
10
25.038787
20
27.646944
30
0
11
25.038787
21
27.646944
31
0
 1
26
 7
ROMANS
 40
0.06
 41
1
 50
0
 72
1
 73
0
 0
INSERT
 8
UNIFILAR
 6
CONTINUOUS
 62
30
 2
NUDO_DERIVACION_GAS
10
25.038787
20
27.244764
30
0
41
0.035
42
0.035
43
1
 50
0
 0
TEXT
 8
TEXTO_NUDOS
 6
CONTINUOUS
 62
30
10
25.105037
20
27.244764
30
0
11
25.105037
21
27.244764
31
0
 1
27
 7
ROMANS
 40
0.06
 41
1
 50
0
 72
0
 73
2
 0
INSERT
 8
UNIFILAR
 6
CONTINUOUS
 62
30
 2
NUDO_DERIVACION_GAS
10
19.844244
20
26.326445
30
0
41
0.035
42
0.035
43
1
 50
0
 0
TEXT
 8
TEXTO_NUDOS
 6
CONTINUOUS
 62
30
10
19.844244
20
26.392695
30
0
11
19.844244
21
26.392695
31
0
 1
33
 7
ROMANS
 40
0.06
 41
1
 50
0
 72
1
 73
0
 0
INSERT
 8
UNIFILAR
 6
CONTINUOUS
 62
30
 2
APARATO_GAS
10
20.10807
20
26.752894
30
0
41
0.08
42
0.08
43
1
 50
0
 0
TEXT
 8
TEXTO_NUDOS
 6
CONTINUOUS
 62
30
10
20.10807
20
26.882894
30
0
11
20.10807
21
26.882894
31
0
 1
34
 7
ROMANS
 40
0.06
 41
1
 50
0
 72
1
 73
0
 0
INSERT
 8
UNIFILAR
 6
CONTINUOUS
 62
30
 2
CONEXION_PLANTAS_GAS
10
26.307225
20
31.023101
30
0
41
0.035
42
0.035
43
1
 50
0
 0
TEXT
 8
TEXTO_NUDOS
 6
CONTINUOUS
 62
30
10
26.307225
20
31.115601
30
0
11
26.307225
21
31.115601
31
0
 1
98
 7
ROMANS
 40
0.06
 41
1
 50
0
 72
1
 73
0
 0
INSERT
 8
UNIFILAR
 6
CONTINUOUS
 62
30
 2
NUDO_DERIVACION_GAS
10
26.143317
20
31.017856
30
0
41
0.035
42
0.035
43
1
 50
0
 0
TEXT
 8
TEXTO_NUDOS
 6
CONTINUOUS
 62
30
10
26.143317
20
31.084106
30
0
11
26.143317
21
31.084106
31
0
 1
99
 7
ROMANS
 40
0.06
 41
1
 50
0
 72
1
 73
0
 0
INSERT
 8
UNIFILAR
 6
CONTINUOUS
 62
30
 2
NUDO_DERIVACION_GAS
10
25.903701
20
31.018646
30
0
41
0.035
42
0.035
43
1
 50
0
 0
TEXT
 8
TEXTO_NUDOS
 6
CONTINUOUS
 62
30
10
25.903701
20
31.084896
30
0
11
25.903701
21
31.084896
31
0
 1
100
 7
ROMANS
 40
0.06
 41
1
 50
0
 72
1
 73
0
 0
INSERT
 8
UNIFILAR
 6
CONTINUOUS
 62
30
 2
NUDO_DERIVACION_GAS
10
25.626297
20
31.016466
30
0
41
0.035
42
0.035
43
1
 50
0
 0
TEXT
 8
TEXTO_NUDOS
 6
CONTINUOUS
 62
30
10
25.626297
20
31.082716
30
0
11
25.626297
21
31.082716
31
0
 1
101
 7
ROMANS
 40
0.06
 41
1
 50
0
 72
1
 73
0
 0
INSERT
 8
UNIFILAR
 6
CONTINUOUS
 62
30
 2
APARATO_GAS
10
24.602987
20
31.353101
30
0
41
0.08
42
0.08
43
1
 50
0
 0
TEXT
 8
TEXTO_NUDOS
 6
CONTINUOUS
 62
30
10
24.602987
20
31.483101
30
0
11
24.602987
21
31.483101
31
0
 1
105
 7
ROMANS
 40
0.06
 41
1
 50
0
 72
1
 73
0
 0
INSERT
 8
UNIFILAR
 6
CONTINUOUS
 62
30
 2
NUDO_PASO_GAS
10
24.358001
20
31.175166
30
0
41
0.02
42
0.02
43
1
 50
0
 0
TEXT
 8
TEXTO_NUDOS
 6
CONTINUOUS
 62
30
10
24.413001
20
31.175166
30
0
11
24.413001
21
31.175166
31
0
 1

 7
ROMANS
 40
0.06
 41
1
 50
0
 72
0
 73
2
 0
INSERT
 8
UNIFILAR
 6
CONTINUOUS
 62
30
 2
NUDO_DERIVACION_GAS
10
22.967225
20
31.171829
30
0
41
0.035
42
0.035
43
1
 50
0
 0
TEXT
 8
TEXTO_NUDOS
 6
CONTINUOUS
 62
30
10
22.967225
20
31.105579
30
0
11
22.967225
21
31.105579
31
0
 1
107
 7
ROMANS
 40
0.06
 41
1
 50
0
 72
1
 73
3
 0
INSERT
 8
UNIFILAR
 6
CONTINUOUS
 62
30
 2
NUDO_PASO_GAS
10
22.417225
20
31.171983
30
0
41
0.02
42
0.02
43
1
 50
0
 0
TEXT
 8
TEXTO_NUDOS
 6
CONTINUOUS
 62
30
10
22.362225
20
31.171983
30
0
11
22.362225
21
31.171983
31
0
 1

 7
ROMANS
 40
0.06
 41
1
 50
0
 72
2
 73
2
 0
INSERT
 8
UNIFILAR
 6
CONTINUOUS
 62
30
 2
NUDO_PASO_GAS
10
22.417225
20
33.843101
30
0
41
0.02
42
0.02
43
1
 50
0
 0
TEXT
 8
TEXTO_NUDOS
 6
CONTINUOUS
 62
30
10
22.417225
20
33.898101
30
0
11
22.417225
21
33.898101
31
0
 1

 7
ROMANS
 40
0.06
 41
1
 50
0
 72
1
 73
0
 0
INSERT
 8
UNIFILAR
 6
CONTINUOUS
 62
30
 2
NUDO_PASO_GAS
10
20.457225
20
33.843101
30
0
41
0.02
42
0.02
43
1
 50
0
 0
TEXT
 8
TEXTO_NUDOS
 6
CONTINUOUS
 62
30
10
20.457225
20
33.898101
30
0
11
20.457225
21
33.898101
31
0
 1

 7
ROMANS
 40
0.06
 41
1
 50
0
 72
1
 73
0
 0
INSERT
 8
UNIFILAR
 6
CONTINUOUS
 62
30
 2
NUDO_PASO_GAS
10
20.457225
20
32.643101
30
0
41
0.02
42
0.02
43
1
 50
0
 0
TEXT
 8
TEXTO_NUDOS
 6
CONTINUOUS
 62
30
10
20.402225
20
32.643101
30
0
11
20.402225
21
32.643101
31
0
 1

 7
ROMANS
 40
0.06
 41
1
 50
0
 72
2
 73
2
 0
INSERT
 8
UNIFILAR
 6
CONTINUOUS
 62
30
 2
NUDO_DERIVACION_GAS
10
20.126264
20
32.443467
30
0
41
0.035
42
0.035
43
1
 50
0
 0
TEXT
 8
TEXTO_NUDOS
 6
CONTINUOUS
 62
30
10
20.126264
20
32.509717
30
0
11
20.126264
21
32.509717
31
0
 1
108
 7
ROMANS
 40
0.06
 41
1
 50
0
 72
1
 73
0
 0
INSERT
 8
UNIFILAR
 6
CONTINUOUS
 62
30
 2
APARATO_GAS
10
20.385025
20
32.008196
30
0
41
0.08
42
0.08
43
1
 50
0
 0
TEXT
 8
TEXTO_NUDOS
 6
CONTINUOUS
 62
30
10
20.385025
20
32.138196
30
0
11
20.385025
21
32.138196
31
0
 1
109
 7
ROMANS
 40
0.06
 41
1
 50
0
 72
1
 73
0
 0
INSERT
 8
UNIFILAR
 6
CONTINUOUS
 62
30
 2
APARATO_GAS
10
22.96585
20
31.646964
30
0
41
0.08
42
0.08
43
1
 50
0
 0
TEXT
 8
TEXTO_NUDOS
 6
CONTINUOUS
 62
30
10
22.96585
20
31.776964
30
0
11
22.96585
21
31.776964
31
0
 1
112
 7
ROMANS
 40
0.06
 41
1
 50
0
 72
1
 73
0
 0
INSERT
 8
UNIFILAR
 6
CONTINUOUS
 62
30
 2
TOMA_PRESION_GAS
10
24.357985
20
31.353101
30
0
41
1
42
1
43
1
 50
0
 0
TEXT
 8
TEXTO_NUDOS
 6
CONTINUOUS
 62
30
10
24.291785
20
31.353101
30
0
11
24.291785
21
31.353101
31
0
 1
106
 7
ROMANS
 40
0.06
 41
1
 50
0
 72
2
 73
2
 0
INSERT
 8
UNIFILAR
 6
CONTINUOUS
 62
30
 2
NUDO_DERIVACION_GAS
10
25.346424
20
31.01317
30
0
41
0.035
42
0.035
43
1
 50
0
 0
TEXT
 8
TEXTO_NUDOS
 6
CONTINUOUS
 62
30
10
25.346424
20
31.07942
30
0
11
25.346424
21
31.07942
31
0
 1
102
 7
ROMANS
 40
0.06
 41
1
 50
0
 72
1
 73
0
 0
INSERT
 8
UNIFILAR
 6
CONTINUOUS
 62
30
 2
NUDO_DERIVACION_GAS
10
25.038796
20
31.015494
30
0
41
0.035
42
0.035
43
1
 50
0
 0
TEXT
 8
TEXTO_NUDOS
 6
CONTINUOUS
 62
30
10
24.972546
20
31.015494
30
0
11
24.972546
21
31.015494
31
0
 1
103
 7
ROMANS
 40
0.06
 41
1
 50
0
 72
2
 73
2
 0
INSERT
 8
UNIFILAR
 6
CONTINUOUS
 62
30
 2
NUDO_DERIVACION_GAS
10
25.040901
20
31.353779
30
0
41
0.035
42
0.035
43
1
 50
0
 0
TEXT
 8
TEXTO_NUDOS
 6
CONTINUOUS
 62
30
10
25.040901
20
31.420029
30
0
11
25.040901
21
31.420029
31
0
 1
104
 7
ROMANS
 40
0.06
 41
1
 50
0
 72
1
 73
0
 0
INSERT
 8
UNIFILAR
 6
CONTINUOUS
 62
30
 2
NUDO_DERIVACION_GAS
10
19.844244
20
32.272105
30
0
41
0.035
42
0.035
43
1
 50
0
 0
TEXT
 8
TEXTO_NUDOS
 6
CONTINUOUS
 62
30
10
19.844244
20
32.338355
30
0
11
19.844244
21
32.338355
31
0
 1
110
 7
ROMANS
 40
0.06
 41
1
 50
0
 72
1
 73
0
 0
INSERT
 8
UNIFILAR
 6
CONTINUOUS
 62
30
 2
APARATO_GAS
10
20.10807
20
31.845656
30
0
41
0.08
42
0.08
43
1
 50
0
 0
TEXT
 8
TEXTO_NUDOS
 6
CONTINUOUS
 62
30
10
20.10807
20
31.975656
30
0
11
20.10807
21
31.975656
31
0
 1
111
 7
ROMANS
 40
0.06
 41
1
 50
0
 72
1
 73
0
 0
LINE
 8
UNIFILAR
 6
CONTINUOUS
 62
30
10
26.254752
20
27.577128
30
0
11
26.169554
21
27.579854
31
0
 0
TEXT
 8
TEXTO_RAMAS
 6
CONTINUOUS
 62
30
10
26.225751
20
27.593064
30
0
11
26.225751
21
27.593064
31
0
 1
21 Ø20x22
 7
ROMANS
 40
0.06
 41
1
 50
358.167196
 72
1
 73
0
 0
TEXT
 8
TEXTO_RAMAS
 6
CONTINUOUS
 62
30
10
26.224791
20
27.563079
30
0
11
26.224791
21
27.563079
31
0
 1
Cobre
 7
ROMANS
 40
0.06
 41
1
 50
358.167196
 72
1
 73
3
 0
LINE
 8
UNIFILAR
 6
CONTINUOUS
 62
30
10
26.274798
20
27.56248
30
0
11
26.225271
21
27.578072
31
0
 0
LINE
 8
UNIFILAR
 6
CONTINUOUS
 62
30
10
26.275693
20
27.590465
30
0
11
26.225271
21
27.578072
31
0
 0
INSERT
 8
UNIFILAR
 6
CONTINUOUS
 62
30
 2
LLAVE_PASO_GAS
10
26.023509
20
27.580694
30
0
41
0.0375
42
0.0375
43
1
 50
180
 0
LINE
 8
UNIFILAR
 6
CONTINUOUS
 62
30
10
26.117067
20
27.580694
30
0
11
26.079759
21
27.580694
31
0
 0
LINE
 8
UNIFILAR
 6
CONTINUOUS
 62
30
10
25.967259
20
27.580694
30
0
11
25.92995
21
27.580694
31
0
 0
TEXT
 8
TEXTO_RAMAS
 6
CONTINUOUS
 62
30
10
26.023509
20
27.651944
30
0
11
26.023509
21
27.651944
31
0
 1
Ø3/4"
 7
ROMANS
 40
0.06
 41
1
 50
0
 72
1
 73
0
 0
TEXT
 8
TEXTO_RAMAS
 6
CONTINUOUS
 62
30
10
26.023509
20
27.509444
30
0
11
26.023509
21
27.509444
31
0
 1

 7
ROMANS
 40
0.06
 41
1
 50
0
 72
1
 73
3
 0
INSERT
 8
UNIFILAR
 6
CONTINUOUS
 62
30
 2
VALVULA_REG_PRESION_GAS
10
25.764997
20
27.580694
30
0
41
0.0375
42
0.0375
43
1
 50
180
 0
LINE
 8
UNIFILAR
 6
CONTINUOUS
 62
30
10
25.87745
20
27.580694
30
0
11
25.821247
21
27.580694
31
0
 0
LINE
 8
UNIFILAR
 6
CONTINUOUS
 62
30
10
25.708747
20
27.580694
30
0
11
25.652543
21
27.580694
31
0
 0
TEXT
 8
TEXTO_RAMAS
 6
CONTINUOUS
 62
30
10
25.764997
20
27.637881
30
0
11
25.764997
21
27.637881
31
0
 1

 7
ROMANS
 40
0.06
 41
1
 50
0
 72
1
 73
0
 0
TEXT
 8
TEXTO_RAMAS
 6
CONTINUOUS
 62
30
10
25.764997
20
27.523506
30
0
11
25.764997
21
27.523506
31
0
 1

 7
ROMANS
 40
0.06
 41
1
 50
0
 72
1
 73
3
 0
LINE
 8
UNIFILAR
 6
CONTINUOUS
 62
30
10
24.343001
20
27.42342
30
0
11
22.993475
21
27.426658
31
0
 0
LINE
 8
UNIFILAR
 6
CONTINUOUS
 62
30
10
24.357987
20
27.271649
30
0
11
24.358
21
27.408384
31
0
 0
TEXT
 8
TEXTO_RAMAS
 6
CONTINUOUS
 62
30
10
23.662649
20
27.440052
30
0
11
23.662649
21
27.440052
31
0
 1
29 Ø20x2
 7
ROMANS
 40
0.06
 41
1
 50
359.862541
 72
1
 73
0
 0
TEXT
 8
TEXTO_RAMAS
 6
CONTINUOUS
 62
30
10
23.662577
20
27.410052
30
0
11
23.662577
21
27.410052
31
0
 1
P/Al/PEX
 7
ROMANS
 40
0.06
 41
1
 50
359.862541
 72
1
 73
3
 0
LINE
 8
UNIFILAR
 6
CONTINUOUS
 62
30
10
23.712579
20
27.410932
30
0
11
23.662613
21
27.425052
31
0
 0
LINE
 8
UNIFILAR
 6
CONTINUOUS
 62
30
10
23.712647
20
27.438932
30
0
11
23.662613
21
27.425052
31
0
 0
LINE
 8
UNIFILAR
 6
CONTINUOUS
 62
30
10
22.940975
20
27.426713
30
0
11
22.432225
21
27.426571
31
0
 0
LINE
 8
UNIFILAR
 6
CONTINUOUS
 62
30
10
22.417225
20
27.411567
30
0
11
22.417225
21
24.770449
31
0
 0
LINE
 8
UNIFILAR
 6
CONTINUOUS
 62
30
10
22.402225
20
24.755449
30
0
11
20.472225
21
24.755449
31
0
 0
LINE
 8
UNIFILAR
 6
CONTINUOUS
 62
30
10
20.457225
20
24.770449
30
0
11
20.457225
21
25.940449
31
0
 0
LINE
 8
UNIFILAR
 6
CONTINUOUS
 62
30
10
20.444381
20
25.963197
30
0
11
20.148741
21
26.141525
31
0
 0
TEXT
 8
TEXTO_RAMAS
 6
CONTINUOUS
 62
30
10
21.437225
20
24.770449
30
0
11
21.437225
21
24.770449
31
0
 1
30 Ø20x2
 7
ROMANS
 40
0.06
 41
1
 50
0
 72
1
 73
0
 0
TEXT
 8
TEXTO_RAMAS
 6
CONTINUOUS
 62
30
10
21.437225
20
24.740449
30
0
11
21.437225
21
24.740449
31
0
 1
P/Al/PEX
 7
ROMANS
 40
0.06
 41
1
 50
0
 72
1
 73
3
 0
LINE
 8
UNIFILAR
 6
CONTINUOUS
 62
30
10
21.487225
20
24.741449
30
0
11
21.437225
21
24.755449
31
0
 0
LINE
 8
UNIFILAR
 6
CONTINUOUS
 62
30
10
21.487225
20
24.769449
30
0
11
21.437225
21
24.755449
31
0
 0
INSERT
 8
UNIFILAR
 6
CONTINUOUS
 62
30
 2
LLAVE_PASO_GAS
10
20.255645
20
26.372719
30
0
41
0.0375
42
0.0375
43
1
 50
59.269241
 0
LINE
 8
UNIFILAR
 6
CONTINUOUS
 62
30
10
20.139678
20
26.177647
30
0
11
20.226901
21
26.324367
31
0
 0
LINE
 8
UNIFILAR
 6
CONTINUOUS
 62
30
10
20.284389
20
26.42107
30
0
11
20.331522
21
26.500354
31
0
 0
TEXT
 8
TEXTO_RAMAS
 6
CONTINUOUS
 62
30
10
20.1944
20
26.409128
30
0
11
20.1944
21
26.409128
31
0
 1
Ø1/2"
 7
ROMANS
 40
0.06
 41
1
 50
59.269241
 72
1
 73
0
 0
TEXT
 8
TEXTO_RAMAS
 6
CONTINUOUS
 62
30
10
20.31689
20
26.336309
30
0
11
20.31689
21
26.336309
31
0
 1

 7
ROMANS
 40
0.06
 41
1
 50
59.269241
 72
1
 73
3
 0
INSERT
 8
UNIFILAR
 6
CONTINUOUS
 62
30
 2
LLAVE_PASO_GAS
10
22.966538
20
27.189153
30
0
41
0.0375
42
0.0375
43
1
 50
269.834212
 0
LINE
 8
UNIFILAR
 6
CONTINUOUS
 62
30
10
22.967149
20
27.400471
30
0
11
22.966701
21
27.245403
31
0
 0
LINE
 8
UNIFILAR
 6
CONTINUOUS
 62
30
10
22.966375
20
27.132903
30
0
11
22.966111
21
27.041585
31
0
 0
TEXT
 8
TEXTO_RAMAS
 6
CONTINUOUS
 62
30
10
22.895288
20
27.189359
30
0
11
22.895288
21
27.189359
31
0
 1
Ø1/2"
 7
ROMANS
 40
0.06
 41
1
 50
89.834212
 72
1
 73
0
 0
TEXT
 8
TEXTO_RAMAS
 6
CONTINUOUS
 62
30
10
23.037788
20
27.188947
30
0
11
23.037788
21
27.188947
31
0
 1

 7
ROMANS
 40
0.06
 41
1
 50
89.834212
 72
1
 73
3
 0
LINE
 8
UNIFILAR
 6
CONTINUOUS
 62
30
10
24.512987
20
27.245449
30
0
11
24.384185
21
27.245449
31
0
 0
TEXT
 8
TEXTO_RAMAS
 6
CONTINUOUS
 62
30
10
24.480486
20
27.260449
30
0
11
24.480486
21
27.260449
31
0
 1
28 Ø20x2
 7
ROMANS
 40
0.06
 41
1
 50
0
 72
1
 73
0
 0
TEXT
 8
TEXTO_RAMAS
 6
CONTINUOUS
 62
30
10
24.480486
20
27.230449
30
0
11
24.480486
21
27.230449
31
0
 1
P/Al/PEX
 7
ROMANS
 40
0.06
 41
1
 50
0
 72
1
 73
3
 0
LINE
 8
UNIFILAR
 6
CONTINUOUS
 62
30
10
24.530486
20
27.231449
30
0
11
24.480486
21
27.245449
31
0
 0
LINE
 8
UNIFILAR
 6
CONTINUOUS
 62
30
10
24.530486
20
27.259449
30
0
11
24.480486
21
27.245449
31
0
 0
INSERT
 8
UNIFILAR
 6
CONTINUOUS
 62
30
 2
CONTADOR_GAS
10
25.486339
20
27.580694
30
0
41
0.0565
42
0.0565
43
1
 50
180
 0
LINE
 8
UNIFILAR
 6
CONTINUOUS
 62
30
10
25.600043
20
27.580694
30
0
11
25.549902
21
27.580694
31
0
 0
LINE
 8
UNIFILAR
 6
CONTINUOUS
 62
30
10
25.422777
20
27.580694
30
0
11
25.372635
21
27.580694
31
0
 0
TEXT
 8
TEXTO_RAMAS
 6
CONTINUOUS
 62
30
10
25.486339
20
27.659256
30
0
11
25.486339
21
27.659256
31
0
 1

 7
ROMANS
 40
0.06
 41
1
 50
0
 72
1
 73
0
 0
TEXT
 8
TEXTO_RAMAS
 6
CONTINUOUS
 62
30
10
25.486339
20
27.502131
30
0
11
25.486339
21
27.502131
31
0
 1

 7
ROMANS
 40
0.06
 41
1
 50
0
 72
1
 73
3
 0
INSERT
 8
UNIFILAR
 6
CONTINUOUS
 62
30
 2
LLAVE_PASO_GAS
10
25.192586
20
27.580694
30
0
41
0.0375
42
0.0375
43
1
 50
180
 0
LINE
 8
UNIFILAR
 6
CONTINUOUS
 62
30
10
25.320135
20
27.580694
30
0
11
25.248836
21
27.580694
31
0
 0
LINE
 8
UNIFILAR
 6
CONTINUOUS
 62
30
10
25.136336
20
27.580694
30
0
11
25.065037
21
27.580694
31
0
 0
TEXT
 8
TEXTO_RAMAS
 6
CONTINUOUS
 62
30
10
25.192586
20
27.651944
30
0
11
25.192586
21
27.651944
31
0
 1
Ø3/4"
 7
ROMANS
 40
0.06
 41
1
 50
0
 72
1
 73
0
 0
TEXT
 8
TEXTO_RAMAS
 6
CONTINUOUS
 62
30
10
25.192586
20
27.509444
30
0
11
25.192586
21
27.509444
31
0
 1

 7
ROMANS
 40
0.06
 41
1
 50
0
 72
1
 73
3
 0
LINE
 8
UNIFILAR
 6
CONTINUOUS
 62
30
10
25.038787
20
27.554444
30
0
11
25.038787
21
27.271014
31
0
 0
TEXT
 8
TEXTO_RAMAS
 6
CONTINUOUS
 62
30
10
25.023787
20
27.412729
30
0
11
25.023787
21
27.412729
31
0
 1
26 Ø20x22
 7
ROMANS
 40
0.06
 41
1
 50
90
 72
1
 73
0
 0
TEXT
 8
TEXTO_RAMAS
 6
CONTINUOUS
 62
30
10
25.053787
20
27.412729
30
0
11
25.053787
21
27.412729
31
0
 1
Cobre
 7
ROMANS
 40
0.06
 41
1
 50
90
 72
1
 73
3
 0
LINE
 8
UNIFILAR
 6
CONTINUOUS
 62
30
10
25.052787
20
27.462729
30
0
11
25.038787
21
27.412729
31
0
 0
LINE
 8
UNIFILAR
 6
CONTINUOUS
 62
30
10
25.024787
20
27.462729
30
0
11
25.038787
21
27.412729
31
0
 0
INSERT
 8
UNIFILAR
 6
CONTINUOUS
 62
30
 2
LLAVE_PASO_GAS
10
24.820887
20
27.245107
30
0
41
0.0375
42
0.0375
43
1
 50
179.909987
 0
LINE
 8
UNIFILAR
 6
CONTINUOUS
 62
30
10
25.012537
20
27.244806
30
0
11
24.877137
21
27.245018
31
0
 0
LINE
 8
UNIFILAR
 6
CONTINUOUS
 62
30
10
24.764637
20
27.245195
30
0
11
24.692987
21
27.245308
31
0
 0
TEXT
 8
TEXTO_RAMAS
 6
CONTINUOUS
 62
30
10
24.820999
20
27.316357
30
0
11
24.820999
21
27.316357
31
0
 1
Ø3/4"
 7
ROMANS
 40
0.06
 41
1
 50
359.909987
 72
1
 73
0
 0
TEXT
 8
TEXTO_RAMAS
 6
CONTINUOUS
 62
30
10
24.820775
20
27.173857
30
0
11
24.820775
21
27.173857
31
0
 1

 7
ROMANS
 40
0.06
 41
1
 50
359.909987
 72
1
 73
3
 0
LINE
 8
UNIFILAR
 6
CONTINUOUS
 62
30
10
20.103831
20
26.168714
30
0
11
19.866678
21
26.312814
31
0
 0
TEXT
 8
TEXTO_RAMAS
 6
CONTINUOUS
 62
30
10
19.993043
20
26.253583
30
0
11
19.993043
21
26.253583
31
0
 1
32 Ø16x2
 7
ROMANS
 40
0.06
 41
1
 50
328.716093
 72
1
 73
0
 0
TEXT
 8
TEXTO_RAMAS
 6
CONTINUOUS
 62
30
10
19.977465
20
26.227945
30
0
11
19.977465
21
26.227945
31
0
 1
P/Al/PEX
 7
ROMANS
 40
0.06
 41
1
 50
328.716093
 72
1
 73
3
 0
LINE
 8
UNIFILAR
 6
CONTINUOUS
 62
30
10
20.020714
20
26.202836
30
0
11
19.985254
21
26.240764
31
0
 0
LINE
 8
UNIFILAR
 6
CONTINUOUS
 62
30
10
20.035254
20
26.226764
30
0
11
19.985254
21
26.240764
31
0
 0
INSERT
 8
UNIFILAR
 6
CONTINUOUS
 62
30
 2
LLAVE_PASO_GAS
10
19.976157
20
26.53967
30
0
41
0.0375
42
0.0375
43
1
 50
58.256744
 0
LINE
 8
UNIFILAR
 6
CONTINUOUS
 62
30
10
19.858055
20
26.348768
30
0
11
19.946563
21
26.491834
31
0
 0
LINE
 8
UNIFILAR
 6
CONTINUOUS
 62
30
10
20.005751
20
26.587505
30
0
11
20.052391
21
26.662894
31
0
 0
TEXT
 8
TEXTO_RAMAS
 6
CONTINUOUS
 62
30
10
19.915565
20
26.577155
30
0
11
19.915565
21
26.577155
31
0
 1
Ø3/8"
 7
ROMANS
 40
0.06
 41
1
 50
58.256744
 72
1
 73
0
 0
TEXT
 8
TEXTO_RAMAS
 6
CONTINUOUS
 62
30
10
20.036749
20
26.502184
30
0
11
20.036749
21
26.502184
31
0
 1

 7
ROMANS
 40
0.06
 41
1
 50
58.256744
 72
1
 73
3
 0
LINE
 8
UNIFILAR
 6
CONTINUOUS
 62
30
10
26.254752
20
31.021422
30
0
11
26.169554
21
31.018696
31
0
 0
TEXT
 8
TEXTO_RAMAS
 6
CONTINUOUS
 62
30
10
26.224791
20
31.035471
30
0
11
26.224791
21
31.035471
31
0
 1
98 Ø20x22
 7
ROMANS
 40
0.06
 41
1
 50
1.832804
 72
1
 73
0
 0
TEXT
 8
TEXTO_RAMAS
 6
CONTINUOUS
 62
30
10
26.225751
20
31.005486
30
0
11
26.225751
21
31.005486
31
0
 1
Cobre
 7
ROMANS
 40
0.06
 41
1
 50
1.832804
 72
1
 73
3
 0
LINE
 8
UNIFILAR
 6
CONTINUOUS
 62
30
10
26.275693
20
31.008085
30
0
11
26.225271
21
31.020478
31
0
 0
LINE
 8
UNIFILAR
 6
CONTINUOUS
 62
30
10
26.274798
20
31.03607
30
0
11
26.225271
21
31.020478
31
0
 0
INSERT
 8
UNIFILAR
 6
CONTINUOUS
 62
30
 2
LLAVE_PASO_GAS
10
26.023509
20
31.018251
30
0
41
0.0375
42
0.0375
43
1
 50
179.811089
 0
LINE
 8
UNIFILAR
 6
CONTINUOUS
 62
30
10
26.117067
20
31.017943
30
0
11
26.079759
21
31.018066
31
0
 0
LINE
 8
UNIFILAR
 6
CONTINUOUS
 62
30
10
25.96726
20
31.018436
30
0
11
25.929951
21
31.018559
31
0
 0
TEXT
 8
TEXTO_RAMAS
 6
CONTINUOUS
 62
30
10
26.023744
20
31.089501
30
0
11
26.023744
21
31.089501
31
0
 1
Ø3/4"
 7
ROMANS
 40
0.06
 41
1
 50
359.811089
 72
1
 73
0
 0
TEXT
 8
TEXTO_RAMAS
 6
CONTINUOUS
 62
30
10
26.023274
20
30.947001
30
0
11
26.023274
21
30.947001
31
0
 1

 7
ROMANS
 40
0.06
 41
1
 50
359.811089
 72
1
 73
3
 0
INSERT
 8
UNIFILAR
 6
CONTINUOUS
 62
30
 2
VALVULA_REG_PRESION_GAS
10
25.764999
20
31.017556
30
0
41
0.0375
42
0.0375
43
1
 50
180.45019
 0
LINE
 8
UNIFILAR
 6
CONTINUOUS
 62
30
10
25.877452
20
31.01844
30
0
11
25.821247
21
31.017998
31
0
 0
LINE
 8
UNIFILAR
 6
CONTINUOUS
 62
30
10
25.708751
20
31.017114
30
0
11
25.652546
21
31.016673
31
0
 0
TEXT
 8
TEXTO_RAMAS
 6
CONTINUOUS
 62
30
10
25.76455
20
31.074742
30
0
11
25.76455
21
31.074742
31
0
 1

 7
ROMANS
 40
0.06
 41
1
 50
0.45019
 72
1
 73
0
 0
TEXT
 8
TEXTO_RAMAS
 6
CONTINUOUS
 62
30
10
25.765448
20
30.96037
30
0
11
25.765448
21
30.96037
31
0
 1

 7
ROMANS
 40
0.06
 41
1
 50
0.45019
 72
1
 73
3
 0
LINE
 8
UNIFILAR
 6
CONTINUOUS
 62
30
10
24.343001
20
31.17513
30
0
11
22.993475
21
31.171892
31
0
 0
LINE
 8
UNIFILAR
 6
CONTINUOUS
 62
30
10
24.357987
20
31.326901
30
0
11
24.358
21
31.190166
31
0
 0
TEXT
 8
TEXTO_RAMAS
 6
CONTINUOUS
 62
30
10
23.662577
20
31.188498
30
0
11
23.662577
21
31.188498
31
0
 1
106 Ø20x2
 7
ROMANS
 40
0.06
 41
1
 50
0.137459
 72
1
 73
0
 0
TEXT
 8
TEXTO_RAMAS
 6
CONTINUOUS
 62
30
10
23.662649
20
31.158498
30
0
11
23.662649
21
31.158498
31
0
 1
P/Al/PEX
 7
ROMANS
 40
0.06
 41
1
 50
0.137459
 72
1
 73
3
 0
LINE
 8
UNIFILAR
 6
CONTINUOUS
 62
30
10
23.712647
20
31.159618
30
0
11
23.662613
21
31.173498
31
0
 0
LINE
 8
UNIFILAR
 6
CONTINUOUS
 62
30
10
23.712579
20
31.187618
30
0
11
23.662613
21
31.173498
31
0
 0
LINE
 8
UNIFILAR
 6
CONTINUOUS
 62
30
10
22.940975
20
31.171837
30
0
11
22.432225
21
31.171979
31
0
 0
LINE
 8
UNIFILAR
 6
CONTINUOUS
 62
30
10
22.417225
20
31.186983
30
0
11
22.417225
21
33.828101
31
0
 0
LINE
 8
UNIFILAR
 6
CONTINUOUS
 62
30
10
22.402225
20
33.843101
30
0
11
20.472225
21
33.843101
31
0
 0
LINE
 8
UNIFILAR
 6
CONTINUOUS
 62
30
10
20.457225
20
33.828101
30
0
11
20.457225
21
32.658101
31
0
 0
LINE
 8
UNIFILAR
 6
CONTINUOUS
 62
30
10
20.444381
20
32.635353
30
0
11
20.148741
21
32.457025
31
0
 0
TEXT
 8
TEXTO_RAMAS
 6
CONTINUOUS
 62
30
10
21.437225
20
33.858101
30
0
11
21.437225
21
33.858101
31
0
 1
107 Ø20x2
 7
ROMANS
 40
0.06
 41
1
 50
0
 72
1
 73
0
 0
TEXT
 8
TEXTO_RAMAS
 6
CONTINUOUS
 62
30
10
21.437225
20
33.828101
30
0
11
21.437225
21
33.828101
31
0
 1
P/Al/PEX
 7
ROMANS
 40
0.06
 41
1
 50
0
 72
1
 73
3
 0
LINE
 8
UNIFILAR
 6
CONTINUOUS
 62
30
10
21.487225
20
33.829101
30
0
11
21.437225
21
33.843101
31
0
 0
LINE
 8
UNIFILAR
 6
CONTINUOUS
 62
30
10
21.487225
20
33.857101
30
0
11
21.437225
21
33.843101
31
0
 0
INSERT
 8
UNIFILAR
 6
CONTINUOUS
 62
30
 2
LLAVE_PASO_GAS
10
20.255645
20
32.225831
30
0
41
0.0375
42
0.0375
43
1
 50
300.730759
 0
LINE
 8
UNIFILAR
 6
CONTINUOUS
 62
30
10
20.139678
20
32.420903
30
0
11
20.226901
21
32.274183
31
0
 0
LINE
 8
UNIFILAR
 6
CONTINUOUS
 62
30
10
20.284389
20
32.17748
30
0
11
20.331522
21
32.098196
31
0
 0
TEXT
 8
TEXTO_RAMAS
 6
CONTINUOUS
 62
30
10
20.31689
20
32.26224
30
0
11
20.31689
21
32.26224
31
0
 1
Ø1/2"
 7
ROMANS
 40
0.06
 41
1
 50
300.730759
 72
1
 73
0
 0
TEXT
 8
TEXTO_RAMAS
 6
CONTINUOUS
 62
30
10
20.1944
20
32.189422
30
0
11
20.1944
21
32.189422
31
0
 1

 7
ROMANS
 40
0.06
 41
1
 50
300.730759
 72
1
 73
3
 0
INSERT
 8
UNIFILAR
 6
CONTINUOUS
 62
30
 2
LLAVE_PASO_GAS
10
22.966538
20
31.409397
30
0
41
0.0375
42
0.0375
43
1
 50
90.165788
 0
LINE
 8
UNIFILAR
 6
CONTINUOUS
 62
30
10
22.967149
20
31.198079
30
0
11
22.966701
21
31.353147
31
0
 0
LINE
 8
UNIFILAR
 6
CONTINUOUS
 62
30
10
22.966375
20
31.465647
30
0
11
22.966111
21
31.556964
31
0
 0
TEXT
 8
TEXTO_RAMAS
 6
CONTINUOUS
 62
30
10
23.037788
20
31.409603
30
0
11
23.037788
21
31.409603
31
0
 1
Ø1/2"
 7
ROMANS
 40
0.06
 41
1
 50
270.165788
 72
1
 73
0
 0
TEXT
 8
TEXTO_RAMAS
 6
CONTINUOUS
 62
30
10
22.895288
20
31.409191
30
0
11
22.895288
21
31.409191
31
0
 1

 7
ROMANS
 40
0.06
 41
1
 50
270.165788
 72
1
 73
3
 0
LINE
 8
UNIFILAR
 6
CONTINUOUS
 62
30
10
24.512987
20
31.353101
30
0
11
24.384185
21
31.353101
31
0
 0
TEXT
 8
TEXTO_RAMAS
 6
CONTINUOUS
 62
30
10
24.480486
20
31.368101
30
0
11
24.480486
21
31.368101
31
0
 1
105 Ø20x2
 7
ROMANS
 40
0.06
 41
1
 50
0
 72
1
 73
0
 0
TEXT
 8
TEXTO_RAMAS
 6
CONTINUOUS
 62
30
10
24.480486
20
31.338101
30
0
11
24.480486
21
31.338101
31
0
 1
P/Al/PEX
 7
ROMANS
 40
0.06
 41
1
 50
0
 72
1
 73
3
 0
LINE
 8
UNIFILAR
 6
CONTINUOUS
 62
30
10
24.530486
20
31.339101
30
0
11
24.480486
21
31.353101
31
0
 0
LINE
 8
UNIFILAR
 6
CONTINUOUS
 62
30
10
24.530486
20
31.367101
30
0
11
24.480486
21
31.353101
31
0
 0
INSERT
 8
UNIFILAR
 6
CONTINUOUS
 62
30
 2
CONTADOR_GAS
10
25.48636
20
31.014818
30
0
41
0.0565
42
0.0565
43
1
 50
180.674776
 0
LINE
 8
UNIFILAR
 6
CONTINUOUS
 62
30
10
25.600049
20
31.016157
30
0
11
25.549918
21
31.015567
31
0
 0
LINE
 8
UNIFILAR
 6
CONTINUOUS
 62
30
10
25.422802
20
31.01407
30
0
11
25.372672
21
31.013479
31
0
 0
TEXT
 8
TEXTO_RAMAS
 6
CONTINUOUS
 62
30
10
25.485435
20
31.093375
30
0
11
25.485435
21
31.093375
31
0
 1

 7
ROMANS
 40
0.06
 41
1
 50
0.674776
 72
1
 73
0
 0
TEXT
 8
TEXTO_RAMAS
 6
CONTINUOUS
 62
30
10
25.487286
20
30.936261
30
0
11
25.487286
21
30.936261
31
0
 1

 7
ROMANS
 40
0.06
 41
1
 50
0.674776
 72
1
 73
3
 0
INSERT
 8
UNIFILAR
 6
CONTINUOUS
 62
30
 2
LLAVE_PASO_GAS
10
25.19261
20
31.014332
30
0
41
0.0375
42
0.0375
43
1
 50
179.567205
 0
LINE
 8
UNIFILAR
 6
CONTINUOUS
 62
30
10
25.320175
20
31.013368
30
0
11
25.248858
21
31.013907
31
0
 0
LINE
 8
UNIFILAR
 6
CONTINUOUS
 62
30
10
25.136361
20
31.014757
30
0
11
25.065045
21
31.015296
31
0
 0
TEXT
 8
TEXTO_RAMAS
 6
CONTINUOUS
 62
30
10
25.193148
20
31.08558
30
0
11
25.193148
21
31.08558
31
0
 1
Ø3/4"
 7
ROMANS
 40
0.06
 41
1
 50
359.567205
 72
1
 73
0
 0
TEXT
 8
TEXTO_RAMAS
 6
CONTINUOUS
 62
30
10
25.192072
20
30.943084
30
0
11
25.192072
21
30.943084
31
0
 1

 7
ROMANS
 40
0.06
 41
1
 50
359.567205
 72
1
 73
3
 0
LINE
 8
UNIFILAR
 6
CONTINUOUS
 62
30
10
25.038959
20
31.041743
30
0
11
25.040737
21
31.327529
31
0
 0
TEXT
 8
TEXTO_RAMAS
 6
CONTINUOUS
 62
30
10
25.024848
20
31.18473
30
0
11
25.024848
21
31.18473
31
0
 1
103 Ø20x22
 7
ROMANS
 40
0.06
 41
1
 50
89.643509
 72
1
 73
0
 0
TEXT
 8
TEXTO_RAMAS
 6
CONTINUOUS
 62
30
10
25.054848
20
31.184543
30
0
11
25.054848
21
31.184543
31
0
 1
Cobre
 7
ROMANS
 40
0.06
 41
1
 50
89.643509
 72
1
 73
3
 0
LINE
 8
UNIFILAR
 6
CONTINUOUS
 62
30
10
25.025537
20
31.134724
30
0
11
25.039848
21
31.184636
31
0
 0
LINE
 8
UNIFILAR
 6
CONTINUOUS
 62
30
10
25.053537
20
31.13455
30
0
11
25.039848
21
31.184636
31
0
 0
INSERT
 8
UNIFILAR
 6
CONTINUOUS
 62
30
 2
LLAVE_PASO_GAS
10
24.821944
20
31.35344
30
0
41
0.0375
42
0.0375
43
1
 50
180.088708
 0
LINE
 8
UNIFILAR
 6
CONTINUOUS
 62
30
10
25.014651
20
31.353738
30
0
11
24.878193
21
31.353527
31
0
 0
LINE
 8
UNIFILAR
 6
CONTINUOUS
 62
30
10
24.765694
20
31.353353
30
0
11
24.692987
21
31.35324
31
0
 0
TEXT
 8
TEXTO_RAMAS
 6
CONTINUOUS
 62
30
10
24.821833
20
31.42469
30
0
11
24.821833
21
31.42469
31
0
 1
Ø3/4"
 7
ROMANS
 40
0.06
 41
1
 50
0.088708
 72
1
 73
0
 0
TEXT
 8
TEXTO_RAMAS
 6
CONTINUOUS
 62
30
10
24.822054
20
31.28219
30
0
11
24.822054
21
31.28219
31
0
 1

 7
ROMANS
 40
0.06
 41
1
 50
0.088708
 72
1
 73
3
 0
LINE
 8
UNIFILAR
 6
CONTINUOUS
 62
30
10
20.103831
20
32.429836
30
0
11
19.866678
21
32.285736
31
0
 0
TEXT
 8
TEXTO_RAMAS
 6
CONTINUOUS
 62
30
10
19.977465
20
32.370605
30
0
11
19.977465
21
32.370605
31
0
 1
109 Ø16x2
 7
ROMANS
 40
0.06
 41
1
 50
31.283907
 72
1
 73
0
 0
TEXT
 8
TEXTO_RAMAS
 6
CONTINUOUS
 62
30
10
19.993043
20
32.344967
30
0
11
19.993043
21
32.344967
31
0
 1
P/Al/PEX
 7
ROMANS
 40
0.06
 41
1
 50
31.283907
 72
1
 73
3
 0
LINE
 8
UNIFILAR
 6
CONTINUOUS
 62
30
10
20.035254
20
32.371785
30
0
11
19.985254
21
32.357786
31
0
 0
LINE
 8
UNIFILAR
 6
CONTINUOUS
 62
30
10
20.020714
20
32.395714
30
0
11
19.985254
21
32.357786
31
0
 0
INSERT
 8
UNIFILAR
 6
CONTINUOUS
 62
30
 2
LLAVE_PASO_GAS
10
19.976157
20
32.05888
30
0
41
0.0375
42
0.0375
43
1
 50
301.743256
 0
LINE
 8
UNIFILAR
 6
CONTINUOUS
 62
30
10
19.858055
20
32.249782
30
0
11
19.946563
21
32.106716
31
0
 0
LINE
 8
UNIFILAR
 6
CONTINUOUS
 62
30
10
20.005751
20
32.011045
30
0
11
20.052391
21
31.935656
31
0
 0
TEXT
 8
TEXTO_RAMAS
 6
CONTINUOUS
 62
30
10
20.036749
20
32.096366
30
0
11
20.036749
21
32.096366
31
0
 1
Ø3/8"
 7
ROMANS
 40
0.06
 41
1
 50
301.743256
 72
1
 73
0
 0
TEXT
 8
TEXTO_RAMAS
 6
CONTINUOUS
 62
30
10
19.915565
20
32.021395
30
0
11
19.915565
21
32.021395
31
0
 1

 7
ROMANS
 40
0.06
 41
1
 50
301.743256
 72
1
 73
3
 0
TEXT
 8
0
 6
CONTINUOUS
 62
7
10
23.111181
20
23.655449
30
0
11
23.111181
21
23.655449
31
0
 1
Planta  Segunda
 7
ROMANS
 40
0.3
 41
1
 50
0
 72
1
 73
0
 0
INSERT
 8
UNIFILAR
 6
CONTINUOUS
 62
30
 2
CONEXION_PLANTAS_GAS
10
26.306876
20
38.918101
30
0
41
0.035
42
0.035
43
1
 50
0
 0
TEXT
 8
TEXTO_NUDOS
 6
CONTINUOUS
 62
30
10
26.306876
20
39.010601
30
0
11
26.306876
21
39.010601
31
0
 1
36
 7
ROMANS
 40
0.06
 41
1
 50
0
 72
1
 73
0
 0
INSERT
 8
UNIFILAR
 6
CONTINUOUS
 62
30
 2
NUDO_DERIVACION_GAS
10
26.142884
20
38.918101
30
0
41
0.035
42
0.035
43
1
 50
0
 0
TEXT
 8
TEXTO_NUDOS
 6
CONTINUOUS
 62
30
10
26.142884
20
38.984351
30
0
11
26.142884
21
38.984351
31
0
 1
37
 7
ROMANS
 40
0.06
 41
1
 50
0
 72
1
 73
0
 0
INSERT
 8
UNIFILAR
 6
CONTINUOUS
 62
30
 2
NUDO_DERIVACION_GAS
10
25.903346
20
38.918101
30
0
41
0.035
42
0.035
43
1
 50
0
 0
TEXT
 8
TEXTO_NUDOS
 6
CONTINUOUS
 62
30
10
25.903346
20
38.984351
30
0
11
25.903346
21
38.984351
31
0
 1
38
 7
ROMANS
 40
0.06
 41
1
 50
0
 72
1
 73
0
 0
INSERT
 8
UNIFILAR
 6
CONTINUOUS
 62
30
 2
NUDO_DERIVACION_GAS
10
25.628399
20
38.918101
30
0
41
0.035
42
0.035
43
1
 50
0
 0
TEXT
 8
TEXTO_NUDOS
 6
CONTINUOUS
 62
30
10
25.628399
20
38.984351
30
0
11
25.628399
21
38.984351
31
0
 1
39
 7
ROMANS
 40
0.06
 41
1
 50
0
 72
1
 73
0
 0
INSERT
 8
UNIFILAR
 6
CONTINUOUS
 62
30
 2
APARATO_GAS
10
24.602637
20
38.588101
30
0
41
0.08
42
0.08
43
1
 50
0
 0
TEXT
 8
TEXTO_NUDOS
 6
CONTINUOUS
 62
30
10
24.602637
20
38.718101
30
0
11
24.602637
21
38.718101
31
0
 1
43
 7
ROMANS
 40
0.06
 41
1
 50
0
 72
1
 73
0
 0
INSERT
 8
UNIFILAR
 6
CONTINUOUS
 62
30
 2
NUDO_PASO_GAS
10
24.357652
20
38.766036
30
0
41
0.02
42
0.02
43
1
 50
0
 0
TEXT
 8
TEXTO_NUDOS
 6
CONTINUOUS
 62
30
10
24.357652
20
38.821036
30
0
11
24.357652
21
38.821036
31
0
 1

 7
ROMANS
 40
0.06
 41
1
 50
0
 72
1
 73
0
 0
INSERT
 8
UNIFILAR
 6
CONTINUOUS
 62
30
 2
NUDO_DERIVACION_GAS
10
22.966876
20
38.769372
30
0
41
0.035
42
0.035
43
1
 50
0
 0
TEXT
 8
TEXTO_NUDOS
 6
CONTINUOUS
 62
30
10
22.966876
20
38.835622
30
0
11
22.966876
21
38.835622
31
0
 1
45
 7
ROMANS
 40
0.06
 41
1
 50
0
 72
1
 73
0
 0
INSERT
 8
UNIFILAR
 6
CONTINUOUS
 62
30
 2
NUDO_PASO_GAS
10
22.416876
20
38.769219
30
0
41
0.02
42
0.02
43
1
 50
0
 0
TEXT
 8
TEXTO_NUDOS
 6
CONTINUOUS
 62
30
10
22.416876
20
38.824219
30
0
11
22.416876
21
38.824219
31
0
 1

 7
ROMANS
 40
0.06
 41
1
 50
0
 72
1
 73
0
 0
INSERT
 8
UNIFILAR
 6
CONTINUOUS
 62
30
 2
NUDO_PASO_GAS
10
22.416876
20
36.098101
30
0
41
0.02
42
0.02
43
1
 50
0
 0
TEXT
 8
TEXTO_NUDOS
 6
CONTINUOUS
 62
30
10
22.471876
20
36.098101
30
0
11
22.471876
21
36.098101
31
0
 1

 7
ROMANS
 40
0.06
 41
1
 50
0
 72
0
 73
2
 0
INSERT
 8
UNIFILAR
 6
CONTINUOUS
 62
30
 2
NUDO_PASO_GAS
10
20.456876
20
36.098101
30
0
41
0.02
42
0.02
43
1
 50
0
 0
TEXT
 8
TEXTO_NUDOS
 6
CONTINUOUS
 62
30
10
20.401876
20
36.098101
30
0
11
20.401876
21
36.098101
31
0
 1

 7
ROMANS
 40
0.06
 41
1
 50
0
 72
2
 73
2
 0
INSERT
 8
UNIFILAR
 6
CONTINUOUS
 62
30
 2
NUDO_PASO_GAS
10
20.456876
20
37.298101
30
0
41
0.02
42
0.02
43
1
 50
0
 0
TEXT
 8
TEXTO_NUDOS
 6
CONTINUOUS
 62
30
10
20.456876
20
37.353101
30
0
11
20.456876
21
37.353101
31
0
 1

 7
ROMANS
 40
0.06
 41
1
 50
0
 72
1
 73
0
 0
INSERT
 8
UNIFILAR
 6
CONTINUOUS
 62
30
 2
NUDO_DERIVACION_GAS
10
20.125915
20
37.497735
30
0
41
0.035
42
0.035
43
1
 50
0
 0
TEXT
 8
TEXTO_NUDOS
 6
CONTINUOUS
 62
30
10
20.125915
20
37.563985
30
0
11
20.125915
21
37.563985
31
0
 1
46
 7
ROMANS
 40
0.06
 41
1
 50
0
 72
1
 73
0
 0
INSERT
 8
UNIFILAR
 6
CONTINUOUS
 62
30
 2
APARATO_GAS
10
20.384676
20
37.933006
30
0
41
0.08
42
0.08
43
1
 50
0
 0
TEXT
 8
TEXTO_NUDOS
 6
CONTINUOUS
 62
30
10
20.384676
20
38.063006
30
0
11
20.384676
21
38.063006
31
0
 1
47
 7
ROMANS
 40
0.06
 41
1
 50
0
 72
1
 73
0
 0
INSERT
 8
UNIFILAR
 6
CONTINUOUS
 62
30
 2
APARATO_GAS
10
22.965501
20
38.294237
30
0
41
0.08
42
0.08
43
1
 50
0
 0
TEXT
 8
TEXTO_NUDOS
 6
CONTINUOUS
 62
30
10
22.835501
20
38.294237
30
0
11
22.835501
21
38.294237
31
0
 1
50
 7
ROMANS
 40
0.06
 41
1
 50
0
 72
2
 73
2
 0
INSERT
 8
UNIFILAR
 6
CONTINUOUS
 62
30
 2
TOMA_PRESION_GAS
10
24.357635
20
38.588101
30
0
41
1
42
1
43
1
 50
180
 0
TEXT
 8
TEXTO_NUDOS
 6
CONTINUOUS
 62
30
10
24.291435
20
38.588101
30
0
11
24.291435
21
38.588101
31
0
 1
44
 7
ROMANS
 40
0.06
 41
1
 50
0
 72
2
 73
2
 0
INSERT
 8
UNIFILAR
 6
CONTINUOUS
 62
30
 2
NUDO_DERIVACION_GAS
10
25.34603
20
38.918101
30
0
41
0.035
42
0.035
43
1
 50
0
 0
TEXT
 8
TEXTO_NUDOS
 6
CONTINUOUS
 62
30
10
25.34603
20
38.984351
30
0
11
25.34603
21
38.984351
31
0
 1
40
 7
ROMANS
 40
0.06
 41
1
 50
0
 72
1
 73
0
 0
INSERT
 8
UNIFILAR
 6
CONTINUOUS
 62
30
 2
NUDO_DERIVACION_GAS
10
25.042136
20
38.918101
30
0
41
0.035
42
0.035
43
1
 50
0
 0
TEXT
 8
TEXTO_NUDOS
 6
CONTINUOUS
 62
30
10
25.042136
20
38.984351
30
0
11
25.042136
21
38.984351
31
0
 1
41
 7
ROMANS
 40
0.06
 41
1
 50
0
 72
1
 73
0
 0
INSERT
 8
UNIFILAR
 6
CONTINUOUS
 62
30
 2
NUDO_DERIVACION_GAS
10
25.042136
20
38.587419
30
0
41
0.035
42
0.035
43
1
 50
0
 0
TEXT
 8
TEXTO_NUDOS
 6
CONTINUOUS
 62
30
10
25.108386
20
38.587419
30
0
11
25.108386
21
38.587419
31
0
 1
42
 7
ROMANS
 40
0.06
 41
1
 50
0
 72
0
 73
2
 0
INSERT
 8
UNIFILAR
 6
CONTINUOUS
 62
30
 2
NUDO_DERIVACION_GAS
10
19.843895
20
37.669097
30
0
41
0.035
42
0.035
43
1
 50
0
 0
TEXT
 8
TEXTO_NUDOS
 6
CONTINUOUS
 62
30
10
19.843895
20
37.735347
30
0
11
19.843895
21
37.735347
31
0
 1
48
 7
ROMANS
 40
0.06
 41
1
 50
0
 72
1
 73
0
 0
INSERT
 8
UNIFILAR
 6
CONTINUOUS
 62
30
 2
APARATO_GAS
10
20.10772
20
38.095546
30
0
41
0.08
42
0.08
43
1
 50
0
 0
TEXT
 8
TEXTO_NUDOS
 6
CONTINUOUS
 62
30
10
20.10772
20
38.225546
30
0
11
20.10772
21
38.225546
31
0
 1
49
 7
ROMANS
 40
0.06
 41
1
 50
0
 72
1
 73
0
 0
INSERT
 8
UNIFILAR
 6
CONTINUOUS
 62
30
 2
CONEXION_PLANTAS_GAS
10
26.306876
20
42.365753
30
0
41
0.035
42
0.035
43
1
 50
0
 0
TEXT
 8
TEXTO_NUDOS
 6
CONTINUOUS
 62
30
10
26.306876
20
42.458253
30
0
11
26.306876
21
42.458253
31
0
 1
113
 7
ROMANS
 40
0.06
 41
1
 50
0
 72
1
 73
0
 0
INSERT
 8
UNIFILAR
 6
CONTINUOUS
 62
30
 2
NUDO_DERIVACION_GAS
10
26.142968
20
42.360508
30
0
41
0.035
42
0.035
43
1
 50
0
 0
TEXT
 8
TEXTO_NUDOS
 6
CONTINUOUS
 62
30
10
26.142968
20
42.426758
30
0
11
26.142968
21
42.426758
31
0
 1
114
 7
ROMANS
 40
0.06
 41
1
 50
0
 72
1
 73
0
 0
INSERT
 8
UNIFILAR
 6
CONTINUOUS
 62
30
 2
NUDO_DERIVACION_GAS
10
25.903352
20
42.361298
30
0
41
0.035
42
0.035
43
1
 50
0
 0
TEXT
 8
TEXTO_NUDOS
 6
CONTINUOUS
 62
30
10
25.903352
20
42.427548
30
0
11
25.903352
21
42.427548
31
0
 1
115
 7
ROMANS
 40
0.06
 41
1
 50
0
 72
1
 73
0
 0
INSERT
 8
UNIFILAR
 6
CONTINUOUS
 62
30
 2
NUDO_DERIVACION_GAS
10
25.625948
20
42.359118
30
0
41
0.035
42
0.035
43
1
 50
0
 0
TEXT
 8
TEXTO_NUDOS
 6
CONTINUOUS
 62
30
10
25.625948
20
42.425368
30
0
11
25.625948
21
42.425368
31
0
 1
116
 7
ROMANS
 40
0.06
 41
1
 50
0
 72
1
 73
0
 0
INSERT
 8
UNIFILAR
 6
CONTINUOUS
 62
30
 2
APARATO_GAS
10
24.602637
20
42.695753
30
0
41
0.08
42
0.08
43
1
 50
0
 0
TEXT
 8
TEXTO_NUDOS
 6
CONTINUOUS
 62
30
10
24.602637
20
42.825753
30
0
11
24.602637
21
42.825753
31
0
 1
120
 7
ROMANS
 40
0.06
 41
1
 50
0
 72
1
 73
0
 0
INSERT
 8
UNIFILAR
 6
CONTINUOUS
 62
30
 2
NUDO_PASO_GAS
10
24.357652
20
42.517818
30
0
41
0.02
42
0.02
43
1
 50
0
 0
TEXT
 8
TEXTO_NUDOS
 6
CONTINUOUS
 62
30
10
24.412652
20
42.517818
30
0
11
24.412652
21
42.517818
31
0
 1

 7
ROMANS
 40
0.06
 41
1
 50
0
 72
0
 73
2
 0
INSERT
 8
UNIFILAR
 6
CONTINUOUS
 62
30
 2
NUDO_DERIVACION_GAS
10
22.966876
20
42.514481
30
0
41
0.035
42
0.035
43
1
 50
0
 0
TEXT
 8
TEXTO_NUDOS
 6
CONTINUOUS
 62
30
10
22.966876
20
42.448231
30
0
11
22.966876
21
42.448231
31
0
 1
122
 7
ROMANS
 40
0.06
 41
1
 50
0
 72
1
 73
3
 0
INSERT
 8
UNIFILAR
 6
CONTINUOUS
 62
30
 2
NUDO_PASO_GAS
10
22.416876
20
42.514635
30
0
41
0.02
42
0.02
43
1
 50
0
 0
TEXT
 8
TEXTO_NUDOS
 6
CONTINUOUS
 62
30
10
22.361876
20
42.514635
30
0
11
22.361876
21
42.514635
31
0
 1

 7
ROMANS
 40
0.06
 41
1
 50
0
 72
2
 73
2
 0
INSERT
 8
UNIFILAR
 6
CONTINUOUS
 62
30
 2
NUDO_PASO_GAS
10
22.416876
20
45.185753
30
0
41
0.02
42
0.02
43
1
 50
0
 0
TEXT
 8
TEXTO_NUDOS
 6
CONTINUOUS
 62
30
10
22.416876
20
45.240753
30
0
11
22.416876
21
45.240753
31
0
 1

 7
ROMANS
 40
0.06
 41
1
 50
0
 72
1
 73
0
 0
INSERT
 8
UNIFILAR
 6
CONTINUOUS
 62
30
 2
NUDO_PASO_GAS
10
20.456876
20
45.185753
30
0
41
0.02
42
0.02
43
1
 50
0
 0
TEXT
 8
TEXTO_NUDOS
 6
CONTINUOUS
 62
30
10
20.456876
20
45.240753
30
0
11
20.456876
21
45.240753
31
0
 1

 7
ROMANS
 40
0.06
 41
1
 50
0
 72
1
 73
0
 0
INSERT
 8
UNIFILAR
 6
CONTINUOUS
 62
30
 2
NUDO_PASO_GAS
10
20.456876
20
43.985753
30
0
41
0.02
42
0.02
43
1
 50
0
 0
TEXT
 8
TEXTO_NUDOS
 6
CONTINUOUS
 62
30
10
20.401876
20
43.985753
30
0
11
20.401876
21
43.985753
31
0
 1

 7
ROMANS
 40
0.06
 41
1
 50
0
 72
2
 73
2
 0
INSERT
 8
UNIFILAR
 6
CONTINUOUS
 62
30
 2
NUDO_DERIVACION_GAS
10
20.125915
20
43.786119
30
0
41
0.035
42
0.035
43
1
 50
0
 0
TEXT
 8
TEXTO_NUDOS
 6
CONTINUOUS
 62
30
10
20.125915
20
43.852369
30
0
11
20.125915
21
43.852369
31
0
 1
123
 7
ROMANS
 40
0.06
 41
1
 50
0
 72
1
 73
0
 0
INSERT
 8
UNIFILAR
 6
CONTINUOUS
 62
30
 2
APARATO_GAS
10
20.384676
20
43.350848
30
0
41
0.08
42
0.08
43
1
 50
0
 0
TEXT
 8
TEXTO_NUDOS
 6
CONTINUOUS
 62
30
10
20.384676
20
43.480848
30
0
11
20.384676
21
43.480848
31
0
 1
124
 7
ROMANS
 40
0.06
 41
1
 50
0
 72
1
 73
0
 0
INSERT
 8
UNIFILAR
 6
CONTINUOUS
 62
30
 2
APARATO_GAS
10
22.965501
20
42.989616
30
0
41
0.08
42
0.08
43
1
 50
0
 0
TEXT
 8
TEXTO_NUDOS
 6
CONTINUOUS
 62
30
10
22.965501
20
43.119616
30
0
11
22.965501
21
43.119616
31
0
 1
127
 7
ROMANS
 40
0.06
 41
1
 50
0
 72
1
 73
0
 0
INSERT
 8
UNIFILAR
 6
CONTINUOUS
 62
30
 2
TOMA_PRESION_GAS
10
24.357635
20
42.695753
30
0
41
1
42
1
43
1
 50
0
 0
TEXT
 8
TEXTO_NUDOS
 6
CONTINUOUS
 62
30
10
24.291435
20
42.695753
30
0
11
24.291435
21
42.695753
31
0
 1
121
 7
ROMANS
 40
0.06
 41
1
 50
0
 72
2
 73
2
 0
INSERT
 8
UNIFILAR
 6
CONTINUOUS
 62
30
 2
NUDO_DERIVACION_GAS
10
25.346075
20
42.355822
30
0
41
0.035
42
0.035
43
1
 50
0
 0
TEXT
 8
TEXTO_NUDOS
 6
CONTINUOUS
 62
30
10
25.346075
20
42.422072
30
0
11
25.346075
21
42.422072
31
0
 1
117
 7
ROMANS
 40
0.06
 41
1
 50
0
 72
1
 73
0
 0
INSERT
 8
UNIFILAR
 6
CONTINUOUS
 62
30
 2
NUDO_DERIVACION_GAS
10
25.038446
20
42.358146
30
0
41
0.035
42
0.035
43
1
 50
0
 0
TEXT
 8
TEXTO_NUDOS
 6
CONTINUOUS
 62
30
10
24.972196
20
42.358146
30
0
11
24.972196
21
42.358146
31
0
 1
118
 7
ROMANS
 40
0.06
 41
1
 50
0
 72
2
 73
2
 0
INSERT
 8
UNIFILAR
 6
CONTINUOUS
 62
30
 2
NUDO_DERIVACION_GAS
10
25.040551
20
42.696431
30
0
41
0.035
42
0.035
43
1
 50
0
 0
TEXT
 8
TEXTO_NUDOS
 6
CONTINUOUS
 62
30
10
25.040551
20
42.762681
30
0
11
25.040551
21
42.762681
31
0
 1
119
 7
ROMANS
 40
0.06
 41
1
 50
0
 72
1
 73
0
 0
INSERT
 8
UNIFILAR
 6
CONTINUOUS
 62
30
 2
NUDO_DERIVACION_GAS
10
19.843895
20
43.614757
30
0
41
0.035
42
0.035
43
1
 50
0
 0
TEXT
 8
TEXTO_NUDOS
 6
CONTINUOUS
 62
30
10
19.843895
20
43.681007
30
0
11
19.843895
21
43.681007
31
0
 1
125
 7
ROMANS
 40
0.06
 41
1
 50
0
 72
1
 73
0
 0
INSERT
 8
UNIFILAR
 6
CONTINUOUS
 62
30
 2
APARATO_GAS
10
20.10772
20
43.188308
30
0
41
0.08
42
0.08
43
1
 50
0
 0
TEXT
 8
TEXTO_NUDOS
 6
CONTINUOUS
 62
30
10
20.10772
20
43.318308
30
0
11
20.10772
21
43.318308
31
0
 1
126
 7
ROMANS
 40
0.06
 41
1
 50
0
 72
1
 73
0
 0
LINE
 8
UNIFILAR
 6
CONTINUOUS
 62
30
10
26.254376
20
38.918101
30
0
11
26.169134
21
38.918101
31
0
 0
TEXT
 8
TEXTO_RAMAS
 6
CONTINUOUS
 62
30
10
26.22488
20
38.933101
30
0
11
26.22488
21
38.933101
31
0
 1
36 Ø20x22
 7
ROMANS
 40
0.06
 41
1
 50
0
 72
1
 73
0
 0
TEXT
 8
TEXTO_RAMAS
 6
CONTINUOUS
 62
30
10
26.22488
20
38.903101
30
0
11
26.22488
21
38.903101
31
0
 1
Cobre
 7
ROMANS
 40
0.06
 41
1
 50
0
 72
1
 73
3
 0
LINE
 8
UNIFILAR
 6
CONTINUOUS
 62
30
10
26.27488
20
38.904101
30
0
11
26.22488
21
38.918101
31
0
 0
LINE
 8
UNIFILAR
 6
CONTINUOUS
 62
30
10
26.27488
20
38.932101
30
0
11
26.22488
21
38.918101
31
0
 0
INSERT
 8
UNIFILAR
 6
CONTINUOUS
 62
30
 2
LLAVE_PASO_GAS
10
26.023115
20
38.918101
30
0
41
0.0375
42
0.0375
43
1
 50
180
 0
LINE
 8
UNIFILAR
 6
CONTINUOUS
 62
30
10
26.116634
20
38.918101
30
0
11
26.079365
21
38.918101
31
0
 0
LINE
 8
UNIFILAR
 6
CONTINUOUS
 62
30
10
25.966865
20
38.918101
30
0
11
25.929596
21
38.918101
31
0
 0
TEXT
 8
TEXTO_RAMAS
 6
CONTINUOUS
 62
30
10
26.023115
20
38.989351
30
0
11
26.023115
21
38.989351
31
0
 1
Ø3/4"
 7
ROMANS
 40
0.06
 41
1
 50
0
 72
1
 73
0
 0
TEXT
 8
TEXTO_RAMAS
 6
CONTINUOUS
 62
30
10
26.023115
20
38.846851
30
0
11
26.023115
21
38.846851
31
0
 1

 7
ROMANS
 40
0.06
 41
1
 50
0
 72
1
 73
3
 0
INSERT
 8
UNIFILAR
 6
CONTINUOUS
 62
30
 2
VALVULA_REG_PRESION_GAS
10
25.765873
20
38.918101
30
0
41
0.0375
42
0.0375
43
1
 50
180
 0
LINE
 8
UNIFILAR
 6
CONTINUOUS
 62
30
10
25.877096
20
38.918101
30
0
11
25.822123
21
38.918101
31
0
 0
LINE
 8
UNIFILAR
 6
CONTINUOUS
 62
30
10
25.709623
20
38.918101
30
0
11
25.654649
21
38.918101
31
0
 0
TEXT
 8
TEXTO_RAMAS
 6
CONTINUOUS
 62
30
10
25.765873
20
38.975288
30
0
11
25.765873
21
38.975288
31
0
 1

 7
ROMANS
 40
0.06
 41
1
 50
0
 72
1
 73
0
 0
TEXT
 8
TEXTO_RAMAS
 6
CONTINUOUS
 62
30
10
25.765873
20
38.860913
30
0
11
25.765873
21
38.860913
31
0
 1

 7
ROMANS
 40
0.06
 41
1
 50
0
 72
1
 73
3
 0
LINE
 8
UNIFILAR
 6
CONTINUOUS
 62
30
10
24.342652
20
38.766072
30
0
11
22.993126
21
38.769309
31
0
 0
LINE
 8
UNIFILAR
 6
CONTINUOUS
 62
30
10
24.357638
20
38.614301
30
0
11
24.35765
21
38.751036
31
0
 0
TEXT
 8
TEXTO_RAMAS
 6
CONTINUOUS
 62
30
10
23.6623
20
38.782704
30
0
11
23.6623
21
38.782704
31
0
 1
44 Ø20x2
 7
ROMANS
 40
0.06
 41
1
 50
359.862541
 72
1
 73
0
 0
TEXT
 8
TEXTO_RAMAS
 6
CONTINUOUS
 62
30
10
23.662228
20
38.752704
30
0
11
23.662228
21
38.752704
31
0
 1
P/Al/PEX
 7
ROMANS
 40
0.06
 41
1
 50
359.862541
 72
1
 73
3
 0
LINE
 8
UNIFILAR
 6
CONTINUOUS
 62
30
10
23.71223
20
38.753584
30
0
11
23.662264
21
38.767704
31
0
 0
LINE
 8
UNIFILAR
 6
CONTINUOUS
 62
30
10
23.712297
20
38.781584
30
0
11
23.662264
21
38.767704
31
0
 0
LINE
 8
UNIFILAR
 6
CONTINUOUS
 62
30
10
22.940626
20
38.769365
30
0
11
22.431876
21
38.769223
31
0
 0
LINE
 8
UNIFILAR
 6
CONTINUOUS
 62
30
10
22.416876
20
38.754219
30
0
11
22.416876
21
36.113101
31
0
 0
LINE
 8
UNIFILAR
 6
CONTINUOUS
 62
30
10
22.401876
20
36.098101
30
0
11
20.471876
21
36.098101
31
0
 0
LINE
 8
UNIFILAR
 6
CONTINUOUS
 62
30
10
20.456876
20
36.113101
30
0
11
20.456876
21
37.283101
31
0
 0
LINE
 8
UNIFILAR
 6
CONTINUOUS
 62
30
10
20.444032
20
37.305849
30
0
11
20.148392
21
37.484177
31
0
 0
TEXT
 8
TEXTO_RAMAS
 6
CONTINUOUS
 62
30
10
21.436876
20
36.113101
30
0
11
21.436876
21
36.113101
31
0
 1
45 Ø20x2
 7
ROMANS
 40
0.06
 41
1
 50
0
 72
1
 73
0
 0
TEXT
 8
TEXTO_RAMAS
 6
CONTINUOUS
 62
30
10
21.436876
20
36.083101
30
0
11
21.436876
21
36.083101
31
0
 1
P/Al/PEX
 7
ROMANS
 40
0.06
 41
1
 50
0
 72
1
 73
3
 0
LINE
 8
UNIFILAR
 6
CONTINUOUS
 62
30
10
21.486876
20
36.084101
30
0
11
21.436876
21
36.098101
31
0
 0
LINE
 8
UNIFILAR
 6
CONTINUOUS
 62
30
10
21.486876
20
36.112101
30
0
11
21.436876
21
36.098101
31
0
 0
INSERT
 8
UNIFILAR
 6
CONTINUOUS
 62
30
 2
LLAVE_PASO_GAS
10
20.255295
20
37.71537
30
0
41
0.0375
42
0.0375
43
1
 50
59.269241
 0
LINE
 8
UNIFILAR
 6
CONTINUOUS
 62
30
10
20.139328
20
37.520299
30
0
11
20.226551
21
37.667019
31
0
 0
LINE
 8
UNIFILAR
 6
CONTINUOUS
 62
30
10
20.284039
20
37.763722
30
0
11
20.331172
21
37.843006
31
0
 0
TEXT
 8
TEXTO_RAMAS
 6
CONTINUOUS
 62
30
10
20.19405
20
37.751779
30
0
11
20.19405
21
37.751779
31
0
 1
Ø1/2"
 7
ROMANS
 40
0.06
 41
1
 50
59.269241
 72
1
 73
0
 0
TEXT
 8
TEXTO_RAMAS
 6
CONTINUOUS
 62
30
10
20.31654
20
37.678961
30
0
11
20.31654
21
37.678961
31
0
 1

 7
ROMANS
 40
0.06
 41
1
 50
59.269241
 72
1
 73
3
 0
INSERT
 8
UNIFILAR
 6
CONTINUOUS
 62
30
 2
LLAVE_PASO_GAS
10
22.966188
20
38.531805
30
0
41
0.0375
42
0.0375
43
1
 50
269.834212
 0
LINE
 8
UNIFILAR
 6
CONTINUOUS
 62
30
10
22.9668
20
38.743123
30
0
11
22.966351
21
38.588055
31
0
 0
LINE
 8
UNIFILAR
 6
CONTINUOUS
 62
30
10
22.966026
20
38.475555
30
0
11
22.965761
21
38.384237
31
0
 0
TEXT
 8
TEXTO_RAMAS
 6
CONTINUOUS
 62
30
10
22.894939
20
38.532011
30
0
11
22.894939
21
38.532011
31
0
 1
Ø1/2"
 7
ROMANS
 40
0.06
 41
1
 50
89.834212
 72
1
 73
0
 0
TEXT
 8
TEXTO_RAMAS
 6
CONTINUOUS
 62
30
10
23.037438
20
38.531599
30
0
11
23.037438
21
38.531599
31
0
 1

 7
ROMANS
 40
0.06
 41
1
 50
89.834212
 72
1
 73
3
 0
LINE
 8
UNIFILAR
 6
CONTINUOUS
 62
30
10
24.512637
20
38.588101
30
0
11
24.383835
21
38.588101
31
0
 0
TEXT
 8
TEXTO_RAMAS
 6
CONTINUOUS
 62
30
10
24.480136
20
38.603101
30
0
11
24.480136
21
38.603101
31
0
 1
43 Ø20x2
 7
ROMANS
 40
0.06
 41
1
 50
0
 72
1
 73
0
 0
TEXT
 8
TEXTO_RAMAS
 6
CONTINUOUS
 62
30
10
24.480136
20
38.573101
30
0
11
24.480136
21
38.573101
31
0
 1
P/Al/PEX
 7
ROMANS
 40
0.06
 41
1
 50
0
 72
1
 73
3
 0
LINE
 8
UNIFILAR
 6
CONTINUOUS
 62
30
10
24.530136
20
38.574101
30
0
11
24.480136
21
38.588101
31
0
 0
LINE
 8
UNIFILAR
 6
CONTINUOUS
 62
30
10
24.530136
20
38.602101
30
0
11
24.480136
21
38.588101
31
0
 0
INSERT
 8
UNIFILAR
 6
CONTINUOUS
 62
30
 2
CONTADOR_GAS
10
25.487215
20
38.918101
30
0
41
0.0565
42
0.0565
43
1
 50
180
 0
LINE
 8
UNIFILAR
 6
CONTINUOUS
 62
30
10
25.602149
20
38.918101
30
0
11
25.550777
21
38.918101
31
0
 0
LINE
 8
UNIFILAR
 6
CONTINUOUS
 62
30
10
25.423652
20
38.918101
30
0
11
25.37228
21
38.918101
31
0
 0
TEXT
 8
TEXTO_RAMAS
 6
CONTINUOUS
 62
30
10
25.487215
20
38.996663
30
0
11
25.487215
21
38.996663
31
0
 1

 7
ROMANS
 40
0.06
 41
1
 50
0
 72
1
 73
0
 0
TEXT
 8
TEXTO_RAMAS
 6
CONTINUOUS
 62
30
10
25.487215
20
38.839538
30
0
11
25.487215
21
38.839538
31
0
 1

 7
ROMANS
 40
0.06
 41
1
 50
0
 72
1
 73
3
 0
INSERT
 8
UNIFILAR
 6
CONTINUOUS
 62
30
 2
LLAVE_PASO_GAS
10
25.194083
20
38.918101
30
0
41
0.0375
42
0.0375
43
1
 50
180
 0
LINE
 8
UNIFILAR
 6
CONTINUOUS
 62
30
10
25.31978
20
38.918101
30
0
11
25.250333
21
38.918101
31
0
 0
LINE
 8
UNIFILAR
 6
CONTINUOUS
 62
30
10
25.137833
20
38.918101
30
0
11
25.068386
21
38.918101
31
0
 0
TEXT
 8
TEXTO_RAMAS
 6
CONTINUOUS
 62
30
10
25.194083
20
38.989351
30
0
11
25.194083
21
38.989351
31
0
 1
Ø3/4"
 7
ROMANS
 40
0.06
 41
1
 50
0
 72
1
 73
0
 0
TEXT
 8
TEXTO_RAMAS
 6
CONTINUOUS
 62
30
10
25.194083
20
38.846851
30
0
11
25.194083
21
38.846851
31
0
 1

 7
ROMANS
 40
0.06
 41
1
 50
0
 72
1
 73
3
 0
LINE
 8
UNIFILAR
 6
CONTINUOUS
 62
30
10
25.042136
20
38.891851
30
0
11
25.042136
21
38.613669
31
0
 0
TEXT
 8
TEXTO_RAMAS
 6
CONTINUOUS
 62
30
10
25.027136
20
38.75276
30
0
11
25.027136
21
38.75276
31
0
 1
41 Ø20x22
 7
ROMANS
 40
0.06
 41
1
 50
90
 72
1
 73
0
 0
TEXT
 8
TEXTO_RAMAS
 6
CONTINUOUS
 62
30
10
25.057136
20
38.75276
30
0
11
25.057136
21
38.75276
31
0
 1
Cobre
 7
ROMANS
 40
0.06
 41
1
 50
90
 72
1
 73
3
 0
LINE
 8
UNIFILAR
 6
CONTINUOUS
 62
30
10
25.056136
20
38.80276
30
0
11
25.042136
21
38.75276
31
0
 0
LINE
 8
UNIFILAR
 6
CONTINUOUS
 62
30
10
25.028136
20
38.80276
30
0
11
25.042136
21
38.75276
31
0
 0
INSERT
 8
UNIFILAR
 6
CONTINUOUS
 62
30
 2
LLAVE_PASO_GAS
10
24.822387
20
38.58776
30
0
41
0.0375
42
0.0375
43
1
 50
179.911116
 0
LINE
 8
UNIFILAR
 6
CONTINUOUS
 62
30
10
25.015886
20
38.58746
30
0
11
24.878636
21
38.587673
31
0
 0
LINE
 8
UNIFILAR
 6
CONTINUOUS
 62
30
10
24.766137
20
38.587847
30
0
11
24.692637
21
38.587961
31
0
 0
TEXT
 8
TEXTO_RAMAS
 6
CONTINUOUS
 62
30
10
24.822497
20
38.65901
30
0
11
24.822497
21
38.65901
31
0
 1
Ø3/4"
 7
ROMANS
 40
0.06
 41
1
 50
359.911116
 72
1
 73
0
 0
TEXT
 8
TEXTO_RAMAS
 6
CONTINUOUS
 62
30
10
24.822276
20
38.51651
30
0
11
24.822276
21
38.51651
31
0
 1

 7
ROMANS
 40
0.06
 41
1
 50
359.911116
 72
1
 73
3
 0
LINE
 8
UNIFILAR
 6
CONTINUOUS
 62
30
10
20.103481
20
37.511366
30
0
11
19.866328
21
37.655466
31
0
 0
TEXT
 8
TEXTO_RAMAS
 6
CONTINUOUS
 62
30
10
19.992694
20
37.596235
30
0
11
19.992694
21
37.596235
31
0
 1
47 Ø16x2
 7
ROMANS
 40
0.06
 41
1
 50
328.716093
 72
1
 73
0
 0
TEXT
 8
TEXTO_RAMAS
 6
CONTINUOUS
 62
30
10
19.977116
20
37.570597
30
0
11
19.977116
21
37.570597
31
0
 1
P/Al/PEX
 7
ROMANS
 40
0.06
 41
1
 50
328.716093
 72
1
 73
3
 0
LINE
 8
UNIFILAR
 6
CONTINUOUS
 62
30
10
20.020365
20
37.545487
30
0
11
19.984905
21
37.583416
31
0
 0
LINE
 8
UNIFILAR
 6
CONTINUOUS
 62
30
10
20.034905
20
37.569416
30
0
11
19.984905
21
37.583416
31
0
 0
INSERT
 8
UNIFILAR
 6
CONTINUOUS
 62
30
 2
LLAVE_PASO_GAS
10
19.975808
20
37.882321
30
0
41
0.0375
42
0.0375
43
1
 50
58.256744
 0
LINE
 8
UNIFILAR
 6
CONTINUOUS
 62
30
10
19.857706
20
37.69142
30
0
11
19.946214
21
37.834486
31
0
 0
LINE
 8
UNIFILAR
 6
CONTINUOUS
 62
30
10
20.005402
20
37.930157
30
0
11
20.052041
21
38.005546
31
0
 0
TEXT
 8
TEXTO_RAMAS
 6
CONTINUOUS
 62
30
10
19.915216
20
37.919807
30
0
11
19.915216
21
37.919807
31
0
 1
Ø3/8"
 7
ROMANS
 40
0.06
 41
1
 50
58.256744
 72
1
 73
0
 0
TEXT
 8
TEXTO_RAMAS
 6
CONTINUOUS
 62
30
10
20.0364
20
37.844836
30
0
11
20.0364
21
37.844836
31
0
 1

 7
ROMANS
 40
0.06
 41
1
 50
58.256744
 72
1
 73
3
 0
LINE
 8
UNIFILAR
 6
CONTINUOUS
 62
30
10
26.254403
20
42.364074
30
0
11
26.169204
21
42.361347
31
0
 0
TEXT
 8
TEXTO_RAMAS
 6
CONTINUOUS
 62
30
10
26.224442
20
42.378123
30
0
11
26.224442
21
42.378123
31
0
 1
113 Ø20x22
 7
ROMANS
 40
0.06
 41
1
 50
1.832804
 72
1
 73
0
 0
TEXT
 8
TEXTO_RAMAS
 6
CONTINUOUS
 62
30
10
26.225402
20
42.348138
30
0
11
26.225402
21
42.348138
31
0
 1
Cobre
 7
ROMANS
 40
0.06
 41
1
 50
1.832804
 72
1
 73
3
 0
LINE
 8
UNIFILAR
 6
CONTINUOUS
 62
30
10
26.275344
20
42.350737
30
0
11
26.224922
21
42.36313
31
0
 0
LINE
 8
UNIFILAR
 6
CONTINUOUS
 62
30
10
26.274449
20
42.378722
30
0
11
26.224922
21
42.36313
31
0
 0
INSERT
 8
UNIFILAR
 6
CONTINUOUS
 62
30
 2
LLAVE_PASO_GAS
10
26.02316
20
42.360903
30
0
41
0.0375
42
0.0375
43
1
 50
179.811089
 0
LINE
 8
UNIFILAR
 6
CONTINUOUS
 62
30
10
26.116718
20
42.360594
30
0
11
26.07941
21
42.360717
31
0
 0
LINE
 8
UNIFILAR
 6
CONTINUOUS
 62
30
10
25.96691
20
42.361088
30
0
11
25.929602
21
42.361211
31
0
 0
TEXT
 8
TEXTO_RAMAS
 6
CONTINUOUS
 62
30
10
26.023395
20
42.432152
30
0
11
26.023395
21
42.432152
31
0
 1
Ø3/4"
 7
ROMANS
 40
0.06
 41
1
 50
359.811089
 72
1
 73
0
 0
TEXT
 8
TEXTO_RAMAS
 6
CONTINUOUS
 62
30
10
26.022925
20
42.289653
30
0
11
26.022925
21
42.289653
31
0
 1

 7
ROMANS
 40
0.06
 41
1
 50
359.811089
 72
1
 73
3
 0
INSERT
 8
UNIFILAR
 6
CONTINUOUS
 62
30
 2
VALVULA_REG_PRESION_GAS
10
25.76465
20
42.360208
30
0
41
0.0375
42
0.0375
43
1
 50
180.45019
 0
LINE
 8
UNIFILAR
 6
CONTINUOUS
 62
30
10
25.877103
20
42.361092
30
0
11
25.820898
21
42.36065
31
0
 0
LINE
 8
UNIFILAR
 6
CONTINUOUS
 62
30
10
25.708402
20
42.359766
30
0
11
25.652197
21
42.359324
31
0
 0
TEXT
 8
TEXTO_RAMAS
 6
CONTINUOUS
 62
30
10
25.7642
20
42.417394
30
0
11
25.7642
21
42.417394
31
0
 1

 7
ROMANS
 40
0.06
 41
1
 50
0.45019
 72
1
 73
0
 0
TEXT
 8
TEXTO_RAMAS
 6
CONTINUOUS
 62
30
10
25.765099
20
42.303022
30
0
11
25.765099
21
42.303022
31
0
 1

 7
ROMANS
 40
0.06
 41
1
 50
0.45019
 72
1
 73
3
 0
LINE
 8
UNIFILAR
 6
CONTINUOUS
 62
30
10
24.342652
20
42.517782
30
0
11
22.993126
21
42.514544
31
0
 0
LINE
 8
UNIFILAR
 6
CONTINUOUS
 62
30
10
24.357638
20
42.669553
30
0
11
24.35765
21
42.532818
31
0
 0
TEXT
 8
TEXTO_RAMAS
 6
CONTINUOUS
 62
30
10
23.662228
20
42.53115
30
0
11
23.662228
21
42.53115
31
0
 1
121 Ø20x2
 7
ROMANS
 40
0.06
 41
1
 50
0.137459
 72
1
 73
0
 0
TEXT
 8
TEXTO_RAMAS
 6
CONTINUOUS
 62
30
10
23.6623
20
42.50115
30
0
11
23.6623
21
42.50115
31
0
 1
P/Al/PEX
 7
ROMANS
 40
0.06
 41
1
 50
0.137459
 72
1
 73
3
 0
LINE
 8
UNIFILAR
 6
CONTINUOUS
 62
30
10
23.712297
20
42.50227
30
0
11
23.662264
21
42.51615
31
0
 0
LINE
 8
UNIFILAR
 6
CONTINUOUS
 62
30
10
23.71223
20
42.530269
30
0
11
23.662264
21
42.51615
31
0
 0
LINE
 8
UNIFILAR
 6
CONTINUOUS
 62
30
10
22.940626
20
42.514489
30
0
11
22.431876
21
42.51463
31
0
 0
LINE
 8
UNIFILAR
 6
CONTINUOUS
 62
30
10
22.416876
20
42.529635
30
0
11
22.416876
21
45.170753
31
0
 0
LINE
 8
UNIFILAR
 6
CONTINUOUS
 62
30
10
22.401876
20
45.185753
30
0
11
20.471876
21
45.185753
31
0
 0
LINE
 8
UNIFILAR
 6
CONTINUOUS
 62
30
10
20.456876
20
45.170753
30
0
11
20.456876
21
44.000753
31
0
 0
LINE
 8
UNIFILAR
 6
CONTINUOUS
 62
30
10
20.444032
20
43.978005
30
0
11
20.148392
21
43.799677
31
0
 0
TEXT
 8
TEXTO_RAMAS
 6
CONTINUOUS
 62
30
10
21.436876
20
45.200753
30
0
11
21.436876
21
45.200753
31
0
 1
122 Ø20x2
 7
ROMANS
 40
0.06
 41
1
 50
0
 72
1
 73
0
 0
TEXT
 8
TEXTO_RAMAS
 6
CONTINUOUS
 62
30
10
21.436876
20
45.170753
30
0
11
21.436876
21
45.170753
31
0
 1
P/Al/PEX
 7
ROMANS
 40
0.06
 41
1
 50
0
 72
1
 73
3
 0
LINE
 8
UNIFILAR
 6
CONTINUOUS
 62
30
10
21.486876
20
45.171753
30
0
11
21.436876
21
45.185753
31
0
 0
LINE
 8
UNIFILAR
 6
CONTINUOUS
 62
30
10
21.486876
20
45.199753
30
0
11
21.436876
21
45.185753
31
0
 0
INSERT
 8
UNIFILAR
 6
CONTINUOUS
 62
30
 2
LLAVE_PASO_GAS
10
20.255295
20
43.568483
30
0
41
0.0375
42
0.0375
43
1
 50
300.730759
 0
LINE
 8
UNIFILAR
 6
CONTINUOUS
 62
30
10
20.139328
20
43.763555
30
0
11
20.226551
21
43.616835
31
0
 0
LINE
 8
UNIFILAR
 6
CONTINUOUS
 62
30
10
20.284039
20
43.520132
30
0
11
20.331172
21
43.440848
31
0
 0
TEXT
 8
TEXTO_RAMAS
 6
CONTINUOUS
 62
30
10
20.31654
20
43.604892
30
0
11
20.31654
21
43.604892
31
0
 1
Ø1/2"
 7
ROMANS
 40
0.06
 41
1
 50
300.730759
 72
1
 73
0
 0
TEXT
 8
TEXTO_RAMAS
 6
CONTINUOUS
 62
30
10
20.19405
20
43.532074
30
0
11
20.19405
21
43.532074
31
0
 1

 7
ROMANS
 40
0.06
 41
1
 50
300.730759
 72
1
 73
3
 0
INSERT
 8
UNIFILAR
 6
CONTINUOUS
 62
30
 2
LLAVE_PASO_GAS
10
22.966188
20
42.752049
30
0
41
0.0375
42
0.0375
43
1
 50
90.165788
 0
LINE
 8
UNIFILAR
 6
CONTINUOUS
 62
30
10
22.9668
20
42.540731
30
0
11
22.966351
21
42.695799
31
0
 0
LINE
 8
UNIFILAR
 6
CONTINUOUS
 62
30
10
22.966026
20
42.808299
30
0
11
22.965761
21
42.899616
31
0
 0
TEXT
 8
TEXTO_RAMAS
 6
CONTINUOUS
 62
30
10
23.037438
20
42.752255
30
0
11
23.037438
21
42.752255
31
0
 1
Ø1/2"
 7
ROMANS
 40
0.06
 41
1
 50
270.165788
 72
1
 73
0
 0
TEXT
 8
TEXTO_RAMAS
 6
CONTINUOUS
 62
30
10
22.894939
20
42.751843
30
0
11
22.894939
21
42.751843
31
0
 1

 7
ROMANS
 40
0.06
 41
1
 50
270.165788
 72
1
 73
3
 0
LINE
 8
UNIFILAR
 6
CONTINUOUS
 62
30
10
24.512637
20
42.695753
30
0
11
24.383835
21
42.695753
31
0
 0
TEXT
 8
TEXTO_RAMAS
 6
CONTINUOUS
 62
30
10
24.480136
20
42.710753
30
0
11
24.480136
21
42.710753
31
0
 1
120 Ø20x2
 7
ROMANS
 40
0.06
 41
1
 50
0
 72
1
 73
0
 0
TEXT
 8
TEXTO_RAMAS
 6
CONTINUOUS
 62
30
10
24.480136
20
42.680753
30
0
11
24.480136
21
42.680753
31
0
 1
P/Al/PEX
 7
ROMANS
 40
0.06
 41
1
 50
0
 72
1
 73
3
 0
LINE
 8
UNIFILAR
 6
CONTINUOUS
 62
30
10
24.530136
20
42.681753
30
0
11
24.480136
21
42.695753
31
0
 0
LINE
 8
UNIFILAR
 6
CONTINUOUS
 62
30
10
24.530136
20
42.709753
30
0
11
24.480136
21
42.695753
31
0
 0
INSERT
 8
UNIFILAR
 6
CONTINUOUS
 62
30
 2
CONTADOR_GAS
10
25.486011
20
42.35747
30
0
41
0.0565
42
0.0565
43
1
 50
180.674776
 0
LINE
 8
UNIFILAR
 6
CONTINUOUS
 62
30
10
25.599699
20
42.358809
30
0
11
25.549569
21
42.358219
31
0
 0
LINE
 8
UNIFILAR
 6
CONTINUOUS
 62
30
10
25.422453
20
42.356722
30
0
11
25.372323
21
42.356131
31
0
 0
TEXT
 8
TEXTO_RAMAS
 6
CONTINUOUS
 62
30
10
25.485086
20
42.436027
30
0
11
25.485086
21
42.436027
31
0
 1

 7
ROMANS
 40
0.06
 41
1
 50
0.674776
 72
1
 73
0
 0
TEXT
 8
TEXTO_RAMAS
 6
CONTINUOUS
 62
30
10
25.486936
20
42.278913
30
0
11
25.486936
21
42.278913
31
0
 1

 7
ROMANS
 40
0.06
 41
1
 50
0.674776
 72
1
 73
3
 0
INSERT
 8
UNIFILAR
 6
CONTINUOUS
 62
30
 2
LLAVE_PASO_GAS
10
25.19226
20
42.356984
30
0
41
0.0375
42
0.0375
43
1
 50
179.567205
 0
LINE
 8
UNIFILAR
 6
CONTINUOUS
 62
30
10
25.319825
20
42.35602
30
0
11
25.248509
21
42.356559
31
0
 0
LINE
 8
UNIFILAR
 6
CONTINUOUS
 62
30
10
25.136012
20
42.357409
30
0
11
25.064696
21
42.357947
31
0
 0
TEXT
 8
TEXTO_RAMAS
 6
CONTINUOUS
 62
30
10
25.192799
20
42.428232
30
0
11
25.192799
21
42.428232
31
0
 1
Ø3/4"
 7
ROMANS
 40
0.06
 41
1
 50
359.567205
 72
1
 73
0
 0
TEXT
 8
TEXTO_RAMAS
 6
CONTINUOUS
 62
30
10
25.191722
20
42.285736
30
0
11
25.191722
21
42.285736
31
0
 1

 7
ROMANS
 40
0.06
 41
1
 50
359.567205
 72
1
 73
3
 0
LINE
 8
UNIFILAR
 6
CONTINUOUS
 62
30
10
25.03861
20
42.384395
30
0
11
25.040388
21
42.670181
31
0
 0
TEXT
 8
TEXTO_RAMAS
 6
CONTINUOUS
 62
30
10
25.024499
20
42.527382
30
0
11
25.024499
21
42.527382
31
0
 1
118 Ø20x22
 7
ROMANS
 40
0.06
 41
1
 50
89.643509
 72
1
 73
0
 0
TEXT
 8
TEXTO_RAMAS
 6
CONTINUOUS
 62
30
10
25.054498
20
42.527195
30
0
11
25.054498
21
42.527195
31
0
 1
Cobre
 7
ROMANS
 40
0.06
 41
1
 50
89.643509
 72
1
 73
3
 0
LINE
 8
UNIFILAR
 6
CONTINUOUS
 62
30
10
25.025188
20
42.477376
30
0
11
25.039499
21
42.527288
31
0
 0
LINE
 8
UNIFILAR
 6
CONTINUOUS
 62
30
10
25.053187
20
42.477202
30
0
11
25.039499
21
42.527288
31
0
 0
INSERT
 8
UNIFILAR
 6
CONTINUOUS
 62
30
 2
LLAVE_PASO_GAS
10
24.821594
20
42.696092
30
0
41
0.0375
42
0.0375
43
1
 50
180.088708
 0
LINE
 8
UNIFILAR
 6
CONTINUOUS
 62
30
10
25.014301
20
42.69639
30
0
11
24.877844
21
42.696179
31
0
 0
LINE
 8
UNIFILAR
 6
CONTINUOUS
 62
30
10
24.765344
20
42.696005
30
0
11
24.692637
21
42.695892
31
0
 0
TEXT
 8
TEXTO_RAMAS
 6
CONTINUOUS
 62
30
10
24.821484
20
42.767342
30
0
11
24.821484
21
42.767342
31
0
 1
Ø3/4"
 7
ROMANS
 40
0.06
 41
1
 50
0.088708
 72
1
 73
0
 0
TEXT
 8
TEXTO_RAMAS
 6
CONTINUOUS
 62
30
10
24.821705
20
42.624842
30
0
11
24.821705
21
42.624842
31
0
 1

 7
ROMANS
 40
0.06
 41
1
 50
0.088708
 72
1
 73
3
 0
LINE
 8
UNIFILAR
 6
CONTINUOUS
 62
30
10
20.103481
20
43.772488
30
0
11
19.866328
21
43.628388
31
0
 0
TEXT
 8
TEXTO_RAMAS
 6
CONTINUOUS
 62
30
10
19.977116
20
43.713257
30
0
11
19.977116
21
43.713257
31
0
 1
124 Ø16x2
 7
ROMANS
 40
0.06
 41
1
 50
31.283907
 72
1
 73
0
 0
TEXT
 8
TEXTO_RAMAS
 6
CONTINUOUS
 62
30
10
19.992694
20
43.687619
30
0
11
19.992694
21
43.687619
31
0
 1
P/Al/PEX
 7
ROMANS
 40
0.06
 41
1
 50
31.283907
 72
1
 73
3
 0
LINE
 8
UNIFILAR
 6
CONTINUOUS
 62
30
10
20.034905
20
43.714437
30
0
11
19.984905
21
43.700438
31
0
 0
LINE
 8
UNIFILAR
 6
CONTINUOUS
 62
30
10
20.020365
20
43.738366
30
0
11
19.984905
21
43.700438
31
0
 0
INSERT
 8
UNIFILAR
 6
CONTINUOUS
 62
30
 2
LLAVE_PASO_GAS
10
19.975808
20
43.401532
30
0
41
0.0375
42
0.0375
43
1
 50
301.743256
 0
LINE
 8
UNIFILAR
 6
CONTINUOUS
 62
30
10
19.857706
20
43.592433
30
0
11
19.946214
21
43.449368
31
0
 0
LINE
 8
UNIFILAR
 6
CONTINUOUS
 62
30
10
20.005402
20
43.353696
30
0
11
20.052041
21
43.278308
31
0
 0
TEXT
 8
TEXTO_RAMAS
 6
CONTINUOUS
 62
30
10
20.0364
20
43.439018
30
0
11
20.0364
21
43.439018
31
0
 1
Ø3/8"
 7
ROMANS
 40
0.06
 41
1
 50
301.743256
 72
1
 73
0
 0
TEXT
 8
TEXTO_RAMAS
 6
CONTINUOUS
 62
30
10
19.915216
20
43.364047
30
0
11
19.915216
21
43.364047
31
0
 1

 7
ROMANS
 40
0.06
 41
1
 50
301.743256
 72
1
 73
3
 0
TEXT
 8
0
 6
CONTINUOUS
 62
7
10
23.111181
20
34.998101
30
0
11
23.111181
21
34.998101
31
0
 1
Planta  Tercera
 7
ROMANS
 40
0.3
 41
1
 50
0
 72
1
 73
0
 0
INSERT
 8
UNIFILAR
 6
CONTINUOUS
 62
30
 2
CONEXION_PLANTAS_GAS
10
26.299198
20
50.260753
30
0
41
0.035
42
0.035
43
1
 50
0
 0
TEXT
 8
TEXTO_NUDOS
 6
CONTINUOUS
 62
30
10
26.299198
20
50.353253
30
0
11
26.299198
21
50.353253
31
0
 1
51
 7
ROMANS
 40
0.06
 41
1
 50
0
 72
1
 73
0
 0
INSERT
 8
UNIFILAR
 6
CONTINUOUS
 62
30
 2
NUDO_DERIVACION_GAS
10
26.135206
20
50.260753
30
0
41
0.035
42
0.035
43
1
 50
0
 0
TEXT
 8
TEXTO_NUDOS
 6
CONTINUOUS
 62
30
10
26.135206
20
50.327003
30
0
11
26.135206
21
50.327003
31
0
 1
52
 7
ROMANS
 40
0.06
 41
1
 50
0
 72
1
 73
0
 0
INSERT
 8
UNIFILAR
 6
CONTINUOUS
 62
30
 2
NUDO_DERIVACION_GAS
10
25.895615
20
50.260753
30
0
41
0.035
42
0.035
43
1
 50
0
 0
TEXT
 8
TEXTO_NUDOS
 6
CONTINUOUS
 62
30
10
25.895615
20
50.327003
30
0
11
25.895615
21
50.327003
31
0
 1
53
 7
ROMANS
 40
0.06
 41
1
 50
0
 72
1
 73
0
 0
INSERT
 8
UNIFILAR
 6
CONTINUOUS
 62
30
 2
NUDO_DERIVACION_GAS
10
25.618216
20
50.260753
30
0
41
0.035
42
0.035
43
1
 50
0
 0
TEXT
 8
TEXTO_NUDOS
 6
CONTINUOUS
 62
30
10
25.618216
20
50.327003
30
0
11
25.618216
21
50.327003
31
0
 1
54
 7
ROMANS
 40
0.06
 41
1
 50
0
 72
1
 73
0
 0
INSERT
 8
UNIFILAR
 6
CONTINUOUS
 62
30
 2
APARATO_GAS
10
24.594959
20
49.930753
30
0
41
0.08
42
0.08
43
1
 50
0
 0
TEXT
 8
TEXTO_NUDOS
 6
CONTINUOUS
 62
30
10
24.594959
20
50.060753
30
0
11
24.594959
21
50.060753
31
0
 1
58
 7
ROMANS
 40
0.06
 41
1
 50
0
 72
1
 73
0
 0
INSERT
 8
UNIFILAR
 6
CONTINUOUS
 62
30
 2
NUDO_PASO_GAS
10
24.349974
20
50.108688
30
0
41
0.02
42
0.02
43
1
 50
0
 0
TEXT
 8
TEXTO_NUDOS
 6
CONTINUOUS
 62
30
10
24.349974
20
50.163688
30
0
11
24.349974
21
50.163688
31
0
 1

 7
ROMANS
 40
0.06
 41
1
 50
0
 72
1
 73
0
 0
INSERT
 8
UNIFILAR
 6
CONTINUOUS
 62
30
 2
NUDO_DERIVACION_GAS
10
22.959198
20
50.112024
30
0
41
0.035
42
0.035
43
1
 50
0
 0
TEXT
 8
TEXTO_NUDOS
 6
CONTINUOUS
 62
30
10
22.959198
20
50.178274
30
0
11
22.959198
21
50.178274
31
0
 1
60
 7
ROMANS
 40
0.06
 41
1
 50
0
 72
1
 73
0
 0
INSERT
 8
UNIFILAR
 6
CONTINUOUS
 62
30
 2
NUDO_PASO_GAS
10
22.409198
20
50.111871
30
0
41
0.02
42
0.02
43
1
 50
0
 0
TEXT
 8
TEXTO_NUDOS
 6
CONTINUOUS
 62
30
10
22.409198
20
50.166871
30
0
11
22.409198
21
50.166871
31
0
 1

 7
ROMANS
 40
0.06
 41
1
 50
0
 72
1
 73
0
 0
INSERT
 8
UNIFILAR
 6
CONTINUOUS
 62
30
 2
NUDO_PASO_GAS
10
22.409198
20
47.440753
30
0
41
0.02
42
0.02
43
1
 50
0
 0
TEXT
 8
TEXTO_NUDOS
 6
CONTINUOUS
 62
30
10
22.464198
20
47.440753
30
0
11
22.464198
21
47.440753
31
0
 1

 7
ROMANS
 40
0.06
 41
1
 50
0
 72
0
 73
2
 0
INSERT
 8
UNIFILAR
 6
CONTINUOUS
 62
30
 2
NUDO_PASO_GAS
10
20.449198
20
47.440753
30
0
41
0.02
42
0.02
43
1
 50
0
 0
TEXT
 8
TEXTO_NUDOS
 6
CONTINUOUS
 62
30
10
20.394198
20
47.440753
30
0
11
20.394198
21
47.440753
31
0
 1

 7
ROMANS
 40
0.06
 41
1
 50
0
 72
2
 73
2
 0
INSERT
 8
UNIFILAR
 6
CONTINUOUS
 62
30
 2
NUDO_PASO_GAS
10
20.449198
20
48.640753
30
0
41
0.02
42
0.02
43
1
 50
0
 0
TEXT
 8
TEXTO_NUDOS
 6
CONTINUOUS
 62
30
10
20.449198
20
48.695753
30
0
11
20.449198
21
48.695753
31
0
 1

 7
ROMANS
 40
0.06
 41
1
 50
0
 72
1
 73
0
 0
INSERT
 8
UNIFILAR
 6
CONTINUOUS
 62
30
 2
NUDO_DERIVACION_GAS
10
20.118236
20
48.840387
30
0
41
0.035
42
0.035
43
1
 50
0
 0
TEXT
 8
TEXTO_NUDOS
 6
CONTINUOUS
 62
30
10
20.118236
20
48.906637
30
0
11
20.118236
21
48.906637
31
0
 1
61
 7
ROMANS
 40
0.06
 41
1
 50
0
 72
1
 73
0
 0
INSERT
 8
UNIFILAR
 6
CONTINUOUS
 62
30
 2
APARATO_GAS
10
20.376998
20
49.275658
30
0
41
0.08
42
0.08
43
1
 50
0
 0
TEXT
 8
TEXTO_NUDOS
 6
CONTINUOUS
 62
30
10
20.376998
20
49.405658
30
0
11
20.376998
21
49.405658
31
0
 1
62
 7
ROMANS
 40
0.06
 41
1
 50
0
 72
1
 73
0
 0
INSERT
 8
UNIFILAR
 6
CONTINUOUS
 62
30
 2
APARATO_GAS
10
22.957823
20
49.636889
30
0
41
0.08
42
0.08
43
1
 50
0
 0
TEXT
 8
TEXTO_NUDOS
 6
CONTINUOUS
 62
30
10
22.827823
20
49.636889
30
0
11
22.827823
21
49.636889
31
0
 1
65
 7
ROMANS
 40
0.06
 41
1
 50
0
 72
2
 73
2
 0
INSERT
 8
UNIFILAR
 6
CONTINUOUS
 62
30
 2
TOMA_PRESION_GAS
10
24.349957
20
49.930753
30
0
41
1
42
1
43
1
 50
180
 0
TEXT
 8
TEXTO_NUDOS
 6
CONTINUOUS
 62
30
10
24.283757
20
49.930753
30
0
11
24.283757
21
49.930753
31
0
 1
59
 7
ROMANS
 40
0.06
 41
1
 50
0
 72
2
 73
2
 0
INSERT
 8
UNIFILAR
 6
CONTINUOUS
 62
30
 2
NUDO_DERIVACION_GAS
10
25.338308
20
50.260753
30
0
41
0.035
42
0.035
43
1
 50
0
 0
TEXT
 8
TEXTO_NUDOS
 6
CONTINUOUS
 62
30
10
25.338308
20
50.327003
30
0
11
25.338308
21
50.327003
31
0
 1
55
 7
ROMANS
 40
0.06
 41
1
 50
0
 72
1
 73
0
 0
INSERT
 8
UNIFILAR
 6
CONTINUOUS
 62
30
 2
NUDO_DERIVACION_GAS
10
25.030714
20
50.260753
30
0
41
0.035
42
0.035
43
1
 50
0
 0
TEXT
 8
TEXTO_NUDOS
 6
CONTINUOUS
 62
30
10
25.030714
20
50.327003
30
0
11
25.030714
21
50.327003
31
0
 1
56
 7
ROMANS
 40
0.06
 41
1
 50
0
 72
1
 73
0
 0
INSERT
 8
UNIFILAR
 6
CONTINUOUS
 62
30
 2
NUDO_DERIVACION_GAS
10
25.030714
20
49.930068
30
0
41
0.035
42
0.035
43
1
 50
0
 0
TEXT
 8
TEXTO_NUDOS
 6
CONTINUOUS
 62
30
10
25.096964
20
49.930068
30
0
11
25.096964
21
49.930068
31
0
 1
57
 7
ROMANS
 40
0.06
 41
1
 50
0
 72
0
 73
2
 0
INSERT
 8
UNIFILAR
 6
CONTINUOUS
 62
30
 2
NUDO_DERIVACION_GAS
10
19.836217
20
49.011749
30
0
41
0.035
42
0.035
43
1
 50
0
 0
TEXT
 8
TEXTO_NUDOS
 6
CONTINUOUS
 62
30
10
19.836217
20
49.077999
30
0
11
19.836217
21
49.077999
31
0
 1
63
 7
ROMANS
 40
0.06
 41
1
 50
0
 72
1
 73
0
 0
INSERT
 8
UNIFILAR
 6
CONTINUOUS
 62
30
 2
APARATO_GAS
10
20.100042
20
49.438198
30
0
41
0.08
42
0.08
43
1
 50
0
 0
TEXT
 8
TEXTO_NUDOS
 6
CONTINUOUS
 62
30
10
20.100042
20
49.568198
30
0
11
20.100042
21
49.568198
31
0
 1
64
 7
ROMANS
 40
0.06
 41
1
 50
0
 72
1
 73
0
 0
INSERT
 8
UNIFILAR
 6
CONTINUOUS
 62
30
 2
CONEXION_PLANTAS_GAS
10
26.299198
20
53.708405
30
0
41
0.035
42
0.035
43
1
 50
0
 0
TEXT
 8
TEXTO_NUDOS
 6
CONTINUOUS
 62
30
10
26.299198
20
53.800905
30
0
11
26.299198
21
53.800905
31
0
 1
128
 7
ROMANS
 40
0.06
 41
1
 50
0
 72
1
 73
0
 0
INSERT
 8
UNIFILAR
 6
CONTINUOUS
 62
30
 2
NUDO_DERIVACION_GAS
10
26.13529
20
53.70316
30
0
41
0.035
42
0.035
43
1
 50
0
 0
TEXT
 8
TEXTO_NUDOS
 6
CONTINUOUS
 62
30
10
26.13529
20
53.76941
30
0
11
26.13529
21
53.76941
31
0
 1
129
 7
ROMANS
 40
0.06
 41
1
 50
0
 72
1
 73
0
 0
INSERT
 8
UNIFILAR
 6
CONTINUOUS
 62
30
 2
NUDO_DERIVACION_GAS
10
25.895674
20
53.70395
30
0
41
0.035
42
0.035
43
1
 50
0
 0
TEXT
 8
TEXTO_NUDOS
 6
CONTINUOUS
 62
30
10
25.895674
20
53.7702
30
0
11
25.895674
21
53.7702
31
0
 1
130
 7
ROMANS
 40
0.06
 41
1
 50
0
 72
1
 73
0
 0
INSERT
 8
UNIFILAR
 6
CONTINUOUS
 62
30
 2
NUDO_DERIVACION_GAS
10
25.618269
20
53.70177
30
0
41
0.035
42
0.035
43
1
 50
0
 0
TEXT
 8
TEXTO_NUDOS
 6
CONTINUOUS
 62
30
10
25.618269
20
53.76802
30
0
11
25.618269
21
53.76802
31
0
 1
131
 7
ROMANS
 40
0.06
 41
1
 50
0
 72
1
 73
0
 0
INSERT
 8
UNIFILAR
 6
CONTINUOUS
 62
30
 2
APARATO_GAS
10
24.594959
20
54.038405
30
0
41
0.08
42
0.08
43
1
 50
0
 0
TEXT
 8
TEXTO_NUDOS
 6
CONTINUOUS
 62
30
10
24.594959
20
54.168405
30
0
11
24.594959
21
54.168405
31
0
 1
135
 7
ROMANS
 40
0.06
 41
1
 50
0
 72
1
 73
0
 0
INSERT
 8
UNIFILAR
 6
CONTINUOUS
 62
30
 2
NUDO_PASO_GAS
10
24.349974
20
53.86047
30
0
41
0.02
42
0.02
43
1
 50
0
 0
TEXT
 8
TEXTO_NUDOS
 6
CONTINUOUS
 62
30
10
24.404974
20
53.86047
30
0
11
24.404974
21
53.86047
31
0
 1

 7
ROMANS
 40
0.06
 41
1
 50
0
 72
0
 73
2
 0
INSERT
 8
UNIFILAR
 6
CONTINUOUS
 62
30
 2
NUDO_DERIVACION_GAS
10
22.959198
20
53.857133
30
0
41
0.035
42
0.035
43
1
 50
0
 0
TEXT
 8
TEXTO_NUDOS
 6
CONTINUOUS
 62
30
10
22.959198
20
53.790883
30
0
11
22.959198
21
53.790883
31
0
 1
137
 7
ROMANS
 40
0.06
 41
1
 50
0
 72
1
 73
3
 0
INSERT
 8
UNIFILAR
 6
CONTINUOUS
 62
30
 2
NUDO_PASO_GAS
10
22.409198
20
53.857287
30
0
41
0.02
42
0.02
43
1
 50
0
 0
TEXT
 8
TEXTO_NUDOS
 6
CONTINUOUS
 62
30
10
22.354198
20
53.857287
30
0
11
22.354198
21
53.857287
31
0
 1

 7
ROMANS
 40
0.06
 41
1
 50
0
 72
2
 73
2
 0
INSERT
 8
UNIFILAR
 6
CONTINUOUS
 62
30
 2
NUDO_PASO_GAS
10
22.409198
20
56.528405
30
0
41
0.02
42
0.02
43
1
 50
0
 0
TEXT
 8
TEXTO_NUDOS
 6
CONTINUOUS
 62
30
10
22.409198
20
56.583405
30
0
11
22.409198
21
56.583405
31
0
 1

 7
ROMANS
 40
0.06
 41
1
 50
0
 72
1
 73
0
 0
INSERT
 8
UNIFILAR
 6
CONTINUOUS
 62
30
 2
NUDO_PASO_GAS
10
20.449198
20
56.528405
30
0
41
0.02
42
0.02
43
1
 50
0
 0
TEXT
 8
TEXTO_NUDOS
 6
CONTINUOUS
 62
30
10
20.449198
20
56.583405
30
0
11
20.449198
21
56.583405
31
0
 1

 7
ROMANS
 40
0.06
 41
1
 50
0
 72
1
 73
0
 0
INSERT
 8
UNIFILAR
 6
CONTINUOUS
 62
30
 2
NUDO_PASO_GAS
10
20.449198
20
55.328405
30
0
41
0.02
42
0.02
43
1
 50
0
 0
TEXT
 8
TEXTO_NUDOS
 6
CONTINUOUS
 62
30
10
20.394198
20
55.328405
30
0
11
20.394198
21
55.328405
31
0
 1

 7
ROMANS
 40
0.06
 41
1
 50
0
 72
2
 73
2
 0
INSERT
 8
UNIFILAR
 6
CONTINUOUS
 62
30
 2
NUDO_DERIVACION_GAS
10
20.118236
20
55.128771
30
0
41
0.035
42
0.035
43
1
 50
0
 0
TEXT
 8
TEXTO_NUDOS
 6
CONTINUOUS
 62
30
10
20.118236
20
55.195021
30
0
11
20.118236
21
55.195021
31
0
 1
138
 7
ROMANS
 40
0.06
 41
1
 50
0
 72
1
 73
0
 0
INSERT
 8
UNIFILAR
 6
CONTINUOUS
 62
30
 2
APARATO_GAS
10
20.376998
20
54.6935
30
0
41
0.08
42
0.08
43
1
 50
0
 0
TEXT
 8
TEXTO_NUDOS
 6
CONTINUOUS
 62
30
10
20.376998
20
54.8235
30
0
11
20.376998
21
54.8235
31
0
 1
139
 7
ROMANS
 40
0.06
 41
1
 50
0
 72
1
 73
0
 0
INSERT
 8
UNIFILAR
 6
CONTINUOUS
 62
30
 2
APARATO_GAS
10
22.957823
20
54.332268
30
0
41
0.08
42
0.08
43
1
 50
0
 0
TEXT
 8
TEXTO_NUDOS
 6
CONTINUOUS
 62
30
10
22.957823
20
54.462268
30
0
11
22.957823
21
54.462268
31
0
 1
142
 7
ROMANS
 40
0.06
 41
1
 50
0
 72
1
 73
0
 0
INSERT
 8
UNIFILAR
 6
CONTINUOUS
 62
30
 2
TOMA_PRESION_GAS
10
24.349957
20
54.038405
30
0
41
1
42
1
43
1
 50
0
 0
TEXT
 8
TEXTO_NUDOS
 6
CONTINUOUS
 62
30
10
24.283757
20
54.038405
30
0
11
24.283757
21
54.038405
31
0
 1
136
 7
ROMANS
 40
0.06
 41
1
 50
0
 72
2
 73
2
 0
INSERT
 8
UNIFILAR
 6
CONTINUOUS
 62
30
 2
NUDO_DERIVACION_GAS
10
25.338396
20
53.698474
30
0
41
0.035
42
0.035
43
1
 50
0
 0
TEXT
 8
TEXTO_NUDOS
 6
CONTINUOUS
 62
30
10
25.338396
20
53.764724
30
0
11
25.338396
21
53.764724
31
0
 1
132
 7
ROMANS
 40
0.06
 41
1
 50
0
 72
1
 73
0
 0
INSERT
 8
UNIFILAR
 6
CONTINUOUS
 62
30
 2
NUDO_DERIVACION_GAS
10
25.030768
20
53.700798
30
0
41
0.035
42
0.035
43
1
 50
0
 0
TEXT
 8
TEXTO_NUDOS
 6
CONTINUOUS
 62
30
10
24.964518
20
53.700798
30
0
11
24.964518
21
53.700798
31
0
 1
133
 7
ROMANS
 40
0.06
 41
1
 50
0
 72
2
 73
2
 0
INSERT
 8
UNIFILAR
 6
CONTINUOUS
 62
30
 2
NUDO_DERIVACION_GAS
10
25.032873
20
54.039083
30
0
41
0.035
42
0.035
43
1
 50
0
 0
TEXT
 8
TEXTO_NUDOS
 6
CONTINUOUS
 62
30
10
25.032873
20
54.105333
30
0
11
25.032873
21
54.105333
31
0
 1
134
 7
ROMANS
 40
0.06
 41
1
 50
0
 72
1
 73
0
 0
INSERT
 8
UNIFILAR
 6
CONTINUOUS
 62
30
 2
NUDO_DERIVACION_GAS
10
19.836217
20
54.957409
30
0
41
0.035
42
0.035
43
1
 50
0
 0
TEXT
 8
TEXTO_NUDOS
 6
CONTINUOUS
 62
30
10
19.836217
20
55.023659
30
0
11
19.836217
21
55.023659
31
0
 1
140
 7
ROMANS
 40
0.06
 41
1
 50
0
 72
1
 73
0
 0
INSERT
 8
UNIFILAR
 6
CONTINUOUS
 62
30
 2
APARATO_GAS
10
20.100042
20
54.53096
30
0
41
0.08
42
0.08
43
1
 50
0
 0
TEXT
 8
TEXTO_NUDOS
 6
CONTINUOUS
 62
30
10
20.100042
20
54.66096
30
0
11
20.100042
21
54.66096
31
0
 1
141
 7
ROMANS
 40
0.06
 41
1
 50
0
 72
1
 73
0
 0
LINE
 8
UNIFILAR
 6
CONTINUOUS
 62
30
10
26.246698
20
50.260753
30
0
11
26.161456
21
50.260753
31
0
 0
TEXT
 8
TEXTO_RAMAS
 6
CONTINUOUS
 62
30
10
26.217202
20
50.275753
30
0
11
26.217202
21
50.275753
31
0
 1
51 Ø20x22
 7
ROMANS
 40
0.06
 41
1
 50
0
 72
1
 73
0
 0
TEXT
 8
TEXTO_RAMAS
 6
CONTINUOUS
 62
30
10
26.217202
20
50.245753
30
0
11
26.217202
21
50.245753
31
0
 1
Cobre
 7
ROMANS
 40
0.06
 41
1
 50
0
 72
1
 73
3
 0
LINE
 8
UNIFILAR
 6
CONTINUOUS
 62
30
10
26.267202
20
50.246753
30
0
11
26.217202
21
50.260753
31
0
 0
LINE
 8
UNIFILAR
 6
CONTINUOUS
 62
30
10
26.267202
20
50.274753
30
0
11
26.217202
21
50.260753
31
0
 0
INSERT
 8
UNIFILAR
 6
CONTINUOUS
 62
30
 2
LLAVE_PASO_GAS
10
26.01541
20
50.260753
30
0
41
0.0375
42
0.0375
43
1
 50
180
 0
LINE
 8
UNIFILAR
 6
CONTINUOUS
 62
30
10
26.108956
20
50.260753
30
0
11
26.07166
21
50.260753
31
0
 0
LINE
 8
UNIFILAR
 6
CONTINUOUS
 62
30
10
25.95916
20
50.260753
30
0
11
25.921865
21
50.260753
31
0
 0
TEXT
 8
TEXTO_RAMAS
 6
CONTINUOUS
 62
30
10
26.01541
20
50.332003
30
0
11
26.01541
21
50.332003
31
0
 1
Ø3/4"
 7
ROMANS
 40
0.06
 41
1
 50
0
 72
1
 73
0
 0
TEXT
 8
TEXTO_RAMAS
 6
CONTINUOUS
 62
30
10
26.01541
20
50.189503
30
0
11
26.01541
21
50.189503
31
0
 1

 7
ROMANS
 40
0.06
 41
1
 50
0
 72
1
 73
3
 0
INSERT
 8
UNIFILAR
 6
CONTINUOUS
 62
30
 2
VALVULA_REG_PRESION_GAS
10
25.756916
20
50.260753
30
0
41
0.0375
42
0.0375
43
1
 50
180
 0
LINE
 8
UNIFILAR
 6
CONTINUOUS
 62
30
10
25.869365
20
50.260753
30
0
11
25.813166
21
50.260753
31
0
 0
LINE
 8
UNIFILAR
 6
CONTINUOUS
 62
30
10
25.700666
20
50.260753
30
0
11
25.644466
21
50.260753
31
0
 0
TEXT
 8
TEXTO_RAMAS
 6
CONTINUOUS
 62
30
10
25.756916
20
50.31794
30
0
11
25.756916
21
50.31794
31
0
 1

 7
ROMANS
 40
0.06
 41
1
 50
0
 72
1
 73
0
 0
TEXT
 8
TEXTO_RAMAS
 6
CONTINUOUS
 62
30
10
25.756916
20
50.203565
30
0
11
25.756916
21
50.203565
31
0
 1

 7
ROMANS
 40
0.06
 41
1
 50
0
 72
1
 73
3
 0
LINE
 8
UNIFILAR
 6
CONTINUOUS
 62
30
10
24.334974
20
50.108724
30
0
11
22.985448
21
50.111961
31
0
 0
LINE
 8
UNIFILAR
 6
CONTINUOUS
 62
30
10
24.34996
20
49.956953
30
0
11
24.349972
21
50.093688
31
0
 0
TEXT
 8
TEXTO_RAMAS
 6
CONTINUOUS
 62
30
10
23.654622
20
50.125356
30
0
11
23.654622
21
50.125356
31
0
 1
59 Ø20x2
 7
ROMANS
 40
0.06
 41
1
 50
359.862541
 72
1
 73
0
 0
TEXT
 8
TEXTO_RAMAS
 6
CONTINUOUS
 62
30
10
23.65455
20
50.095356
30
0
11
23.65455
21
50.095356
31
0
 1
P/Al/PEX
 7
ROMANS
 40
0.06
 41
1
 50
359.862541
 72
1
 73
3
 0
LINE
 8
UNIFILAR
 6
CONTINUOUS
 62
30
10
23.704552
20
50.096236
30
0
11
23.654586
21
50.110356
31
0
 0
LINE
 8
UNIFILAR
 6
CONTINUOUS
 62
30
10
23.704619
20
50.124236
30
0
11
23.654586
21
50.110356
31
0
 0
LINE
 8
UNIFILAR
 6
CONTINUOUS
 62
30
10
22.932948
20
50.112017
30
0
11
22.424198
21
50.111875
31
0
 0
LINE
 8
UNIFILAR
 6
CONTINUOUS
 62
30
10
22.409198
20
50.096871
30
0
11
22.409198
21
47.455753
31
0
 0
LINE
 8
UNIFILAR
 6
CONTINUOUS
 62
30
10
22.394198
20
47.440753
30
0
11
20.464198
21
47.440753
31
0
 0
LINE
 8
UNIFILAR
 6
CONTINUOUS
 62
30
10
20.449198
20
47.455753
30
0
11
20.449198
21
48.625753
31
0
 0
LINE
 8
UNIFILAR
 6
CONTINUOUS
 62
30
10
20.436353
20
48.6485
30
0
11
20.140714
21
48.826828
31
0
 0
TEXT
 8
TEXTO_RAMAS
 6
CONTINUOUS
 62
30
10
21.429198
20
47.455753
30
0
11
21.429198
21
47.455753
31
0
 1
60 Ø20x2
 7
ROMANS
 40
0.06
 41
1
 50
0
 72
1
 73
0
 0
TEXT
 8
TEXTO_RAMAS
 6
CONTINUOUS
 62
30
10
21.429198
20
47.425753
30
0
11
21.429198
21
47.425753
31
0
 1
P/Al/PEX
 7
ROMANS
 40
0.06
 41
1
 50
0
 72
1
 73
3
 0
LINE
 8
UNIFILAR
 6
CONTINUOUS
 62
30
10
21.479198
20
47.426753
30
0
11
21.429198
21
47.440753
31
0
 0
LINE
 8
UNIFILAR
 6
CONTINUOUS
 62
30
10
21.479198
20
47.454753
30
0
11
21.429198
21
47.440753
31
0
 0
INSERT
 8
UNIFILAR
 6
CONTINUOUS
 62
30
 2
LLAVE_PASO_GAS
10
20.247617
20
49.058022
30
0
41
0.0375
42
0.0375
43
1
 50
59.269241
 0
LINE
 8
UNIFILAR
 6
CONTINUOUS
 62
30
10
20.13165
20
48.862951
30
0
11
20.218873
21
49.009671
31
0
 0
LINE
 8
UNIFILAR
 6
CONTINUOUS
 62
30
10
20.276361
20
49.106374
30
0
11
20.323494
21
49.185658
31
0
 0
TEXT
 8
TEXTO_RAMAS
 6
CONTINUOUS
 62
30
10
20.186372
20
49.094431
30
0
11
20.186372
21
49.094431
31
0
 1
Ø1/2"
 7
ROMANS
 40
0.06
 41
1
 50
59.269241
 72
1
 73
0
 0
TEXT
 8
TEXTO_RAMAS
 6
CONTINUOUS
 62
30
10
20.308862
20
49.021613
30
0
11
20.308862
21
49.021613
31
0
 1

 7
ROMANS
 40
0.06
 41
1
 50
59.269241
 72
1
 73
3
 0
INSERT
 8
UNIFILAR
 6
CONTINUOUS
 62
30
 2
LLAVE_PASO_GAS
10
22.95851
20
49.874457
30
0
41
0.0375
42
0.0375
43
1
 50
269.834212
 0
LINE
 8
UNIFILAR
 6
CONTINUOUS
 62
30
10
22.959122
20
50.085774
30
0
11
22.958673
21
49.930707
31
0
 0
LINE
 8
UNIFILAR
 6
CONTINUOUS
 62
30
10
22.958348
20
49.818207
30
0
11
22.958083
21
49.726889
31
0
 0
TEXT
 8
TEXTO_RAMAS
 6
CONTINUOUS
 62
30
10
22.887261
20
49.874663
30
0
11
22.887261
21
49.874663
31
0
 1
Ø1/2"
 7
ROMANS
 40
0.06
 41
1
 50
89.834212
 72
1
 73
0
 0
TEXT
 8
TEXTO_RAMAS
 6
CONTINUOUS
 62
30
10
23.02976
20
49.874251
30
0
11
23.02976
21
49.874251
31
0
 1

 7
ROMANS
 40
0.06
 41
1
 50
89.834212
 72
1
 73
3
 0
LINE
 8
UNIFILAR
 6
CONTINUOUS
 62
30
10
24.504959
20
49.930753
30
0
11
24.376157
21
49.930753
31
0
 0
TEXT
 8
TEXTO_RAMAS
 6
CONTINUOUS
 62
30
10
24.472458
20
49.945753
30
0
11
24.472458
21
49.945753
31
0
 1
58 Ø20x2
 7
ROMANS
 40
0.06
 41
1
 50
0
 72
1
 73
0
 0
TEXT
 8
TEXTO_RAMAS
 6
CONTINUOUS
 62
30
10
24.472458
20
49.915753
30
0
11
24.472458
21
49.915753
31
0
 1
P/Al/PEX
 7
ROMANS
 40
0.06
 41
1
 50
0
 72
1
 73
3
 0
LINE
 8
UNIFILAR
 6
CONTINUOUS
 62
30
10
24.522458
20
49.916753
30
0
11
24.472458
21
49.930753
31
0
 0
LINE
 8
UNIFILAR
 6
CONTINUOUS
 62
30
10
24.522458
20
49.944753
30
0
11
24.472458
21
49.930753
31
0
 0
INSERT
 8
UNIFILAR
 6
CONTINUOUS
 62
30
 2
CONTADOR_GAS
10
25.478262
20
50.260753
30
0
41
0.0565
42
0.0565
43
1
 50
180
 0
LINE
 8
UNIFILAR
 6
CONTINUOUS
 62
30
10
25.591966
20
50.260753
30
0
11
25.541825
21
50.260753
31
0
 0
LINE
 8
UNIFILAR
 6
CONTINUOUS
 62
30
10
25.4147
20
50.260753
30
0
11
25.364558
21
50.260753
31
0
 0
TEXT
 8
TEXTO_RAMAS
 6
CONTINUOUS
 62
30
10
25.478262
20
50.339315
30
0
11
25.478262
21
50.339315
31
0
 1

 7
ROMANS
 40
0.06
 41
1
 50
0
 72
1
 73
0
 0
TEXT
 8
TEXTO_RAMAS
 6
CONTINUOUS
 62
30
10
25.478262
20
50.18219
30
0
11
25.478262
21
50.18219
31
0
 1

 7
ROMANS
 40
0.06
 41
1
 50
0
 72
1
 73
3
 0
INSERT
 8
UNIFILAR
 6
CONTINUOUS
 62
30
 2
LLAVE_PASO_GAS
10
25.184511
20
50.260753
30
0
41
0.0375
42
0.0375
43
1
 50
180
 0
LINE
 8
UNIFILAR
 6
CONTINUOUS
 62
30
10
25.312058
20
50.260753
30
0
11
25.240761
21
50.260753
31
0
 0
LINE
 8
UNIFILAR
 6
CONTINUOUS
 62
30
10
25.128261
20
50.260753
30
0
11
25.056964
21
50.260753
31
0
 0
TEXT
 8
TEXTO_RAMAS
 6
CONTINUOUS
 62
30
10
25.184511
20
50.332003
30
0
11
25.184511
21
50.332003
31
0
 1
Ø3/4"
 7
ROMANS
 40
0.06
 41
1
 50
0
 72
1
 73
0
 0
TEXT
 8
TEXTO_RAMAS
 6
CONTINUOUS
 62
30
10
25.184511
20
50.189503
30
0
11
25.184511
21
50.189503
31
0
 1

 7
ROMANS
 40
0.06
 41
1
 50
0
 72
1
 73
3
 0
LINE
 8
UNIFILAR
 6
CONTINUOUS
 62
30
10
25.030714
20
50.234503
30
0
11
25.030714
21
49.956318
31
0
 0
TEXT
 8
TEXTO_RAMAS
 6
CONTINUOUS
 62
30
10
25.015714
20
50.09541
30
0
11
25.015714
21
50.09541
31
0
 1
56 Ø20x22
 7
ROMANS
 40
0.06
 41
1
 50
90
 72
1
 73
0
 0
TEXT
 8
TEXTO_RAMAS
 6
CONTINUOUS
 62
30
10
25.045714
20
50.09541
30
0
11
25.045714
21
50.09541
31
0
 1
Cobre
 7
ROMANS
 40
0.06
 41
1
 50
90
 72
1
 73
3
 0
LINE
 8
UNIFILAR
 6
CONTINUOUS
 62
30
10
25.044714
20
50.14541
30
0
11
25.030714
21
50.09541
31
0
 0
LINE
 8
UNIFILAR
 6
CONTINUOUS
 62
30
10
25.016714
20
50.14541
30
0
11
25.030714
21
50.09541
31
0
 0
INSERT
 8
UNIFILAR
 6
CONTINUOUS
 62
30
 2
LLAVE_PASO_GAS
10
24.812837
20
49.93041
30
0
41
0.0375
42
0.0375
43
1
 50
179.909977
 0
LINE
 8
UNIFILAR
 6
CONTINUOUS
 62
30
10
25.004464
20
49.930109
30
0
11
24.869087
21
49.930322
31
0
 0
LINE
 8
UNIFILAR
 6
CONTINUOUS
 62
30
10
24.756587
20
49.930499
30
0
11
24.684959
21
49.930611
31
0
 0
TEXT
 8
TEXTO_RAMAS
 6
CONTINUOUS
 62
30
10
24.812949
20
50.00166
30
0
11
24.812949
21
50.00166
31
0
 1
Ø3/4"
 7
ROMANS
 40
0.06
 41
1
 50
359.909977
 72
1
 73
0
 0
TEXT
 8
TEXTO_RAMAS
 6
CONTINUOUS
 62
30
10
24.812725
20
49.859161
30
0
11
24.812725
21
49.859161
31
0
 1

 7
ROMANS
 40
0.06
 41
1
 50
359.909977
 72
1
 73
3
 0
LINE
 8
UNIFILAR
 6
CONTINUOUS
 62
30
10
20.095803
20
48.854018
30
0
11
19.85865
21
48.998118
31
0
 0
TEXT
 8
TEXTO_RAMAS
 6
CONTINUOUS
 62
30
10
19.985016
20
48.938887
30
0
11
19.985016
21
48.938887
31
0
 1
62 Ø16x2
 7
ROMANS
 40
0.06
 41
1
 50
328.716093
 72
1
 73
0
 0
TEXT
 8
TEXTO_RAMAS
 6
CONTINUOUS
 62
30
10
19.969437
20
48.913249
30
0
11
19.969437
21
48.913249
31
0
 1
P/Al/PEX
 7
ROMANS
 40
0.06
 41
1
 50
328.716093
 72
1
 73
3
 0
LINE
 8
UNIFILAR
 6
CONTINUOUS
 62
30
10
20.012687
20
48.888139
30
0
11
19.977227
21
48.926068
31
0
 0
LINE
 8
UNIFILAR
 6
CONTINUOUS
 62
30
10
20.027227
20
48.912068
30
0
11
19.977227
21
48.926068
31
0
 0
INSERT
 8
UNIFILAR
 6
CONTINUOUS
 62
30
 2
LLAVE_PASO_GAS
10
19.968129
20
49.224973
30
0
41
0.0375
42
0.0375
43
1
 50
58.256744
 0
LINE
 8
UNIFILAR
 6
CONTINUOUS
 62
30
10
19.850027
20
49.034072
30
0
11
19.938536
21
49.177138
31
0
 0
LINE
 8
UNIFILAR
 6
CONTINUOUS
 62
30
10
19.997723
20
49.272809
30
0
11
20.044363
21
49.348198
31
0
 0
TEXT
 8
TEXTO_RAMAS
 6
CONTINUOUS
 62
30
10
19.907537
20
49.262459
30
0
11
19.907537
21
49.262459
31
0
 1
Ø3/8"
 7
ROMANS
 40
0.06
 41
1
 50
58.256744
 72
1
 73
0
 0
TEXT
 8
TEXTO_RAMAS
 6
CONTINUOUS
 62
30
10
20.028721
20
49.187488
30
0
11
20.028721
21
49.187488
31
0
 1

 7
ROMANS
 40
0.06
 41
1
 50
58.256744
 72
1
 73
3
 0
LINE
 8
UNIFILAR
 6
CONTINUOUS
 62
30
10
26.246725
20
53.706726
30
0
11
26.161526
21
53.703999
31
0
 0
TEXT
 8
TEXTO_RAMAS
 6
CONTINUOUS
 62
30
10
26.216764
20
53.720775
30
0
11
26.216764
21
53.720775
31
0
 1
128 Ø20x22
 7
ROMANS
 40
0.06
 41
1
 50
1.832804
 72
1
 73
0
 0
TEXT
 8
TEXTO_RAMAS
 6
CONTINUOUS
 62
30
10
26.217723
20
53.69079
30
0
11
26.217723
21
53.69079
31
0
 1
Cobre
 7
ROMANS
 40
0.06
 41
1
 50
1.832804
 72
1
 73
3
 0
LINE
 8
UNIFILAR
 6
CONTINUOUS
 62
30
10
26.267666
20
53.693389
30
0
11
26.217244
21
53.705782
31
0
 0
LINE
 8
UNIFILAR
 6
CONTINUOUS
 62
30
10
26.26677
20
53.721374
30
0
11
26.217244
21
53.705782
31
0
 0
INSERT
 8
UNIFILAR
 6
CONTINUOUS
 62
30
 2
LLAVE_PASO_GAS
10
26.015482
20
53.703555
30
0
41
0.0375
42
0.0375
43
1
 50
179.811089
 0
LINE
 8
UNIFILAR
 6
CONTINUOUS
 62
30
10
26.10904
20
53.703246
30
0
11
26.071731
21
53.703369
31
0
 0
LINE
 8
UNIFILAR
 6
CONTINUOUS
 62
30
10
25.959232
20
53.70374
30
0
11
25.921924
21
53.703863
31
0
 0
TEXT
 8
TEXTO_RAMAS
 6
CONTINUOUS
 62
30
10
26.015717
20
53.774804
30
0
11
26.015717
21
53.774804
31
0
 1
Ø3/4"
 7
ROMANS
 40
0.06
 41
1
 50
359.811089
 72
1
 73
0
 0
TEXT
 8
TEXTO_RAMAS
 6
CONTINUOUS
 62
30
10
26.015247
20
53.632305
30
0
11
26.015247
21
53.632305
31
0
 1

 7
ROMANS
 40
0.06
 41
1
 50
359.811089
 72
1
 73
3
 0
INSERT
 8
UNIFILAR
 6
CONTINUOUS
 62
30
 2
VALVULA_REG_PRESION_GAS
10
25.756972
20
53.70286
30
0
41
0.0375
42
0.0375
43
1
 50
180.45019
 0
LINE
 8
UNIFILAR
 6
CONTINUOUS
 62
30
10
25.869425
20
53.703744
30
0
11
25.81322
21
53.703302
31
0
 0
LINE
 8
UNIFILAR
 6
CONTINUOUS
 62
30
10
25.700723
20
53.702418
30
0
11
25.644519
21
53.701976
31
0
 0
TEXT
 8
TEXTO_RAMAS
 6
CONTINUOUS
 62
30
10
25.756522
20
53.760046
30
0
11
25.756522
21
53.760046
31
0
 1

 7
ROMANS
 40
0.06
 41
1
 50
0.45019
 72
1
 73
0
 0
TEXT
 8
TEXTO_RAMAS
 6
CONTINUOUS
 62
30
10
25.757421
20
53.645674
30
0
11
25.757421
21
53.645674
31
0
 1

 7
ROMANS
 40
0.06
 41
1
 50
0.45019
 72
1
 73
3
 0
LINE
 8
UNIFILAR
 6
CONTINUOUS
 62
30
10
24.334974
20
53.860434
30
0
11
22.985448
21
53.857196
31
0
 0
LINE
 8
UNIFILAR
 6
CONTINUOUS
 62
30
10
24.34996
20
54.012205
30
0
11
24.349972
21
53.87547
31
0
 0
TEXT
 8
TEXTO_RAMAS
 6
CONTINUOUS
 62
30
10
23.65455
20
53.873801
30
0
11
23.65455
21
53.873801
31
0
 1
136 Ø20x2
 7
ROMANS
 40
0.06
 41
1
 50
0.137459
 72
1
 73
0
 0
TEXT
 8
TEXTO_RAMAS
 6
CONTINUOUS
 62
30
10
23.654622
20
53.843802
30
0
11
23.654622
21
53.843802
31
0
 1
P/Al/PEX
 7
ROMANS
 40
0.06
 41
1
 50
0.137459
 72
1
 73
3
 0
LINE
 8
UNIFILAR
 6
CONTINUOUS
 62
30
10
23.704619
20
53.844921
30
0
11
23.654586
21
53.858801
31
0
 0
LINE
 8
UNIFILAR
 6
CONTINUOUS
 62
30
10
23.704552
20
53.872921
30
0
11
23.654586
21
53.858801
31
0
 0
LINE
 8
UNIFILAR
 6
CONTINUOUS
 62
30
10
22.932948
20
53.85714
30
0
11
22.424198
21
53.857282
31
0
 0
LINE
 8
UNIFILAR
 6
CONTINUOUS
 62
30
10
22.409198
20
53.872287
30
0
11
22.409198
21
56.513405
31
0
 0
LINE
 8
UNIFILAR
 6
CONTINUOUS
 62
30
10
22.394198
20
56.528405
30
0
11
20.464198
21
56.528405
31
0
 0
LINE
 8
UNIFILAR
 6
CONTINUOUS
 62
30
10
20.449198
20
56.513405
30
0
11
20.449198
21
55.343405
31
0
 0
LINE
 8
UNIFILAR
 6
CONTINUOUS
 62
30
10
20.436353
20
55.320657
30
0
11
20.140714
21
55.142329
31
0
 0
TEXT
 8
TEXTO_RAMAS
 6
CONTINUOUS
 62
30
10
21.429198
20
56.543405
30
0
11
21.429198
21
56.543405
31
0
 1
137 Ø20x2
 7
ROMANS
 40
0.06
 41
1
 50
0
 72
1
 73
0
 0
TEXT
 8
TEXTO_RAMAS
 6
CONTINUOUS
 62
30
10
21.429198
20
56.513405
30
0
11
21.429198
21
56.513405
31
0
 1
P/Al/PEX
 7
ROMANS
 40
0.06
 41
1
 50
0
 72
1
 73
3
 0
LINE
 8
UNIFILAR
 6
CONTINUOUS
 62
30
10
21.479198
20
56.514405
30
0
11
21.429198
21
56.528405
31
0
 0
LINE
 8
UNIFILAR
 6
CONTINUOUS
 62
30
10
21.479198
20
56.542405
30
0
11
21.429198
21
56.528405
31
0
 0
INSERT
 8
UNIFILAR
 6
CONTINUOUS
 62
30
 2
LLAVE_PASO_GAS
10
20.247617
20
54.911135
30
0
41
0.0375
42
0.0375
43
1
 50
300.730759
 0
LINE
 8
UNIFILAR
 6
CONTINUOUS
 62
30
10
20.13165
20
55.106207
30
0
11
20.218873
21
54.959486
31
0
 0
LINE
 8
UNIFILAR
 6
CONTINUOUS
 62
30
10
20.276361
20
54.862784
30
0
11
20.323494
21
54.7835
31
0
 0
TEXT
 8
TEXTO_RAMAS
 6
CONTINUOUS
 62
30
10
20.308862
20
54.947544
30
0
11
20.308862
21
54.947544
31
0
 1
Ø1/2"
 7
ROMANS
 40
0.06
 41
1
 50
300.730759
 72
1
 73
0
 0
TEXT
 8
TEXTO_RAMAS
 6
CONTINUOUS
 62
30
10
20.186372
20
54.874726
30
0
11
20.186372
21
54.874726
31
0
 1

 7
ROMANS
 40
0.06
 41
1
 50
300.730759
 72
1
 73
3
 0
INSERT
 8
UNIFILAR
 6
CONTINUOUS
 62
30
 2
LLAVE_PASO_GAS
10
22.95851
20
54.094701
30
0
41
0.0375
42
0.0375
43
1
 50
90.165788
 0
LINE
 8
UNIFILAR
 6
CONTINUOUS
 62
30
10
22.959122
20
53.883383
30
0
11
22.958673
21
54.038451
31
0
 0
LINE
 8
UNIFILAR
 6
CONTINUOUS
 62
30
10
22.958348
20
54.15095
30
0
11
22.958083
21
54.242268
31
0
 0
TEXT
 8
TEXTO_RAMAS
 6
CONTINUOUS
 62
30
10
23.02976
20
54.094907
30
0
11
23.02976
21
54.094907
31
0
 1
Ø1/2"
 7
ROMANS
 40
0.06
 41
1
 50
270.165788
 72
1
 73
0
 0
TEXT
 8
TEXTO_RAMAS
 6
CONTINUOUS
 62
30
10
22.887261
20
54.094495
30
0
11
22.887261
21
54.094495
31
0
 1

 7
ROMANS
 40
0.06
 41
1
 50
270.165788
 72
1
 73
3
 0
LINE
 8
UNIFILAR
 6
CONTINUOUS
 62
30
10
24.504959
20
54.038405
30
0
11
24.376157
21
54.038405
31
0
 0
TEXT
 8
TEXTO_RAMAS
 6
CONTINUOUS
 62
30
10
24.472458
20
54.053405
30
0
11
24.472458
21
54.053405
31
0
 1
135 Ø20x2
 7
ROMANS
 40
0.06
 41
1
 50
0
 72
1
 73
0
 0
TEXT
 8
TEXTO_RAMAS
 6
CONTINUOUS
 62
30
10
24.472458
20
54.023405
30
0
11
24.472458
21
54.023405
31
0
 1
P/Al/PEX
 7
ROMANS
 40
0.06
 41
1
 50
0
 72
1
 73
3
 0
LINE
 8
UNIFILAR
 6
CONTINUOUS
 62
30
10
24.522458
20
54.024405
30
0
11
24.472458
21
54.038405
31
0
 0
LINE
 8
UNIFILAR
 6
CONTINUOUS
 62
30
10
24.522458
20
54.052405
30
0
11
24.472458
21
54.038405
31
0
 0
INSERT
 8
UNIFILAR
 6
CONTINUOUS
 62
30
 2
CONTADOR_GAS
10
25.478333
20
53.700122
30
0
41
0.0565
42
0.0565
43
1
 50
180.674776
 0
LINE
 8
UNIFILAR
 6
CONTINUOUS
 62
30
10
25.592021
20
53.701461
30
0
11
25.541891
21
53.700871
31
0
 0
LINE
 8
UNIFILAR
 6
CONTINUOUS
 62
30
10
25.414775
20
53.699373
30
0
11
25.364645
21
53.698783
31
0
 0
TEXT
 8
TEXTO_RAMAS
 6
CONTINUOUS
 62
30
10
25.477408
20
53.778679
30
0
11
25.477408
21
53.778679
31
0
 1

 7
ROMANS
 40
0.06
 41
1
 50
0.674776
 72
1
 73
0
 0
TEXT
 8
TEXTO_RAMAS
 6
CONTINUOUS
 62
30
10
25.479258
20
53.621565
30
0
11
25.479258
21
53.621565
31
0
 1

 7
ROMANS
 40
0.06
 41
1
 50
0.674776
 72
1
 73
3
 0
INSERT
 8
UNIFILAR
 6
CONTINUOUS
 62
30
 2
LLAVE_PASO_GAS
10
25.184582
20
53.699636
30
0
41
0.0375
42
0.0375
43
1
 50
179.567205
 0
LINE
 8
UNIFILAR
 6
CONTINUOUS
 62
30
10
25.312147
20
53.698672
30
0
11
25.240831
21
53.699211
31
0
 0
LINE
 8
UNIFILAR
 6
CONTINUOUS
 62
30
10
25.128334
20
53.700061
30
0
11
25.057017
21
53.700599
31
0
 0
TEXT
 8
TEXTO_RAMAS
 6
CONTINUOUS
 62
30
10
25.18512
20
53.770884
30
0
11
25.18512
21
53.770884
31
0
 1
Ø3/4"
 7
ROMANS
 40
0.06
 41
1
 50
359.567205
 72
1
 73
0
 0
TEXT
 8
TEXTO_RAMAS
 6
CONTINUOUS
 62
30
10
25.184044
20
53.628388
30
0
11
25.184044
21
53.628388
31
0
 1

 7
ROMANS
 40
0.06
 41
1
 50
359.567205
 72
1
 73
3
 0
LINE
 8
UNIFILAR
 6
CONTINUOUS
 62
30
10
25.030931
20
53.727047
30
0
11
25.03271
21
54.012833
31
0
 0
TEXT
 8
TEXTO_RAMAS
 6
CONTINUOUS
 62
30
10
25.016821
20
53.870033
30
0
11
25.016821
21
53.870033
31
0
 1
133 Ø20x22
 7
ROMANS
 40
0.06
 41
1
 50
89.643509
 72
1
 73
0
 0
TEXT
 8
TEXTO_RAMAS
 6
CONTINUOUS
 62
30
10
25.04682
20
53.869847
30
0
11
25.04682
21
53.869847
31
0
 1
Cobre
 7
ROMANS
 40
0.06
 41
1
 50
89.643509
 72
1
 73
3
 0
LINE
 8
UNIFILAR
 6
CONTINUOUS
 62
30
10
25.01751
20
53.820028
30
0
11
25.031821
21
53.86994
31
0
 0
LINE
 8
UNIFILAR
 6
CONTINUOUS
 62
30
10
25.045509
20
53.819854
30
0
11
25.031821
21
53.86994
31
0
 0
INSERT
 8
UNIFILAR
 6
CONTINUOUS
 62
30
 2
LLAVE_PASO_GAS
10
24.813916
20
54.038744
30
0
41
0.0375
42
0.0375
43
1
 50
180.088708
 0
LINE
 8
UNIFILAR
 6
CONTINUOUS
 62
30
10
25.006623
20
54.039042
30
0
11
24.870166
21
54.038831
31
0
 0
LINE
 8
UNIFILAR
 6
CONTINUOUS
 62
30
10
24.757666
20
54.038657
30
0
11
24.684959
21
54.038544
31
0
 0
TEXT
 8
TEXTO_RAMAS
 6
CONTINUOUS
 62
30
10
24.813806
20
54.109994
30
0
11
24.813806
21
54.109994
31
0
 1
Ø3/4"
 7
ROMANS
 40
0.06
 41
1
 50
0.088708
 72
1
 73
0
 0
TEXT
 8
TEXTO_RAMAS
 6
CONTINUOUS
 62
30
10
24.814026
20
53.967494
30
0
11
24.814026
21
53.967494
31
0
 1

 7
ROMANS
 40
0.06
 41
1
 50
0.088708
 72
1
 73
3
 0
LINE
 8
UNIFILAR
 6
CONTINUOUS
 62
30
10
20.095803
20
55.11514
30
0
11
19.85865
21
54.97104
31
0
 0
TEXT
 8
TEXTO_RAMAS
 6
CONTINUOUS
 62
30
10
19.969437
20
55.055909
30
0
11
19.969437
21
55.055909
31
0
 1
139 Ø16x2
 7
ROMANS
 40
0.06
 41
1
 50
31.283907
 72
1
 73
0
 0
TEXT
 8
TEXTO_RAMAS
 6
CONTINUOUS
 62
30
10
19.985016
20
55.030271
30
0
11
19.985016
21
55.030271
31
0
 1
P/Al/PEX
 7
ROMANS
 40
0.06
 41
1
 50
31.283907
 72
1
 73
3
 0
LINE
 8
UNIFILAR
 6
CONTINUOUS
 62
30
10
20.027227
20
55.057089
30
0
11
19.977227
21
55.04309
31
0
 0
LINE
 8
UNIFILAR
 6
CONTINUOUS
 62
30
10
20.012687
20
55.081018
30
0
11
19.977227
21
55.04309
31
0
 0
INSERT
 8
UNIFILAR
 6
CONTINUOUS
 62
30
 2
LLAVE_PASO_GAS
10
19.968129
20
54.744184
30
0
41
0.0375
42
0.0375
43
1
 50
301.743256
 0
LINE
 8
UNIFILAR
 6
CONTINUOUS
 62
30
10
19.850027
20
54.935085
30
0
11
19.938536
21
54.79202
31
0
 0
LINE
 8
UNIFILAR
 6
CONTINUOUS
 62
30
10
19.997723
20
54.696348
30
0
11
20.044363
21
54.62096
31
0
 0
TEXT
 8
TEXTO_RAMAS
 6
CONTINUOUS
 62
30
10
20.028721
20
54.78167
30
0
11
20.028721
21
54.78167
31
0
 1
Ø3/8"
 7
ROMANS
 40
0.06
 41
1
 50
301.743256
 72
1
 73
0
 0
TEXT
 8
TEXTO_RAMAS
 6
CONTINUOUS
 62
30
10
19.907537
20
54.706699
30
0
11
19.907537
21
54.706699
31
0
 1

 7
ROMANS
 40
0.06
 41
1
 50
301.743256
 72
1
 73
3
 0
TEXT
 8
0
 6
CONTINUOUS
 62
7
10
23.111181
20
46.340753
30
0
11
23.111181
21
46.340753
31
0
 1
Planta  Cuarta
 7
ROMANS
 40
0.3
 41
1
 50
0
 72
1
 73
0
 0
INSERT
 8
UNIFILAR
 6
CONTINUOUS
 62
30
 2
CONEXION_PLANTAS_GAS
10
26.299771
20
61.603405
30
0
41
0.035
42
0.035
43
1
 50
0
 0
TEXT
 8
TEXTO_NUDOS
 6
CONTINUOUS
 62
30
10
26.299771
20
61.695905
30
0
11
26.299771
21
61.695905
31
0
 1
66
 7
ROMANS
 40
0.06
 41
1
 50
0
 72
1
 73
0
 0
INSERT
 8
UNIFILAR
 6
CONTINUOUS
 62
30
 2
NUDO_DERIVACION_GAS
10
26.135779
20
61.603405
30
0
41
0.035
42
0.035
43
1
 50
0
 0
TEXT
 8
TEXTO_NUDOS
 6
CONTINUOUS
 62
30
10
26.135779
20
61.669655
30
0
11
26.135779
21
61.669655
31
0
 1
67
 7
ROMANS
 40
0.06
 41
1
 50
0
 72
1
 73
0
 0
INSERT
 8
UNIFILAR
 6
CONTINUOUS
 62
30
 2
NUDO_DERIVACION_GAS
10
25.896206
20
61.603405
30
0
41
0.035
42
0.035
43
1
 50
0
 0
TEXT
 8
TEXTO_NUDOS
 6
CONTINUOUS
 62
30
10
25.896206
20
61.669655
30
0
11
25.896206
21
61.669655
31
0
 1
68
 7
ROMANS
 40
0.06
 41
1
 50
0
 72
1
 73
0
 0
INSERT
 8
UNIFILAR
 6
CONTINUOUS
 62
30
 2
NUDO_DERIVACION_GAS
10
25.618763
20
61.603405
30
0
41
0.035
42
0.035
43
1
 50
0
 0
TEXT
 8
TEXTO_NUDOS
 6
CONTINUOUS
 62
30
10
25.618763
20
61.669655
30
0
11
25.618763
21
61.669655
31
0
 1
69
 7
ROMANS
 40
0.06
 41
1
 50
0
 72
1
 73
0
 0
INSERT
 8
UNIFILAR
 6
CONTINUOUS
 62
30
 2
APARATO_GAS
10
24.595532
20
61.273405
30
0
41
0.08
42
0.08
43
1
 50
0
 0
TEXT
 8
TEXTO_NUDOS
 6
CONTINUOUS
 62
30
10
24.595532
20
61.403405
30
0
11
24.595532
21
61.403405
31
0
 1
73
 7
ROMANS
 40
0.06
 41
1
 50
0
 72
1
 73
0
 0
INSERT
 8
UNIFILAR
 6
CONTINUOUS
 62
30
 2
NUDO_PASO_GAS
10
24.350547
20
61.45134
30
0
41
0.02
42
0.02
43
1
 50
0
 0
TEXT
 8
TEXTO_NUDOS
 6
CONTINUOUS
 62
30
10
24.350547
20
61.50634
30
0
11
24.350547
21
61.50634
31
0
 1

 7
ROMANS
 40
0.06
 41
1
 50
0
 72
1
 73
0
 0
INSERT
 8
UNIFILAR
 6
CONTINUOUS
 62
30
 2
NUDO_DERIVACION_GAS
10
22.959771
20
61.454676
30
0
41
0.035
42
0.035
43
1
 50
0
 0
TEXT
 8
TEXTO_NUDOS
 6
CONTINUOUS
 62
30
10
22.959771
20
61.520926
30
0
11
22.959771
21
61.520926
31
0
 1
75
 7
ROMANS
 40
0.06
 41
1
 50
0
 72
1
 73
0
 0
INSERT
 8
UNIFILAR
 6
CONTINUOUS
 62
30
 2
NUDO_PASO_GAS
10
22.409771
20
61.454523
30
0
41
0.02
42
0.02
43
1
 50
0
 0
TEXT
 8
TEXTO_NUDOS
 6
CONTINUOUS
 62
30
10
22.409771
20
61.509523
30
0
11
22.409771
21
61.509523
31
0
 1

 7
ROMANS
 40
0.06
 41
1
 50
0
 72
1
 73
0
 0
INSERT
 8
UNIFILAR
 6
CONTINUOUS
 62
30
 2
NUDO_PASO_GAS
10
22.409771
20
58.783405
30
0
41
0.02
42
0.02
43
1
 50
0
 0
TEXT
 8
TEXTO_NUDOS
 6
CONTINUOUS
 62
30
10
22.464771
20
58.783405
30
0
11
22.464771
21
58.783405
31
0
 1

 7
ROMANS
 40
0.06
 41
1
 50
0
 72
0
 73
2
 0
INSERT
 8
UNIFILAR
 6
CONTINUOUS
 62
30
 2
NUDO_PASO_GAS
10
20.449771
20
58.783405
30
0
41
0.02
42
0.02
43
1
 50
0
 0
TEXT
 8
TEXTO_NUDOS
 6
CONTINUOUS
 62
30
10
20.394771
20
58.783405
30
0
11
20.394771
21
58.783405
31
0
 1

 7
ROMANS
 40
0.06
 41
1
 50
0
 72
2
 73
2
 0
INSERT
 8
UNIFILAR
 6
CONTINUOUS
 62
30
 2
NUDO_PASO_GAS
10
20.449771
20
59.983405
30
0
41
0.02
42
0.02
43
1
 50
0
 0
TEXT
 8
TEXTO_NUDOS
 6
CONTINUOUS
 62
30
10
20.449771
20
60.038405
30
0
11
20.449771
21
60.038405
31
0
 1

 7
ROMANS
 40
0.06
 41
1
 50
0
 72
1
 73
0
 0
INSERT
 8
UNIFILAR
 6
CONTINUOUS
 62
30
 2
NUDO_DERIVACION_GAS
10
20.11881
20
60.183039
30
0
41
0.035
42
0.035
43
1
 50
0
 0
TEXT
 8
TEXTO_NUDOS
 6
CONTINUOUS
 62
30
10
20.11881
20
60.249289
30
0
11
20.11881
21
60.249289
31
0
 1
76
 7
ROMANS
 40
0.06
 41
1
 50
0
 72
1
 73
0
 0
INSERT
 8
UNIFILAR
 6
CONTINUOUS
 62
30
 2
APARATO_GAS
10
20.377571
20
60.61831
30
0
41
0.08
42
0.08
43
1
 50
0
 0
TEXT
 8
TEXTO_NUDOS
 6
CONTINUOUS
 62
30
10
20.377571
20
60.74831
30
0
11
20.377571
21
60.74831
31
0
 1
77
 7
ROMANS
 40
0.06
 41
1
 50
0
 72
1
 73
0
 0
INSERT
 8
UNIFILAR
 6
CONTINUOUS
 62
30
 2
APARATO_GAS
10
22.958396
20
60.979541
30
0
41
0.08
42
0.08
43
1
 50
0
 0
TEXT
 8
TEXTO_NUDOS
 6
CONTINUOUS
 62
30
10
22.828396
20
60.979541
30
0
11
22.828396
21
60.979541
31
0
 1
80
 7
ROMANS
 40
0.06
 41
1
 50
0
 72
2
 73
2
 0
INSERT
 8
UNIFILAR
 6
CONTINUOUS
 62
30
 2
TOMA_PRESION_GAS
10
24.350531
20
61.273405
30
0
41
1
42
1
43
1
 50
180
 0
TEXT
 8
TEXTO_NUDOS
 6
CONTINUOUS
 62
30
10
24.284331
20
61.273405
30
0
11
24.284331
21
61.273405
31
0
 1
74
 7
ROMANS
 40
0.06
 41
1
 50
0
 72
2
 73
2
 0
INSERT
 8
UNIFILAR
 6
CONTINUOUS
 62
30
 2
NUDO_DERIVACION_GAS
10
25.338794
20
61.603405
30
0
41
0.035
42
0.035
43
1
 50
0
 0
TEXT
 8
TEXTO_NUDOS
 6
CONTINUOUS
 62
30
10
25.338794
20
61.669655
30
0
11
25.338794
21
61.669655
31
0
 1
70
 7
ROMANS
 40
0.06
 41
1
 50
0
 72
1
 73
0
 0
INSERT
 8
UNIFILAR
 6
CONTINUOUS
 62
30
 2
NUDO_DERIVACION_GAS
10
25.031247
20
61.603405
30
0
41
0.035
42
0.035
43
1
 50
0
 0
TEXT
 8
TEXTO_NUDOS
 6
CONTINUOUS
 62
30
10
25.031247
20
61.669655
30
0
11
25.031247
21
61.669655
31
0
 1
71
 7
ROMANS
 40
0.06
 41
1
 50
0
 72
1
 73
0
 0
INSERT
 8
UNIFILAR
 6
CONTINUOUS
 62
30
 2
NUDO_DERIVACION_GAS
10
25.031247
20
61.272719
30
0
41
0.035
42
0.035
43
1
 50
0
 0
TEXT
 8
TEXTO_NUDOS
 6
CONTINUOUS
 62
30
10
25.097497
20
61.272719
30
0
11
25.097497
21
61.272719
31
0
 1
72
 7
ROMANS
 40
0.06
 41
1
 50
0
 72
0
 73
2
 0
INSERT
 8
UNIFILAR
 6
CONTINUOUS
 62
30
 2
NUDO_DERIVACION_GAS
10
19.83679
20
60.354401
30
0
41
0.035
42
0.035
43
1
 50
0
 0
TEXT
 8
TEXTO_NUDOS
 6
CONTINUOUS
 62
30
10
19.83679
20
60.420651
30
0
11
19.83679
21
60.420651
31
0
 1
78
 7
ROMANS
 40
0.06
 41
1
 50
0
 72
1
 73
0
 0
INSERT
 8
UNIFILAR
 6
CONTINUOUS
 62
30
 2
APARATO_GAS
10
20.100616
20
60.78085
30
0
41
0.08
42
0.08
43
1
 50
0
 0
TEXT
 8
TEXTO_NUDOS
 6
CONTINUOUS
 62
30
10
20.100616
20
60.91085
30
0
11
20.100616
21
60.91085
31
0
 1
79
 7
ROMANS
 40
0.06
 41
1
 50
0
 72
1
 73
0
 0
INSERT
 8
UNIFILAR
 6
CONTINUOUS
 62
30
 2
CONEXION_PLANTAS_GAS
10
26.299771
20
65.051057
30
0
41
0.035
42
0.035
43
1
 50
0
 0
TEXT
 8
TEXTO_NUDOS
 6
CONTINUOUS
 62
30
10
26.299771
20
65.143557
30
0
11
26.299771
21
65.143557
31
0
 1
143
 7
ROMANS
 40
0.06
 41
1
 50
0
 72
1
 73
0
 0
INSERT
 8
UNIFILAR
 6
CONTINUOUS
 62
30
 2
NUDO_DERIVACION_GAS
10
26.135863
20
65.045812
30
0
41
0.035
42
0.035
43
1
 50
0
 0
TEXT
 8
TEXTO_NUDOS
 6
CONTINUOUS
 62
30
10
26.135863
20
65.112062
30
0
11
26.135863
21
65.112062
31
0
 1
144
 7
ROMANS
 40
0.06
 41
1
 50
0
 72
1
 73
0
 0
INSERT
 8
UNIFILAR
 6
CONTINUOUS
 62
30
 2
NUDO_DERIVACION_GAS
10
25.896247
20
65.046602
30
0
41
0.035
42
0.035
43
1
 50
0
 0
TEXT
 8
TEXTO_NUDOS
 6
CONTINUOUS
 62
30
10
25.896247
20
65.112852
30
0
11
25.896247
21
65.112852
31
0
 1
145
 7
ROMANS
 40
0.06
 41
1
 50
0
 72
1
 73
0
 0
INSERT
 8
UNIFILAR
 6
CONTINUOUS
 62
30
 2
NUDO_DERIVACION_GAS
10
25.618843
20
65.044422
30
0
41
0.035
42
0.035
43
1
 50
0
 0
TEXT
 8
TEXTO_NUDOS
 6
CONTINUOUS
 62
30
10
25.618843
20
65.110672
30
0
11
25.618843
21
65.110672
31
0
 1
146
 7
ROMANS
 40
0.06
 41
1
 50
0
 72
1
 73
0
 0
INSERT
 8
UNIFILAR
 6
CONTINUOUS
 62
30
 2
APARATO_GAS
10
24.595532
20
65.381057
30
0
41
0.08
42
0.08
43
1
 50
0
 0
TEXT
 8
TEXTO_NUDOS
 6
CONTINUOUS
 62
30
10
24.595532
20
65.511057
30
0
11
24.595532
21
65.511057
31
0
 1
150
 7
ROMANS
 40
0.06
 41
1
 50
0
 72
1
 73
0
 0
INSERT
 8
UNIFILAR
 6
CONTINUOUS
 62
30
 2
NUDO_PASO_GAS
10
24.350547
20
65.203122
30
0
41
0.02
42
0.02
43
1
 50
0
 0
TEXT
 8
TEXTO_NUDOS
 6
CONTINUOUS
 62
30
10
24.405547
20
65.203122
30
0
11
24.405547
21
65.203122
31
0
 1

 7
ROMANS
 40
0.06
 41
1
 50
0
 72
0
 73
2
 0
INSERT
 8
UNIFILAR
 6
CONTINUOUS
 62
30
 2
NUDO_DERIVACION_GAS
10
22.959771
20
65.199785
30
0
41
0.035
42
0.035
43
1
 50
0
 0
TEXT
 8
TEXTO_NUDOS
 6
CONTINUOUS
 62
30
10
22.959771
20
65.133535
30
0
11
22.959771
21
65.133535
31
0
 1
152
 7
ROMANS
 40
0.06
 41
1
 50
0
 72
1
 73
3
 0
INSERT
 8
UNIFILAR
 6
CONTINUOUS
 62
30
 2
NUDO_PASO_GAS
10
22.409771
20
65.199938
30
0
41
0.02
42
0.02
43
1
 50
0
 0
TEXT
 8
TEXTO_NUDOS
 6
CONTINUOUS
 62
30
10
22.354771
20
65.199938
30
0
11
22.354771
21
65.199938
31
0
 1

 7
ROMANS
 40
0.06
 41
1
 50
0
 72
2
 73
2
 0
INSERT
 8
UNIFILAR
 6
CONTINUOUS
 62
30
 2
NUDO_PASO_GAS
10
22.409771
20
67.871057
30
0
41
0.02
42
0.02
43
1
 50
0
 0
TEXT
 8
TEXTO_NUDOS
 6
CONTINUOUS
 62
30
10
22.409771
20
67.926057
30
0
11
22.409771
21
67.926057
31
0
 1

 7
ROMANS
 40
0.06
 41
1
 50
0
 72
1
 73
0
 0
INSERT
 8
UNIFILAR
 6
CONTINUOUS
 62
30
 2
NUDO_PASO_GAS
10
20.449771
20
67.871057
30
0
41
0.02
42
0.02
43
1
 50
0
 0
TEXT
 8
TEXTO_NUDOS
 6
CONTINUOUS
 62
30
10
20.449771
20
67.926057
30
0
11
20.449771
21
67.926057
31
0
 1

 7
ROMANS
 40
0.06
 41
1
 50
0
 72
1
 73
0
 0
INSERT
 8
UNIFILAR
 6
CONTINUOUS
 62
30
 2
NUDO_PASO_GAS
10
20.449771
20
66.671057
30
0
41
0.02
42
0.02
43
1
 50
0
 0
TEXT
 8
TEXTO_NUDOS
 6
CONTINUOUS
 62
30
10
20.394771
20
66.671057
30
0
11
20.394771
21
66.671057
31
0
 1

 7
ROMANS
 40
0.06
 41
1
 50
0
 72
2
 73
2
 0
INSERT
 8
UNIFILAR
 6
CONTINUOUS
 62
30
 2
NUDO_DERIVACION_GAS
10
20.11881
20
66.471423
30
0
41
0.035
42
0.035
43
1
 50
0
 0
TEXT
 8
TEXTO_NUDOS
 6
CONTINUOUS
 62
30
10
20.11881
20
66.537673
30
0
11
20.11881
21
66.537673
31
0
 1
153
 7
ROMANS
 40
0.06
 41
1
 50
0
 72
1
 73
0
 0
INSERT
 8
UNIFILAR
 6
CONTINUOUS
 62
30
 2
APARATO_GAS
10
20.377571
20
66.036151
30
0
41
0.08
42
0.08
43
1
 50
0
 0
TEXT
 8
TEXTO_NUDOS
 6
CONTINUOUS
 62
30
10
20.377571
20
66.166151
30
0
11
20.377571
21
66.166151
31
0
 1
154
 7
ROMANS
 40
0.06
 41
1
 50
0
 72
1
 73
0
 0
INSERT
 8
UNIFILAR
 6
CONTINUOUS
 62
30
 2
APARATO_GAS
10
22.958396
20
65.67492
30
0
41
0.08
42
0.08
43
1
 50
0
 0
TEXT
 8
TEXTO_NUDOS
 6
CONTINUOUS
 62
30
10
22.958396
20
65.80492
30
0
11
22.958396
21
65.80492
31
0
 1
157
 7
ROMANS
 40
0.06
 41
1
 50
0
 72
1
 73
0
 0
INSERT
 8
UNIFILAR
 6
CONTINUOUS
 62
30
 2
TOMA_PRESION_GAS
10
24.350531
20
65.381057
30
0
41
1
42
1
43
1
 50
0
 0
TEXT
 8
TEXTO_NUDOS
 6
CONTINUOUS
 62
30
10
24.284331
20
65.381057
30
0
11
24.284331
21
65.381057
31
0
 1
151
 7
ROMANS
 40
0.06
 41
1
 50
0
 72
2
 73
2
 0
INSERT
 8
UNIFILAR
 6
CONTINUOUS
 62
30
 2
NUDO_DERIVACION_GAS
10
25.33897
20
65.041126
30
0
41
0.035
42
0.035
43
1
 50
0
 0
TEXT
 8
TEXTO_NUDOS
 6
CONTINUOUS
 62
30
10
25.33897
20
65.107376
30
0
11
25.33897
21
65.107376
31
0
 1
147
 7
ROMANS
 40
0.06
 41
1
 50
0
 72
1
 73
0
 0
INSERT
 8
UNIFILAR
 6
CONTINUOUS
 62
30
 2
NUDO_DERIVACION_GAS
10
25.031342
20
65.04345
30
0
41
0.035
42
0.035
43
1
 50
0
 0
TEXT
 8
TEXTO_NUDOS
 6
CONTINUOUS
 62
30
10
24.965092
20
65.04345
30
0
11
24.965092
21
65.04345
31
0
 1
148
 7
ROMANS
 40
0.06
 41
1
 50
0
 72
2
 73
2
 0
INSERT
 8
UNIFILAR
 6
CONTINUOUS
 62
30
 2
NUDO_DERIVACION_GAS
10
25.033446
20
65.381735
30
0
41
0.035
42
0.035
43
1
 50
0
 0
TEXT
 8
TEXTO_NUDOS
 6
CONTINUOUS
 62
30
10
25.033446
20
65.447985
30
0
11
25.033446
21
65.447985
31
0
 1
149
 7
ROMANS
 40
0.06
 41
1
 50
0
 72
1
 73
0
 0
INSERT
 8
UNIFILAR
 6
CONTINUOUS
 62
30
 2
NUDO_DERIVACION_GAS
10
19.83679
20
66.300061
30
0
41
0.035
42
0.035
43
1
 50
0
 0
TEXT
 8
TEXTO_NUDOS
 6
CONTINUOUS
 62
30
10
19.83679
20
66.366311
30
0
11
19.83679
21
66.366311
31
0
 1
155
 7
ROMANS
 40
0.06
 41
1
 50
0
 72
1
 73
0
 0
INSERT
 8
UNIFILAR
 6
CONTINUOUS
 62
30
 2
APARATO_GAS
10
20.100616
20
65.873611
30
0
41
0.08
42
0.08
43
1
 50
0
 0
TEXT
 8
TEXTO_NUDOS
 6
CONTINUOUS
 62
30
10
20.100616
20
66.003611
30
0
11
20.100616
21
66.003611
31
0
 1
156
 7
ROMANS
 40
0.06
 41
1
 50
0
 72
1
 73
0
 0
LINE
 8
UNIFILAR
 6
CONTINUOUS
 62
30
10
26.247271
20
61.603405
30
0
11
26.162029
21
61.603405
31
0
 0
TEXT
 8
TEXTO_RAMAS
 6
CONTINUOUS
 62
30
10
26.217775
20
61.618405
30
0
11
26.217775
21
61.618405
31
0
 1
66 Ø20x22
 7
ROMANS
 40
0.06
 41
1
 50
0
 72
1
 73
0
 0
TEXT
 8
TEXTO_RAMAS
 6
CONTINUOUS
 62
30
10
26.217775
20
61.588405
30
0
11
26.217775
21
61.588405
31
0
 1
Cobre
 7
ROMANS
 40
0.06
 41
1
 50
0
 72
1
 73
3
 0
LINE
 8
UNIFILAR
 6
CONTINUOUS
 62
30
10
26.267775
20
61.589405
30
0
11
26.217775
21
61.603405
31
0
 0
LINE
 8
UNIFILAR
 6
CONTINUOUS
 62
30
10
26.267775
20
61.617405
30
0
11
26.217775
21
61.603405
31
0
 0
INSERT
 8
UNIFILAR
 6
CONTINUOUS
 62
30
 2
LLAVE_PASO_GAS
10
26.015993
20
61.603405
30
0
41
0.0375
42
0.0375
43
1
 50
180
 0
LINE
 8
UNIFILAR
 6
CONTINUOUS
 62
30
10
26.109529
20
61.603405
30
0
11
26.072243
21
61.603405
31
0
 0
LINE
 8
UNIFILAR
 6
CONTINUOUS
 62
30
10
25.959743
20
61.603405
30
0
11
25.922456
21
61.603405
31
0
 0
TEXT
 8
TEXTO_RAMAS
 6
CONTINUOUS
 62
30
10
26.015993
20
61.674655
30
0
11
26.015993
21
61.674655
31
0
 1
Ø3/4"
 7
ROMANS
 40
0.06
 41
1
 50
0
 72
1
 73
0
 0
TEXT
 8
TEXTO_RAMAS
 6
CONTINUOUS
 62
30
10
26.015993
20
61.532155
30
0
11
26.015993
21
61.532155
31
0
 1

 7
ROMANS
 40
0.06
 41
1
 50
0
 72
1
 73
3
 0
INSERT
 8
UNIFILAR
 6
CONTINUOUS
 62
30
 2
VALVULA_REG_PRESION_GAS
10
25.757485
20
61.603405
30
0
41
0.0375
42
0.0375
43
1
 50
180
 0
LINE
 8
UNIFILAR
 6
CONTINUOUS
 62
30
10
25.869956
20
61.603405
30
0
11
25.813735
21
61.603405
31
0
 0
LINE
 8
UNIFILAR
 6
CONTINUOUS
 62
30
10
25.701235
20
61.603405
30
0
11
25.645013
21
61.603405
31
0
 0
TEXT
 8
TEXTO_RAMAS
 6
CONTINUOUS
 62
30
10
25.757485
20
61.660592
30
0
11
25.757485
21
61.660592
31
0
 1

 7
ROMANS
 40
0.06
 41
1
 50
0
 72
1
 73
0
 0
TEXT
 8
TEXTO_RAMAS
 6
CONTINUOUS
 62
30
10
25.757485
20
61.546217
30
0
11
25.757485
21
61.546217
31
0
 1

 7
ROMANS
 40
0.06
 41
1
 50
0
 72
1
 73
3
 0
LINE
 8
UNIFILAR
 6
CONTINUOUS
 62
30
10
24.335547
20
61.451376
30
0
11
22.986021
21
61.454613
31
0
 0
LINE
 8
UNIFILAR
 6
CONTINUOUS
 62
30
10
24.350533
20
61.299605
30
0
11
24.350546
21
61.43634
31
0
 0
TEXT
 8
TEXTO_RAMAS
 6
CONTINUOUS
 62
30
10
23.655195
20
61.468008
30
0
11
23.655195
21
61.468008
31
0
 1
74 Ø20x2
 7
ROMANS
 40
0.06
 41
1
 50
359.862541
 72
1
 73
0
 0
TEXT
 8
TEXTO_RAMAS
 6
CONTINUOUS
 62
30
10
23.655123
20
61.438008
30
0
11
23.655123
21
61.438008
31
0
 1
P/Al/PEX
 7
ROMANS
 40
0.06
 41
1
 50
359.862541
 72
1
 73
3
 0
LINE
 8
UNIFILAR
 6
CONTINUOUS
 62
30
10
23.705125
20
61.438888
30
0
11
23.655159
21
61.453008
31
0
 0
LINE
 8
UNIFILAR
 6
CONTINUOUS
 62
30
10
23.705193
20
61.466888
30
0
11
23.655159
21
61.453008
31
0
 0
LINE
 8
UNIFILAR
 6
CONTINUOUS
 62
30
10
22.933521
20
61.454669
30
0
11
22.424771
21
61.454527
31
0
 0
LINE
 8
UNIFILAR
 6
CONTINUOUS
 62
30
10
22.409771
20
61.439523
30
0
11
22.409771
21
58.798405
31
0
 0
LINE
 8
UNIFILAR
 6
CONTINUOUS
 62
30
10
22.394771
20
58.783405
30
0
11
20.464771
21
58.783405
31
0
 0
LINE
 8
UNIFILAR
 6
CONTINUOUS
 62
30
10
20.449771
20
58.798405
30
0
11
20.449771
21
59.968405
31
0
 0
LINE
 8
UNIFILAR
 6
CONTINUOUS
 62
30
10
20.436927
20
59.991152
30
0
11
20.141287
21
60.16948
31
0
 0
TEXT
 8
TEXTO_RAMAS
 6
CONTINUOUS
 62
30
10
21.429771
20
58.798405
30
0
11
21.429771
21
58.798405
31
0
 1
75 Ø20x2
 7
ROMANS
 40
0.06
 41
1
 50
0
 72
1
 73
0
 0
TEXT
 8
TEXTO_RAMAS
 6
CONTINUOUS
 62
30
10
21.429771
20
58.768405
30
0
11
21.429771
21
58.768405
31
0
 1
P/Al/PEX
 7
ROMANS
 40
0.06
 41
1
 50
0
 72
1
 73
3
 0
LINE
 8
UNIFILAR
 6
CONTINUOUS
 62
30
10
21.479771
20
58.769405
30
0
11
21.429771
21
58.783405
31
0
 0
LINE
 8
UNIFILAR
 6
CONTINUOUS
 62
30
10
21.479771
20
58.797405
30
0
11
21.429771
21
58.783405
31
0
 0
INSERT
 8
UNIFILAR
 6
CONTINUOUS
 62
30
 2
LLAVE_PASO_GAS
10
20.24819
20
60.400674
30
0
41
0.0375
42
0.0375
43
1
 50
59.269241
 0
LINE
 8
UNIFILAR
 6
CONTINUOUS
 62
30
10
20.132224
20
60.205603
30
0
11
20.219446
21
60.352323
31
0
 0
LINE
 8
UNIFILAR
 6
CONTINUOUS
 62
30
10
20.276934
20
60.449025
30
0
11
20.324068
21
60.52831
31
0
 0
TEXT
 8
TEXTO_RAMAS
 6
CONTINUOUS
 62
30
10
20.186946
20
60.437083
30
0
11
20.186946
21
60.437083
31
0
 1
Ø1/2"
 7
ROMANS
 40
0.06
 41
1
 50
59.269241
 72
1
 73
0
 0
TEXT
 8
TEXTO_RAMAS
 6
CONTINUOUS
 62
30
10
20.309435
20
60.364265
30
0
11
20.309435
21
60.364265
31
0
 1

 7
ROMANS
 40
0.06
 41
1
 50
59.269241
 72
1
 73
3
 0
INSERT
 8
UNIFILAR
 6
CONTINUOUS
 62
30
 2
LLAVE_PASO_GAS
10
22.959084
20
61.217109
30
0
41
0.0375
42
0.0375
43
1
 50
269.834212
 0
LINE
 8
UNIFILAR
 6
CONTINUOUS
 62
30
10
22.959695
20
61.428426
30
0
11
22.959246
21
61.273358
31
0
 0
LINE
 8
UNIFILAR
 6
CONTINUOUS
 62
30
10
22.958921
20
61.160859
30
0
11
22.958657
21
61.069541
31
0
 0
TEXT
 8
TEXTO_RAMAS
 6
CONTINUOUS
 62
30
10
22.887834
20
61.217315
30
0
11
22.887834
21
61.217315
31
0
 1
Ø1/2"
 7
ROMANS
 40
0.06
 41
1
 50
89.834212
 72
1
 73
0
 0
TEXT
 8
TEXTO_RAMAS
 6
CONTINUOUS
 62
30
10
23.030333
20
61.216903
30
0
11
23.030333
21
61.216903
31
0
 1

 7
ROMANS
 40
0.06
 41
1
 50
89.834212
 72
1
 73
3
 0
LINE
 8
UNIFILAR
 6
CONTINUOUS
 62
30
10
24.505532
20
61.273405
30
0
11
24.376731
21
61.273405
31
0
 0
TEXT
 8
TEXTO_RAMAS
 6
CONTINUOUS
 62
30
10
24.473031
20
61.288405
30
0
11
24.473031
21
61.288405
31
0
 1
73 Ø20x2
 7
ROMANS
 40
0.06
 41
1
 50
0
 72
1
 73
0
 0
TEXT
 8
TEXTO_RAMAS
 6
CONTINUOUS
 62
30
10
24.473031
20
61.258405
30
0
11
24.473031
21
61.258405
31
0
 1
P/Al/PEX
 7
ROMANS
 40
0.06
 41
1
 50
0
 72
1
 73
3
 0
LINE
 8
UNIFILAR
 6
CONTINUOUS
 62
30
10
24.523031
20
61.259405
30
0
11
24.473031
21
61.273405
31
0
 0
LINE
 8
UNIFILAR
 6
CONTINUOUS
 62
30
10
24.523031
20
61.287405
30
0
11
24.473031
21
61.273405
31
0
 0
INSERT
 8
UNIFILAR
 6
CONTINUOUS
 62
30
 2
CONTADOR_GAS
10
25.478779
20
61.603405
30
0
41
0.0565
42
0.0565
43
1
 50
180
 0
LINE
 8
UNIFILAR
 6
CONTINUOUS
 62
30
10
25.592513
20
61.603405
30
0
11
25.542341
21
61.603405
31
0
 0
LINE
 8
UNIFILAR
 6
CONTINUOUS
 62
30
10
25.415216
20
61.603405
30
0
11
25.365044
21
61.603405
31
0
 0
TEXT
 8
TEXTO_RAMAS
 6
CONTINUOUS
 62
30
10
25.478779
20
61.681967
30
0
11
25.478779
21
61.681967
31
0
 1

 7
ROMANS
 40
0.06
 41
1
 50
0
 72
1
 73
0
 0
TEXT
 8
TEXTO_RAMAS
 6
CONTINUOUS
 62
30
10
25.478779
20
61.524842
30
0
11
25.478779
21
61.524842
31
0
 1

 7
ROMANS
 40
0.06
 41
1
 50
0
 72
1
 73
3
 0
INSERT
 8
UNIFILAR
 6
CONTINUOUS
 62
30
 2
LLAVE_PASO_GAS
10
25.185021
20
61.603405
30
0
41
0.0375
42
0.0375
43
1
 50
180
 0
LINE
 8
UNIFILAR
 6
CONTINUOUS
 62
30
10
25.312544
20
61.603405
30
0
11
25.241271
21
61.603405
31
0
 0
LINE
 8
UNIFILAR
 6
CONTINUOUS
 62
30
10
25.128771
20
61.603405
30
0
11
25.057497
21
61.603405
31
0
 0
TEXT
 8
TEXTO_RAMAS
 6
CONTINUOUS
 62
30
10
25.185021
20
61.674655
30
0
11
25.185021
21
61.674655
31
0
 1
Ø3/4"
 7
ROMANS
 40
0.06
 41
1
 50
0
 72
1
 73
0
 0
TEXT
 8
TEXTO_RAMAS
 6
CONTINUOUS
 62
30
10
25.185021
20
61.532155
30
0
11
25.185021
21
61.532155
31
0
 1

 7
ROMANS
 40
0.06
 41
1
 50
0
 72
1
 73
3
 0
LINE
 8
UNIFILAR
 6
CONTINUOUS
 62
30
10
25.031247
20
61.577155
30
0
11
25.031247
21
61.298969
31
0
 0
TEXT
 8
TEXTO_RAMAS
 6
CONTINUOUS
 62
30
10
25.016247
20
61.438062
30
0
11
25.016247
21
61.438062
31
0
 1
71 Ø20x22
 7
ROMANS
 40
0.06
 41
1
 50
90
 72
1
 73
0
 0
TEXT
 8
TEXTO_RAMAS
 6
CONTINUOUS
 62
30
10
25.046247
20
61.438062
30
0
11
25.046247
21
61.438062
31
0
 1
Cobre
 7
ROMANS
 40
0.06
 41
1
 50
90
 72
1
 73
3
 0
LINE
 8
UNIFILAR
 6
CONTINUOUS
 62
30
10
25.045247
20
61.488062
30
0
11
25.031247
21
61.438062
31
0
 0
LINE
 8
UNIFILAR
 6
CONTINUOUS
 62
30
10
25.017247
20
61.488062
30
0
11
25.031247
21
61.438062
31
0
 0
INSERT
 8
UNIFILAR
 6
CONTINUOUS
 62
30
 2
LLAVE_PASO_GAS
10
24.81339
20
61.273062
30
0
41
0.0375
42
0.0375
43
1
 50
179.909882
 0
LINE
 8
UNIFILAR
 6
CONTINUOUS
 62
30
10
25.004998
20
61.272761
30
0
11
24.86964
21
61.272974
31
0
 0
LINE
 8
UNIFILAR
 6
CONTINUOUS
 62
30
10
24.75714
20
61.273151
30
0
11
24.685532
21
61.273263
31
0
 0
TEXT
 8
TEXTO_RAMAS
 6
CONTINUOUS
 62
30
10
24.813502
20
61.344312
30
0
11
24.813502
21
61.344312
31
0
 1
Ø3/4"
 7
ROMANS
 40
0.06
 41
1
 50
359.909882
 72
1
 73
0
 0
TEXT
 8
TEXTO_RAMAS
 6
CONTINUOUS
 62
30
10
24.813278
20
61.201812
30
0
11
24.813278
21
61.201812
31
0
 1

 7
ROMANS
 40
0.06
 41
1
 50
359.909882
 72
1
 73
3
 0
LINE
 8
UNIFILAR
 6
CONTINUOUS
 62
30
10
20.096376
20
60.19667
30
0
11
19.859224
21
60.34077
31
0
 0
TEXT
 8
TEXTO_RAMAS
 6
CONTINUOUS
 62
30
10
19.985589
20
60.281539
30
0
11
19.985589
21
60.281539
31
0
 1
77 Ø16x2
 7
ROMANS
 40
0.06
 41
1
 50
328.716093
 72
1
 73
0
 0
TEXT
 8
TEXTO_RAMAS
 6
CONTINUOUS
 62
30
10
19.970011
20
60.255901
30
0
11
19.970011
21
60.255901
31
0
 1
P/Al/PEX
 7
ROMANS
 40
0.06
 41
1
 50
328.716093
 72
1
 73
3
 0
LINE
 8
UNIFILAR
 6
CONTINUOUS
 62
30
10
20.01326
20
60.230791
30
0
11
19.9778
21
60.26872
31
0
 0
LINE
 8
UNIFILAR
 6
CONTINUOUS
 62
30
10
20.0278
20
60.25472
30
0
11
19.9778
21
60.26872
31
0
 0
INSERT
 8
UNIFILAR
 6
CONTINUOUS
 62
30
 2
LLAVE_PASO_GAS
10
19.968703
20
60.567625
30
0
41
0.0375
42
0.0375
43
1
 50
58.256744
 0
LINE
 8
UNIFILAR
 6
CONTINUOUS
 62
30
10
19.850601
20
60.376724
30
0
11
19.939109
21
60.519789
31
0
 0
LINE
 8
UNIFILAR
 6
CONTINUOUS
 62
30
10
19.998297
20
60.615461
30
0
11
20.044937
21
60.69085
31
0
 0
TEXT
 8
TEXTO_RAMAS
 6
CONTINUOUS
 62
30
10
19.908111
20
60.605111
30
0
11
19.908111
21
60.605111
31
0
 1
Ø3/8"
 7
ROMANS
 40
0.06
 41
1
 50
58.256744
 72
1
 73
0
 0
TEXT
 8
TEXTO_RAMAS
 6
CONTINUOUS
 62
30
10
20.029295
20
60.53014
30
0
11
20.029295
21
60.53014
31
0
 1

 7
ROMANS
 40
0.06
 41
1
 50
58.256744
 72
1
 73
3
 0
LINE
 8
UNIFILAR
 6
CONTINUOUS
 62
30
10
26.247298
20
65.049377
30
0
11
26.1621
21
65.046651
31
0
 0
TEXT
 8
TEXTO_RAMAS
 6
CONTINUOUS
 62
30
10
26.217337
20
65.063426
30
0
11
26.217337
21
65.063426
31
0
 1
143 Ø20x22
 7
ROMANS
 40
0.06
 41
1
 50
1.832804
 72
1
 73
0
 0
TEXT
 8
TEXTO_RAMAS
 6
CONTINUOUS
 62
30
10
26.218297
20
65.033442
30
0
11
26.218297
21
65.033442
31
0
 1
Cobre
 7
ROMANS
 40
0.06
 41
1
 50
1.832804
 72
1
 73
3
 0
LINE
 8
UNIFILAR
 6
CONTINUOUS
 62
30
10
26.268239
20
65.03604
30
0
11
26.217817
21
65.048434
31
0
 0
LINE
 8
UNIFILAR
 6
CONTINUOUS
 62
30
10
26.267344
20
65.064026
30
0
11
26.217817
21
65.048434
31
0
 0
INSERT
 8
UNIFILAR
 6
CONTINUOUS
 62
30
 2
LLAVE_PASO_GAS
10
26.016055
20
65.046207
30
0
41
0.0375
42
0.0375
43
1
 50
179.811089
 0
LINE
 8
UNIFILAR
 6
CONTINUOUS
 62
30
10
26.109613
20
65.045898
30
0
11
26.072305
21
65.046021
31
0
 0
LINE
 8
UNIFILAR
 6
CONTINUOUS
 62
30
10
25.959806
20
65.046392
30
0
11
25.922497
21
65.046515
31
0
 0
TEXT
 8
TEXTO_RAMAS
 6
CONTINUOUS
 62
30
10
26.01629
20
65.117456
30
0
11
26.01629
21
65.117456
31
0
 1
Ø3/4"
 7
ROMANS
 40
0.06
 41
1
 50
359.811089
 72
1
 73
0
 0
TEXT
 8
TEXTO_RAMAS
 6
CONTINUOUS
 62
30
10
26.01582
20
64.974957
30
0
11
26.01582
21
64.974957
31
0
 1

 7
ROMANS
 40
0.06
 41
1
 50
359.811089
 72
1
 73
3
 0
INSERT
 8
UNIFILAR
 6
CONTINUOUS
 62
30
 2
VALVULA_REG_PRESION_GAS
10
25.757545
20
65.045512
30
0
41
0.0375
42
0.0375
43
1
 50
180.45019
 0
LINE
 8
UNIFILAR
 6
CONTINUOUS
 62
30
10
25.869998
20
65.046395
30
0
11
25.813793
21
65.045954
31
0
 0
LINE
 8
UNIFILAR
 6
CONTINUOUS
 62
30
10
25.701297
20
65.04507
30
0
11
25.645092
21
65.044628
31
0
 0
TEXT
 8
TEXTO_RAMAS
 6
CONTINUOUS
 62
30
10
25.757096
20
65.102698
30
0
11
25.757096
21
65.102698
31
0
 1

 7
ROMANS
 40
0.06
 41
1
 50
0.45019
 72
1
 73
0
 0
TEXT
 8
TEXTO_RAMAS
 6
CONTINUOUS
 62
30
10
25.757994
20
64.988326
30
0
11
25.757994
21
64.988326
31
0
 1

 7
ROMANS
 40
0.06
 41
1
 50
0.45019
 72
1
 73
3
 0
LINE
 8
UNIFILAR
 6
CONTINUOUS
 62
30
10
24.335547
20
65.203086
30
0
11
22.986021
21
65.199848
31
0
 0
LINE
 8
UNIFILAR
 6
CONTINUOUS
 62
30
10
24.350533
20
65.354857
30
0
11
24.350546
21
65.218122
31
0
 0
TEXT
 8
TEXTO_RAMAS
 6
CONTINUOUS
 62
30
10
23.655123
20
65.216453
30
0
11
23.655123
21
65.216453
31
0
 1
151 Ø20x2
 7
ROMANS
 40
0.06
 41
1
 50
0.137459
 72
1
 73
0
 0
TEXT
 8
TEXTO_RAMAS
 6
CONTINUOUS
 62
30
10
23.655195
20
65.186453
30
0
11
23.655195
21
65.186453
31
0
 1
P/Al/PEX
 7
ROMANS
 40
0.06
 41
1
 50
0.137459
 72
1
 73
3
 0
LINE
 8
UNIFILAR
 6
CONTINUOUS
 62
30
10
23.705193
20
65.187573
30
0
11
23.655159
21
65.201453
31
0
 0
LINE
 8
UNIFILAR
 6
CONTINUOUS
 62
30
10
23.705125
20
65.215573
30
0
11
23.655159
21
65.201453
31
0
 0
LINE
 8
UNIFILAR
 6
CONTINUOUS
 62
30
10
22.933521
20
65.199792
30
0
11
22.424771
21
65.199934
31
0
 0
LINE
 8
UNIFILAR
 6
CONTINUOUS
 62
30
10
22.409771
20
65.214938
30
0
11
22.409771
21
67.856057
31
0
 0
LINE
 8
UNIFILAR
 6
CONTINUOUS
 62
30
10
22.394771
20
67.871057
30
0
11
20.464771
21
67.871057
31
0
 0
LINE
 8
UNIFILAR
 6
CONTINUOUS
 62
30
10
20.449771
20
67.856057
30
0
11
20.449771
21
66.686057
31
0
 0
LINE
 8
UNIFILAR
 6
CONTINUOUS
 62
30
10
20.436927
20
66.663309
30
0
11
20.141287
21
66.484981
31
0
 0
TEXT
 8
TEXTO_RAMAS
 6
CONTINUOUS
 62
30
10
21.429771
20
67.886057
30
0
11
21.429771
21
67.886057
31
0
 1
152 Ø20x2
 7
ROMANS
 40
0.06
 41
1
 50
0
 72
1
 73
0
 0
TEXT
 8
TEXTO_RAMAS
 6
CONTINUOUS
 62
30
10
21.429771
20
67.856057
30
0
11
21.429771
21
67.856057
31
0
 1
P/Al/PEX
 7
ROMANS
 40
0.06
 41
1
 50
0
 72
1
 73
3
 0
LINE
 8
UNIFILAR
 6
CONTINUOUS
 62
30
10
21.479771
20
67.857057
30
0
11
21.429771
21
67.871057
31
0
 0
LINE
 8
UNIFILAR
 6
CONTINUOUS
 62
30
10
21.479771
20
67.885057
30
0
11
21.429771
21
67.871057
31
0
 0
INSERT
 8
UNIFILAR
 6
CONTINUOUS
 62
30
 2
LLAVE_PASO_GAS
10
20.24819
20
66.253787
30
0
41
0.0375
42
0.0375
43
1
 50
300.730759
 0
LINE
 8
UNIFILAR
 6
CONTINUOUS
 62
30
10
20.132224
20
66.448859
30
0
11
20.219446
21
66.302138
31
0
 0
LINE
 8
UNIFILAR
 6
CONTINUOUS
 62
30
10
20.276934
20
66.205436
30
0
11
20.324068
21
66.126151
31
0
 0
TEXT
 8
TEXTO_RAMAS
 6
CONTINUOUS
 62
30
10
20.309435
20
66.290196
30
0
11
20.309435
21
66.290196
31
0
 1
Ø1/2"
 7
ROMANS
 40
0.06
 41
1
 50
300.730759
 72
1
 73
0
 0
TEXT
 8
TEXTO_RAMAS
 6
CONTINUOUS
 62
30
10
20.186946
20
66.217378
30
0
11
20.186946
21
66.217378
31
0
 1

 7
ROMANS
 40
0.06
 41
1
 50
300.730759
 72
1
 73
3
 0
INSERT
 8
UNIFILAR
 6
CONTINUOUS
 62
30
 2
LLAVE_PASO_GAS
10
22.959084
20
65.437353
30
0
41
0.0375
42
0.0375
43
1
 50
90.165788
 0
LINE
 8
UNIFILAR
 6
CONTINUOUS
 62
30
10
22.959695
20
65.226035
30
0
11
22.959246
21
65.381103
31
0
 0
LINE
 8
UNIFILAR
 6
CONTINUOUS
 62
30
10
22.958921
20
65.493602
30
0
11
22.958657
21
65.58492
31
0
 0
TEXT
 8
TEXTO_RAMAS
 6
CONTINUOUS
 62
30
10
23.030333
20
65.437559
30
0
11
23.030333
21
65.437559
31
0
 1
Ø1/2"
 7
ROMANS
 40
0.06
 41
1
 50
270.165788
 72
1
 73
0
 0
TEXT
 8
TEXTO_RAMAS
 6
CONTINUOUS
 62
30
10
22.887834
20
65.437146
30
0
11
22.887834
21
65.437146
31
0
 1

 7
ROMANS
 40
0.06
 41
1
 50
270.165788
 72
1
 73
3
 0
LINE
 8
UNIFILAR
 6
CONTINUOUS
 62
30
10
24.505532
20
65.381057
30
0
11
24.376731
21
65.381057
31
0
 0
TEXT
 8
TEXTO_RAMAS
 6
CONTINUOUS
 62
30
10
24.473031
20
65.396057
30
0
11
24.473031
21
65.396057
31
0
 1
150 Ø20x2
 7
ROMANS
 40
0.06
 41
1
 50
0
 72
1
 73
0
 0
TEXT
 8
TEXTO_RAMAS
 6
CONTINUOUS
 62
30
10
24.473031
20
65.366057
30
0
11
24.473031
21
65.366057
31
0
 1
P/Al/PEX
 7
ROMANS
 40
0.06
 41
1
 50
0
 72
1
 73
3
 0
LINE
 8
UNIFILAR
 6
CONTINUOUS
 62
30
10
24.523031
20
65.367057
30
0
11
24.473031
21
65.381057
31
0
 0
LINE
 8
UNIFILAR
 6
CONTINUOUS
 62
30
10
24.523031
20
65.395057
30
0
11
24.473031
21
65.381057
31
0
 0
INSERT
 8
UNIFILAR
 6
CONTINUOUS
 62
30
 2
CONTADOR_GAS
10
25.478906
20
65.042774
30
0
41
0.0565
42
0.0565
43
1
 50
180.674776
 0
LINE
 8
UNIFILAR
 6
CONTINUOUS
 62
30
10
25.592595
20
65.044113
30
0
11
25.542464
21
65.043522
31
0
 0
LINE
 8
UNIFILAR
 6
CONTINUOUS
 62
30
10
25.415348
20
65.042025
30
0
11
25.365218
21
65.041435
31
0
 0
TEXT
 8
TEXTO_RAMAS
 6
CONTINUOUS
 62
30
10
25.477981
20
65.121331
30
0
11
25.477981
21
65.121331
31
0
 1

 7
ROMANS
 40
0.06
 41
1
 50
0.674776
 72
1
 73
0
 0
TEXT
 8
TEXTO_RAMAS
 6
CONTINUOUS
 62
30
10
25.479831
20
64.964217
30
0
11
25.479831
21
64.964217
31
0
 1

 7
ROMANS
 40
0.06
 41
1
 50
0.674776
 72
1
 73
3
 0
INSERT
 8
UNIFILAR
 6
CONTINUOUS
 62
30
 2
LLAVE_PASO_GAS
10
25.185156
20
65.042288
30
0
41
0.0375
42
0.0375
43
1
 50
179.567205
 0
LINE
 8
UNIFILAR
 6
CONTINUOUS
 62
30
10
25.312721
20
65.041324
30
0
11
25.241404
21
65.041863
31
0
 0
LINE
 8
UNIFILAR
 6
CONTINUOUS
 62
30
10
25.128907
20
65.042713
30
0
11
25.057591
21
65.043251
31
0
 0
TEXT
 8
TEXTO_RAMAS
 6
CONTINUOUS
 62
30
10
25.185694
20
65.113536
30
0
11
25.185694
21
65.113536
31
0
 1
Ø3/4"
 7
ROMANS
 40
0.06
 41
1
 50
359.567205
 72
1
 73
0
 0
TEXT
 8
TEXTO_RAMAS
 6
CONTINUOUS
 62
30
10
25.184617
20
64.97104
30
0
11
25.184617
21
64.97104
31
0
 1

 7
ROMANS
 40
0.06
 41
1
 50
359.567205
 72
1
 73
3
 0
LINE
 8
UNIFILAR
 6
CONTINUOUS
 62
30
10
25.031505
20
65.069699
30
0
11
25.033283
21
65.355485
31
0
 0
TEXT
 8
TEXTO_RAMAS
 6
CONTINUOUS
 62
30
10
25.017394
20
65.212685
30
0
11
25.017394
21
65.212685
31
0
 1
148 Ø20x22
 7
ROMANS
 40
0.06
 41
1
 50
89.643509
 72
1
 73
0
 0
TEXT
 8
TEXTO_RAMAS
 6
CONTINUOUS
 62
30
10
25.047394
20
65.212499
30
0
11
25.047394
21
65.212499
31
0
 1
Cobre
 7
ROMANS
 40
0.06
 41
1
 50
89.643509
 72
1
 73
3
 0
LINE
 8
UNIFILAR
 6
CONTINUOUS
 62
30
10
25.018083
20
65.16268
30
0
11
25.032394
21
65.212592
31
0
 0
LINE
 8
UNIFILAR
 6
CONTINUOUS
 62
30
10
25.046083
20
65.162506
30
0
11
25.032394
21
65.212592
31
0
 0
INSERT
 8
UNIFILAR
 6
CONTINUOUS
 62
30
 2
LLAVE_PASO_GAS
10
24.814489
20
65.381396
30
0
41
0.0375
42
0.0375
43
1
 50
180.088708
 0
LINE
 8
UNIFILAR
 6
CONTINUOUS
 62
30
10
25.007196
20
65.381694
30
0
11
24.870739
21
65.381483
31
0
 0
LINE
 8
UNIFILAR
 6
CONTINUOUS
 62
30
10
24.758239
20
65.381308
30
0
11
24.685532
21
65.381196
31
0
 0
TEXT
 8
TEXTO_RAMAS
 6
CONTINUOUS
 62
30
10
24.814379
20
65.452646
30
0
11
24.814379
21
65.452646
31
0
 1
Ø3/4"
 7
ROMANS
 40
0.06
 41
1
 50
0.088708
 72
1
 73
0
 0
TEXT
 8
TEXTO_RAMAS
 6
CONTINUOUS
 62
30
10
24.8146
20
65.310146
30
0
11
24.8146
21
65.310146
31
0
 1

 7
ROMANS
 40
0.06
 41
1
 50
0.088708
 72
1
 73
3
 0
LINE
 8
UNIFILAR
 6
CONTINUOUS
 62
30
10
20.096376
20
66.457792
30
0
11
19.859224
21
66.313692
31
0
 0
TEXT
 8
TEXTO_RAMAS
 6
CONTINUOUS
 62
30
10
19.970011
20
66.398561
30
0
11
19.970011
21
66.398561
31
0
 1
154 Ø16x2
 7
ROMANS
 40
0.06
 41
1
 50
31.283907
 72
1
 73
0
 0
TEXT
 8
TEXTO_RAMAS
 6
CONTINUOUS
 62
30
10
19.985589
20
66.372923
30
0
11
19.985589
21
66.372923
31
0
 1
P/Al/PEX
 7
ROMANS
 40
0.06
 41
1
 50
31.283907
 72
1
 73
3
 0
LINE
 8
UNIFILAR
 6
CONTINUOUS
 62
30
10
20.0278
20
66.399741
30
0
11
19.9778
21
66.385742
31
0
 0
LINE
 8
UNIFILAR
 6
CONTINUOUS
 62
30
10
20.01326
20
66.42367
30
0
11
19.9778
21
66.385742
31
0
 0
INSERT
 8
UNIFILAR
 6
CONTINUOUS
 62
30
 2
LLAVE_PASO_GAS
10
19.968703
20
66.086836
30
0
41
0.0375
42
0.0375
43
1
 50
301.743256
 0
LINE
 8
UNIFILAR
 6
CONTINUOUS
 62
30
10
19.850601
20
66.277737
30
0
11
19.939109
21
66.134672
31
0
 0
LINE
 8
UNIFILAR
 6
CONTINUOUS
 62
30
10
19.998297
20
66.039
30
0
11
20.044937
21
65.963611
31
0
 0
TEXT
 8
TEXTO_RAMAS
 6
CONTINUOUS
 62
30
10
20.029295
20
66.124322
30
0
11
20.029295
21
66.124322
31
0
 1
Ø3/8"
 7
ROMANS
 40
0.06
 41
1
 50
301.743256
 72
1
 73
0
 0
TEXT
 8
TEXTO_RAMAS
 6
CONTINUOUS
 62
30
10
19.908111
20
66.04935
30
0
11
19.908111
21
66.04935
31
0
 1

 7
ROMANS
 40
0.06
 41
1
 50
301.743256
 72
1
 73
3
 0
TEXT
 8
0
 6
CONTINUOUS
 62
7
10
23.111181
20
57.683405
30
0
11
23.111181
21
57.683405
31
0
 1
Planta  Quinta
 7
ROMANS
 40
0.3
 41
1
 50
0
 72
1
 73
0
 0
LINE
 8
0
 6
CONTINUOUS
 62
7
10
13.111181
20
72.526057
30
0
11
13.111181
21
70.026057
31
0
 0
LINE
 8
0
 6
CONTINUOUS
 62
7
10
13.111181
20
70.026057
30
0
11
33.111181
21
70.026057
31
0
 0
LINE
 8
0
 6
CONTINUOUS
 62
7
10
33.111181
20
70.026057
30
0
11
33.111181
21
72.526057
31
0
 0
TEXT
 8
0
 6
CONTINUOUS
 62
7
10
33.311181
20
70.026057
30
0
11
33.311181
21
70.026057
31
0
 1
Baja
 7
ROMANS
 40
0.3
 41
1
 50
0
 72
0
 73
0
 0
LINE
 8
0
 6
CONTINUOUS
 62
7
10
13.111181
20
75.126057
30
0
11
13.111181
21
72.526057
31
0
 0
LINE
 8
0
 6
CONTINUOUS
 62
7
10
13.111181
20
72.526057
30
0
11
33.111181
21
72.526057
31
0
 0
LINE
 8
0
 6
CONTINUOUS
 62
7
10
33.111181
20
72.526057
30
0
11
33.111181
21
75.126057
31
0
 0
TEXT
 8
0
 6
CONTINUOUS
 62
7
10
33.311181
20
72.526057
30
0
11
33.311181
21
72.526057
31
0
 1
Primera
 7
ROMANS
 40
0.3
 41
1
 50
0
 72
0
 73
0
 0
LINE
 8
0
 6
CONTINUOUS
 62
7
10
13.111181
20
77.726057
30
0
11
13.111181
21
75.126057
31
0
 0
LINE
 8
0
 6
CONTINUOUS
 62
7
10
13.111181
20
75.126057
30
0
11
33.111181
21
75.126057
31
0
 0
LINE
 8
0
 6
CONTINUOUS
 62
7
10
33.111181
20
75.126057
30
0
11
33.111181
21
77.726057
31
0
 0
TEXT
 8
0
 6
CONTINUOUS
 62
7
10
33.311181
20
75.126057
30
0
11
33.311181
21
75.126057
31
0
 1
Segunda
 7
ROMANS
 40
0.3
 41
1
 50
0
 72
0
 73
0
 0
LINE
 8
0
 6
CONTINUOUS
 62
7
10
13.111181
20
80.326057
30
0
11
13.111181
21
77.726057
31
0
 0
LINE
 8
0
 6
CONTINUOUS
 62
7
10
13.111181
20
77.726057
30
0
11
33.111181
21
77.726057
31
0
 0
LINE
 8
0
 6
CONTINUOUS
 62
7
10
33.111181
20
77.726057
30
0
11
33.111181
21
80.326057
31
0
 0
TEXT
 8
0
 6
CONTINUOUS
 62
7
10
33.311181
20
77.726057
30
0
11
33.311181
21
77.726057
31
0
 1
Tercera
 7
ROMANS
 40
0.3
 41
1
 50
0
 72
0
 73
0
 0
LINE
 8
0
 6
CONTINUOUS
 62
7
10
13.111181
20
82.926057
30
0
11
13.111181
21
80.326057
31
0
 0
LINE
 8
0
 6
CONTINUOUS
 62
7
10
13.111181
20
80.326057
30
0
11
33.111181
21
80.326057
31
0
 0
LINE
 8
0
 6
CONTINUOUS
 62
7
10
33.111181
20
80.326057
30
0
11
33.111181
21
82.926057
31
0
 0
TEXT
 8
0
 6
CONTINUOUS
 62
7
10
33.311181
20
80.326057
30
0
11
33.311181
21
80.326057
31
0
 1
Cuarta
 7
ROMANS
 40
0.3
 41
1
 50
0
 72
0
 73
0
 0
LINE
 8
0
 6
CONTINUOUS
 62
7
10
13.111181
20
85.526057
30
0
11
13.111181
21
82.926057
31
0
 0
LINE
 8
0
 6
CONTINUOUS
 62
7
10
13.111181
20
82.926057
30
0
11
33.111181
21
82.926057
31
0
 0
LINE
 8
0
 6
CONTINUOUS
 62
7
10
33.111181
20
82.926057
30
0
11
33.111181
21
85.526057
31
0
 0
TEXT
 8
0
 6
CONTINUOUS
 62
7
10
33.311181
20
82.926057
30
0
11
33.311181
21
82.926057
31
0
 1
Quinta
 7
ROMANS
 40
0.3
 41
1
 50
0
 72
0
 73
0
 0
INSERT
 8
UNIFILAR
 6
CONTINUOUS
 62
30
 2
CONEXION_PLANTAS_GAS
10
19.777847
20
70.026057
30
0
41
0.07
42
0.07
43
1
 50
0
 0
TEXT
 8
TEXTO_NUDOS
 6
CONTINUOUS
 62
30
10
19.606597
20
70.197307
30
0
11
19.606597
21
70.197307
31
0
 1
5
 7
ROMANS
 40
0.13
 41
1
 50
0
 72
2
 73
0
 0
INSERT
 8
UNIFILAR
 6
CONTINUOUS
 62
30
 2
CONEXION_PLANTAS_GAS
10
26.444514
20
70.026057
30
0
41
0.07
42
0.07
43
1
 50
0
 0
TEXT
 8
TEXTO_NUDOS
 6
CONTINUOUS
 62
30
10
26.273264
20
70.197307
30
0
11
26.273264
21
70.197307
31
0
 1
82
 7
ROMANS
 40
0.13
 41
1
 50
0
 72
2
 73
0
 0
INSERT
 8
UNIFILAR
 6
CONTINUOUS
 62
30
 2
CONEXION_PLANTAS_GAS
10
19.777847
20
72.526057
30
0
41
0.07
42
0.07
43
1
 50
0
 0
TEXT
 8
TEXTO_NUDOS
 6
CONTINUOUS
 62
30
10
19.606597
20
72.697307
30
0
11
19.606597
21
72.697307
31
0
 1
6
 7
ROMANS
 40
0.13
 41
1
 50
0
 72
2
 73
0
 0
INSERT
 8
UNIFILAR
 6
CONTINUOUS
 62
30
 2
CONEXION_PLANTAS_GAS
10
26.444514
20
72.526057
30
0
41
0.07
42
0.07
43
1
 50
0
 0
TEXT
 8
TEXTO_NUDOS
 6
CONTINUOUS
 62
30
10
26.273264
20
72.697307
30
0
11
26.273264
21
72.697307
31
0
 1
83
 7
ROMANS
 40
0.13
 41
1
 50
0
 72
2
 73
0
 0
INSERT
 8
UNIFILAR
 6
CONTINUOUS
 62
30
 2
CONEXION_PLANTAS_GAS
10
19.777847
20
75.126057
30
0
41
0.07
42
0.07
43
1
 50
0
 0
TEXT
 8
TEXTO_NUDOS
 6
CONTINUOUS
 62
30
10
19.606597
20
75.297307
30
0
11
19.606597
21
75.297307
31
0
 1
21
 7
ROMANS
 40
0.13
 41
1
 50
0
 72
2
 73
0
 0
INSERT
 8
UNIFILAR
 6
CONTINUOUS
 62
30
 2
CONEXION_PLANTAS_GAS
10
26.444514
20
75.126057
30
0
41
0.07
42
0.07
43
1
 50
0
 0
TEXT
 8
TEXTO_NUDOS
 6
CONTINUOUS
 62
30
10
26.273264
20
75.297307
30
0
11
26.273264
21
75.297307
31
0
 1
98
 7
ROMANS
 40
0.13
 41
1
 50
0
 72
2
 73
0
 0
INSERT
 8
UNIFILAR
 6
CONTINUOUS
 62
30
 2
CONEXION_PLANTAS_GAS
10
19.777847
20
77.726057
30
0
41
0.07
42
0.07
43
1
 50
0
 0
TEXT
 8
TEXTO_NUDOS
 6
CONTINUOUS
 62
30
10
19.606597
20
77.897307
30
0
11
19.606597
21
77.897307
31
0
 1
36
 7
ROMANS
 40
0.13
 41
1
 50
0
 72
2
 73
0
 0
INSERT
 8
UNIFILAR
 6
CONTINUOUS
 62
30
 2
CONEXION_PLANTAS_GAS
10
26.444514
20
77.726057
30
0
41
0.07
42
0.07
43
1
 50
0
 0
TEXT
 8
TEXTO_NUDOS
 6
CONTINUOUS
 62
30
10
26.273264
20
77.897307
30
0
11
26.273264
21
77.897307
31
0
 1
113
 7
ROMANS
 40
0.13
 41
1
 50
0
 72
2
 73
0
 0
INSERT
 8
UNIFILAR
 6
CONTINUOUS
 62
30
 2
CONEXION_PLANTAS_GAS
10
19.777847
20
80.326057
30
0
41
0.07
42
0.07
43
1
 50
0
 0
TEXT
 8
TEXTO_NUDOS
 6
CONTINUOUS
 62
30
10
19.606597
20
80.497307
30
0
11
19.606597
21
80.497307
31
0
 1
51
 7
ROMANS
 40
0.13
 41
1
 50
0
 72
2
 73
0
 0
INSERT
 8
UNIFILAR
 6
CONTINUOUS
 62
30
 2
CONEXION_PLANTAS_GAS
10
26.444514
20
80.326057
30
0
41
0.07
42
0.07
43
1
 50
0
 0
TEXT
 8
TEXTO_NUDOS
 6
CONTINUOUS
 62
30
10
26.273264
20
80.497307
30
0
11
26.273264
21
80.497307
31
0
 1
128
 7
ROMANS
 40
0.13
 41
1
 50
0
 72
2
 73
0
 0
INSERT
 8
UNIFILAR
 6
CONTINUOUS
 62
30
 2
CONEXION_PLANTAS_GAS
10
19.777847
20
82.926057
30
0
41
0.07
42
0.07
43
1
 50
0
 0
TEXT
 8
TEXTO_NUDOS
 6
CONTINUOUS
 62
30
10
19.606597
20
83.097307
30
0
11
19.606597
21
83.097307
31
0
 1
66
 7
ROMANS
 40
0.13
 41
1
 50
0
 72
2
 73
0
 0
INSERT
 8
UNIFILAR
 6
CONTINUOUS
 62
30
 2
CONEXION_PLANTAS_GAS
10
26.444514
20
82.926057
30
0
41
0.07
42
0.07
43
1
 50
0
 0
TEXT
 8
TEXTO_NUDOS
 6
CONTINUOUS
 62
30
10
26.273264
20
83.097307
30
0
11
26.273264
21
83.097307
31
0
 1
143
 7
ROMANS
 40
0.13
 41
1
 50
0
 72
2
 73
0
 0
LINE
 8
UNIFILAR
 6
CONTINUOUS
 62
30
10
19.777847
20
70.131057
30
0
11
19.777847
21
72.421057
31
0
 0
TEXT
 8
TEXTO_RAMAS
 6
CONTINUOUS
 62
30
10
19.762847
20
71.276057
30
0
11
19.762847
21
71.276057
31
0
 1
5 Ø3/4"
 7
ROMANS
 40
0.13
 41
1
 50
90
 72
1
 73
0
 0
TEXT
 8
TEXTO_RAMAS
 6
CONTINUOUS
 62
30
10
19.792847
20
71.276057
30
0
11
19.792847
21
71.276057
31
0
 1
Acero
 7
ROMANS
 40
0.13
 41
1
 50
90
 72
1
 73
3
 0
LINE
 8
UNIFILAR
 6
CONTINUOUS
 62
30
10
19.763847
20
71.226057
30
0
11
19.777847
21
71.276057
31
0
 0
LINE
 8
UNIFILAR
 6
CONTINUOUS
 62
30
10
19.791847
20
71.226057
30
0
11
19.777847
21
71.276057
31
0
 0
LINE
 8
UNIFILAR
 6
CONTINUOUS
 62
30
10
26.444514
20
70.131057
30
0
11
26.444514
21
72.421057
31
0
 0
TEXT
 8
TEXTO_RAMAS
 6
CONTINUOUS
 62
30
10
26.429514
20
71.276057
30
0
11
26.429514
21
71.276057
31
0
 1
82 Ø3/4"
 7
ROMANS
 40
0.13
 41
1
 50
90
 72
1
 73
0
 0
TEXT
 8
TEXTO_RAMAS
 6
CONTINUOUS
 62
30
10
26.459514
20
71.276057
30
0
11
26.459514
21
71.276057
31
0
 1
Acero
 7
ROMANS
 40
0.13
 41
1
 50
90
 72
1
 73
3
 0
LINE
 8
UNIFILAR
 6
CONTINUOUS
 62
30
10
26.430514
20
71.226057
30
0
11
26.444514
21
71.276057
31
0
 0
LINE
 8
UNIFILAR
 6
CONTINUOUS
 62
30
10
26.458514
20
71.226057
30
0
11
26.444514
21
71.276057
31
0
 0
LINE
 8
UNIFILAR
 6
CONTINUOUS
 62
30
10
19.777847
20
72.631057
30
0
11
19.777847
21
75.021057
31
0
 0
TEXT
 8
TEXTO_RAMAS
 6
CONTINUOUS
 62
30
10
19.762847
20
73.826057
30
0
11
19.762847
21
73.826057
31
0
 1
20 Ø3/4"
 7
ROMANS
 40
0.13
 41
1
 50
90
 72
1
 73
0
 0
TEXT
 8
TEXTO_RAMAS
 6
CONTINUOUS
 62
30
10
19.792847
20
73.826057
30
0
11
19.792847
21
73.826057
31
0
 1
Acero
 7
ROMANS
 40
0.13
 41
1
 50
90
 72
1
 73
3
 0
LINE
 8
UNIFILAR
 6
CONTINUOUS
 62
30
10
19.763847
20
73.776057
30
0
11
19.777847
21
73.826057
31
0
 0
LINE
 8
UNIFILAR
 6
CONTINUOUS
 62
30
10
19.791847
20
73.776057
30
0
11
19.777847
21
73.826057
31
0
 0
LINE
 8
UNIFILAR
 6
CONTINUOUS
 62
30
10
26.444514
20
72.631057
30
0
11
26.444514
21
75.021057
31
0
 0
TEXT
 8
TEXTO_RAMAS
 6
CONTINUOUS
 62
30
10
26.429514
20
73.826057
30
0
11
26.429514
21
73.826057
31
0
 1
97 Ø3/4"
 7
ROMANS
 40
0.13
 41
1
 50
90
 72
1
 73
0
 0
TEXT
 8
TEXTO_RAMAS
 6
CONTINUOUS
 62
30
10
26.459514
20
73.826057
30
0
11
26.459514
21
73.826057
31
0
 1
Acero
 7
ROMANS
 40
0.13
 41
1
 50
90
 72
1
 73
3
 0
LINE
 8
UNIFILAR
 6
CONTINUOUS
 62
30
10
26.430514
20
73.776057
30
0
11
26.444514
21
73.826057
31
0
 0
LINE
 8
UNIFILAR
 6
CONTINUOUS
 62
30
10
26.458514
20
73.776057
30
0
11
26.444514
21
73.826057
31
0
 0
LINE
 8
UNIFILAR
 6
CONTINUOUS
 62
30
10
26.444514
20
80.431057
30
0
11
26.444514
21
82.821057
31
0
 0
TEXT
 8
TEXTO_RAMAS
 6
CONTINUOUS
 62
30
10
26.429514
20
81.626057
30
0
11
26.429514
21
81.626057
31
0
 1
142 Ø3/4"
 7
ROMANS
 40
0.13
 41
1
 50
90
 72
1
 73
0
 0
TEXT
 8
TEXTO_RAMAS
 6
CONTINUOUS
 62
30
10
26.459514
20
81.626057
30
0
11
26.459514
21
81.626057
31
0
 1
Acero
 7
ROMANS
 40
0.13
 41
1
 50
90
 72
1
 73
3
 0
LINE
 8
UNIFILAR
 6
CONTINUOUS
 62
30
10
26.430514
20
81.576057
30
0
11
26.444514
21
81.626057
31
0
 0
LINE
 8
UNIFILAR
 6
CONTINUOUS
 62
30
10
26.458514
20
81.576057
30
0
11
26.444514
21
81.626057
31
0
 0
LINE
 8
UNIFILAR
 6
CONTINUOUS
 62
30
10
19.777847
20
80.431057
30
0
11
19.777847
21
82.821057
31
0
 0
TEXT
 8
TEXTO_RAMAS
 6
CONTINUOUS
 62
30
10
19.762847
20
81.626057
30
0
11
19.762847
21
81.626057
31
0
 1
65 Ø3/4"
 7
ROMANS
 40
0.13
 41
1
 50
90
 72
1
 73
0
 0
TEXT
 8
TEXTO_RAMAS
 6
CONTINUOUS
 62
30
10
19.792847
20
81.626057
30
0
11
19.792847
21
81.626057
31
0
 1
Acero
 7
ROMANS
 40
0.13
 41
1
 50
90
 72
1
 73
3
 0
LINE
 8
UNIFILAR
 6
CONTINUOUS
 62
30
10
19.763847
20
81.576057
30
0
11
19.777847
21
81.626057
31
0
 0
LINE
 8
UNIFILAR
 6
CONTINUOUS
 62
30
10
19.791847
20
81.576057
30
0
11
19.777847
21
81.626057
31
0
 0
LINE
 8
UNIFILAR
 6
CONTINUOUS
 62
30
10
26.444514
20
77.831057
30
0
11
26.444514
21
80.221057
31
0
 0
TEXT
 8
TEXTO_RAMAS
 6
CONTINUOUS
 62
30
10
26.429514
20
79.026057
30
0
11
26.429514
21
79.026057
31
0
 1
127 Ø3/4"
 7
ROMANS
 40
0.13
 41
1
 50
90
 72
1
 73
0
 0
TEXT
 8
TEXTO_RAMAS
 6
CONTINUOUS
 62
30
10
26.459514
20
79.026057
30
0
11
26.459514
21
79.026057
31
0
 1
Acero
 7
ROMANS
 40
0.13
 41
1
 50
90
 72
1
 73
3
 0
LINE
 8
UNIFILAR
 6
CONTINUOUS
 62
30
10
26.430514
20
78.976057
30
0
11
26.444514
21
79.026057
31
0
 0
LINE
 8
UNIFILAR
 6
CONTINUOUS
 62
30
10
26.458514
20
78.976057
30
0
11
26.444514
21
79.026057
31
0
 0
LINE
 8
UNIFILAR
 6
CONTINUOUS
 62
30
10
19.777847
20
77.831057
30
0
11
19.777847
21
80.221057
31
0
 0
TEXT
 8
TEXTO_RAMAS
 6
CONTINUOUS
 62
30
10
19.762847
20
79.026057
30
0
11
19.762847
21
79.026057
31
0
 1
50 Ø3/4"
 7
ROMANS
 40
0.13
 41
1
 50
90
 72
1
 73
0
 0
TEXT
 8
TEXTO_RAMAS
 6
CONTINUOUS
 62
30
10
19.792847
20
79.026057
30
0
11
19.792847
21
79.026057
31
0
 1
Acero
 7
ROMANS
 40
0.13
 41
1
 50
90
 72
1
 73
3
 0
LINE
 8
UNIFILAR
 6
CONTINUOUS
 62
30
10
19.763847
20
78.976057
30
0
11
19.777847
21
79.026057
31
0
 0
LINE
 8
UNIFILAR
 6
CONTINUOUS
 62
30
10
19.791847
20
78.976057
30
0
11
19.777847
21
79.026057
31
0
 0
LINE
 8
UNIFILAR
 6
CONTINUOUS
 62
30
10
26.444514
20
75.231057
30
0
11
26.444514
21
77.621057
31
0
 0
TEXT
 8
TEXTO_RAMAS
 6
CONTINUOUS
 62
30
10
26.429514
20
76.426057
30
0
11
26.429514
21
76.426057
31
0
 1
112 Ø3/4"
 7
ROMANS
 40
0.13
 41
1
 50
90
 72
1
 73
0
 0
TEXT
 8
TEXTO_RAMAS
 6
CONTINUOUS
 62
30
10
26.459514
20
76.426057
30
0
11
26.459514
21
76.426057
31
0
 1
Acero
 7
ROMANS
 40
0.13
 41
1
 50
90
 72
1
 73
3
 0
LINE
 8
UNIFILAR
 6
CONTINUOUS
 62
30
10
26.430514
20
76.376057
30
0
11
26.444514
21
76.426057
31
0
 0
LINE
 8
UNIFILAR
 6
CONTINUOUS
 62
30
10
26.458514
20
76.376057
30
0
11
26.444514
21
76.426057
31
0
 0
LINE
 8
UNIFILAR
 6
CONTINUOUS
 62
30
10
19.777847
20
75.231057
30
0
11
19.777847
21
77.621057
31
0
 0
TEXT
 8
TEXTO_RAMAS
 6
CONTINUOUS
 62
30
10
19.762847
20
76.426057
30
0
11
19.762847
21
76.426057
31
0
 1
35 Ø3/4"
 7
ROMANS
 40
0.13
 41
1
 50
90
 72
1
 73
0
 0
TEXT
 8
TEXTO_RAMAS
 6
CONTINUOUS
 62
30
10
19.792847
20
76.426057
30
0
11
19.792847
21
76.426057
31
0
 1
Acero
 7
ROMANS
 40
0.13
 41
1
 50
90
 72
1
 73
3
 0
LINE
 8
UNIFILAR
 6
CONTINUOUS
 62
30
10
19.763847
20
76.376057
30
0
11
19.777847
21
76.426057
31
0
 0
LINE
 8
UNIFILAR
 6
CONTINUOUS
 62
30
10
19.791847
20
76.376057
30
0
11
19.777847
21
76.426057
31
0
 0
TEXT
 8
0
 6
CONTINUOUS
 62
7
10
19.777847
20
83.760753
30
0
11
19.777847
21
83.760753
31
0
 1
Tubo 1
 7
ROMANS
 40
0.1
 41
1
 50
90
 72
0
 73
0
 0
TEXT
 8
0
 6
CONTINUOUS
 62
7
10
26.444514
20
83.760753
30
0
11
26.444514
21
83.760753
31
0
 1
Tubo 2
 7
ROMANS
 40
0.1
 41
1
 50
90
 72
0
 73
0
 0
INSERT
 8
SIMBOLOGIA_GRAFICA
 6
CONTINUOUS
 62
30
 2
CONEXION_RED_GAS
10
23.111181
20
-0.522489
30
0
41
0.05
42
0.05
43
1
 50
0
 0
TEXT
 8
SIMBOLOGIA_GRAFICA
 6
CONTINUOUS
 62
30
10
24.111181
20
-0.522489
30
0
11
24.111181
21
-0.522489
31
0
 1
Conexión a red
 7
ROMANS
 40
0.13
 41
1
 50
0
 72
0
 73
2
 0
INSERT
 8
SIMBOLOGIA_GRAFICA
 6
CONTINUOUS
 62
30
 2
CONEXION_PLANTAS_GAS
10
23.111181
20
-1.522489
30
0
41
0.035
42
0.035
43
1
 50
0
 0
TEXT
 8
SIMBOLOGIA_GRAFICA
 6
CONTINUOUS
 62
30
10
24.111181
20
-1.522489
30
0
11
24.111181
21
-1.522489
31
0
 1
Conexión entre plantas
 7
ROMANS
 40
0.13
 41
1
 50
0
 72
0
 73
2
 0
INSERT
 8
SIMBOLOGIA_GRAFICA
 6
CONTINUOUS
 62
30
 2
NUDO_DERIVACION_GAS
10
23.111181
20
-2.522489
30
0
41
0.035
42
0.035
43
1
 50
0
 0
TEXT
 8
SIMBOLOGIA_GRAFICA
 6
CONTINUOUS
 62
30
10
24.111181
20
-2.522489
30
0
11
24.111181
21
-2.522489
31
0
 1
Derivación o conexión ramas diferentes
 7
ROMANS
 40
0.13
 41
1
 50
0
 72
0
 73
2
 0
INSERT
 8
SIMBOLOGIA_GRAFICA
 6
CONTINUOUS
 62
30
 2
NUDO_PASO_GAS
10
23.111181
20
-3.522489
30
0
41
0.02
42
0.02
43
1
 50
0
 0
TEXT
 8
SIMBOLOGIA_GRAFICA
 6
CONTINUOUS
 62
30
10
24.111181
20
-3.522489
30
0
11
24.111181
21
-3.522489
31
0
 1
Codo
 7
ROMANS
 40
0.13
 41
1
 50
0
 72
0
 73
2
 0
INSERT
 8
SIMBOLOGIA_GRAFICA
 6
CONTINUOUS
 62
30
 2
APARATO_GAS
10
23.111181
20
-4.522489
30
0
41
0.08
42
0.08
43
1
 50
0
 0
TEXT
 8
SIMBOLOGIA_GRAFICA
 6
CONTINUOUS
 62
30
10
24.111181
20
-4.522489
30
0
11
24.111181
21
-4.522489
31
0
 1
Aparato de utilización
 7
ROMANS
 40
0.13
 41
1
 50
0
 72
0
 73
2
 0
INSERT
 8
SIMBOLOGIA_GRAFICA
 6
CONTINUOUS
 62
30
 2
TOMA_PRESION_GAS
10
23.111181
20
-5.522489
30
0
41
1
42
1
43
1
 50
0
 0
TEXT
 8
SIMBOLOGIA_GRAFICA
 6
CONTINUOUS
 62
30
10
24.111181
20
-5.522489
30
0
11
24.111181
21
-5.522489
31
0
 1
Toma de presión
 7
ROMANS
 40
0.13
 41
1
 50
0
 72
0
 73
2
 0
LINE
 8
SIMBOLOGIA_GRAFICA
 6
CONTINUOUS
 62
30
10
22.611181
20
-6.522489
30
0
11
23.611181
21
-6.522489
31
0
 0
TEXT
 8
SIMBOLOGIA_GRAFICA
 6
CONTINUOUS
 62
30
10
24.111181
20
-6.522489
30
0
11
24.111181
21
-6.522489
31
0
 1
Tubería
 7
ROMANS
 40
0.13
 41
1
 50
0
 72
0
 73
2
 0
INSERT
 8
SIMBOLOGIA_GRAFICA
 6
CONTINUOUS
 62
30
 2
LLAVE_PASO_GAS
10
23.111181
20
-7.522489
30
0
41
0.0375
42
0.0375
43
1
 50
0
 0
TEXT
 8
SIMBOLOGIA_GRAFICA
 6
CONTINUOUS
 62
30
10
24.111181
20
-7.522489
30
0
11
24.111181
21
-7.522489
31
0
 1
Llave de paso
 7
ROMANS
 40
0.13
 41
1
 50
0
 72
0
 73
2
 0
INSERT
 8
SIMBOLOGIA_GRAFICA
 6
CONTINUOUS
 62
30
 2
VALVULA_REG_PRESION_GAS
10
23.111181
20
-8.522489
30
0
41
0.0375
42
0.0375
43
1
 50
0
 0
TEXT
 8
SIMBOLOGIA_GRAFICA
 6
CONTINUOUS
 62
30
10
24.111181
20
-8.522489
30
0
11
24.111181
21
-8.522489
31
0
 1
Regulador de presión
 7
ROMANS
 40
0.13
 41
1
 50
0
 72
0
 73
2
 0
INSERT
 8
SIMBOLOGIA_GRAFICA
 6
CONTINUOUS
 62
30
 2
CONTADOR_GAS
10
23.111181
20
-9.522489
30
0
41
0.0565
42
0.0565
43
1
 50
0
 0
TEXT
 8
SIMBOLOGIA_GRAFICA
 6
CONTINUOUS
 62
30
10
24.111181
20
-9.522489
30
0
11
24.111181
21
-9.522489
31
0
 1
Contador gas
 7
ROMANS
 40
0.13
 41
1
 50
0
 72
0
 73
2
 0
ENDSEC
 0
EOF
